{
"type": "FeatureCollection",
"name": "precincts",
"crs": { "type": "name", "properties": { "name": "urn:ogc:def:crs:OGC:1.3:CRS84" } },
"features": [
{ "type": "Feature", "properties": { "precinct_id": "COOK:9600011", "name": "COOK:Wheeling Precinct 11" }, "geometry": { "type": "Polygon", "coordinates": [ [ [ -87.892133847340077, 42.080425873406057, 0.0 ], [ -87.889828847887514, 42.080249873341259, 0.0 ], [ -87.888072846649479, 42.080370873213759, 0.0 ], [ -87.8879838449499, 42.072144872528582, 0.0 ], [ -87.888267845789414, 42.069199871875782, 0.0 ], [ -87.888273844724495, 42.06600487099977, 0.0 ], [ -87.891820464102068, 42.066025870871528, 0.0 ], [ -87.893634, 42.071887, 0.0 ], [ -87.893654, 42.073297, 0.0 ], [ -87.896056, 42.073318, 0.0 ], [ -87.895149, 42.074764, 0.0 ], [ -87.897955, 42.074791, 0.0 ], [ -87.897947, 42.076279, 0.0 ], [ -87.900888, 42.076275, 0.0 ], [ -87.901732, 42.078314, 0.0 ], [ -87.901922, 42.07832, 0.0 ], [ -87.902927, 42.079765, 0.0 ], [ -87.907713, 42.079829, 0.0 ], [ -87.90772185190778, 42.080646872305238, 0.0 ], [ -87.892133847340077, 42.080425873406057, 0.0 ] ] ] } },
{ "type": "Feature", "properties": { "precinct_id": "COOK:8300039", "name": "COOK:Northfield Precinct 39" }, "geometry": { "type": "Polygon", "coordinates": [ [ [ -87.866307840193926, 42.082975874897876, 0.0 ], [ -87.867660838449126, 42.065906872546698, 0.0 ], [ -87.888273844724495, 42.06600487099977, 0.0 ], [ -87.888267845789414, 42.069199871875782, 0.0 ], [ -87.8879838449499, 42.072144872528582, 0.0 ], [ -87.887978847054569, 42.087317874835293, 0.0 ], [ -87.884064845307705, 42.087755874648636, 0.0 ], [ -87.87588684290958, 42.086568874860468, 0.0 ], [ -87.873136843646165, 42.086573874902108, 0.0 ], [ -87.870200841914126, 42.086902875071068, 0.0 ], [ -87.866307840193926, 42.082975874897876, 0.0 ] ] ] } },
{ "type": "Feature", "properties": { "precinct_id": "COOK:9600056", "name": "COOK:Wheeling Precinct 56" }, "geometry": { "type": "Polygon", "coordinates": [ [ [ -87.898493849798939, 42.085643874415396, 0.0 ], [ -87.895834849995097, 42.085401873738988, 0.0 ], [ -87.895804848616052, 42.084114873413156, 0.0 ], [ -87.895099849049842, 42.083027873982033, 0.0 ], [ -87.895096848773449, 42.082382873489827, 0.0 ], [ -87.894242848052926, 42.082463873967704, 0.0 ], [ -87.893685848674849, 42.082860872892248, 0.0 ], [ -87.892625847360009, 42.082683873123329, 0.0 ], [ -87.89271084792793, 42.080470873146346, 0.0 ], [ -87.90772185190778, 42.080646872305238, 0.0 ], [ -87.90770985333485, 42.08793387293364, 0.0 ], [ -87.902810851827525, 42.087852873813389, 0.0 ], [ -87.902810851419034, 42.086203873422946, 0.0 ], [ -87.902289851022161, 42.08556987274477, 0.0 ], [ -87.901693850378308, 42.085426874030425, 0.0 ], [ -87.899763850590915, 42.085389873827452, 0.0 ], [ -87.898852850823189, 42.085142872988868, 0.0 ], [ -87.898493849798939, 42.085643874415396, 0.0 ] ] ] } },
{ "type": "Feature", "properties": { "precinct_id": "COOK:9600067", "name": "COOK:Wheeling Precinct 67" }, "geometry": { "type": "Polygon", "coordinates": [ [ [ -87.887978847054569, 42.087317874835293, 0.0 ], [ -87.888072846649479, 42.080370873213759, 0.0 ], [ -87.889828847887514, 42.080249873341259, 0.0 ], [ -87.89271084792793, 42.080470873146346, 0.0 ], [ -87.892625847360009, 42.082683873123329, 0.0 ], [ -87.893685848674849, 42.082860872892248, 0.0 ], [ -87.894242848052926, 42.082463873967704, 0.0 ], [ -87.895096848773449, 42.082382873489827, 0.0 ], [ -87.895099849049842, 42.083027873982033, 0.0 ], [ -87.895804848616052, 42.084114873413156, 0.0 ], [ -87.895834849995097, 42.085401873738988, 0.0 ], [ -87.897632849873034, 42.085422873426815, 0.0 ], [ -87.898493849798939, 42.085643874415396, 0.0 ], [ -87.897938850001296, 42.086681873693934, 0.0 ], [ -87.897917850819923, 42.091516874334637, 0.0 ], [ -87.897247850153605, 42.09250987542066, 0.0 ], [ -87.89722485016641, 42.095075875358354, 0.0 ], [ -87.890824849731558, 42.095017875961574, 0.0 ], [ -87.891973848783238, 42.087553874909382, 0.0 ], [ -87.889977847207916, 42.087226874264921, 0.0 ], [ -87.887978847054569, 42.087317874835293, 0.0 ] ] ] } },
{ "type": "Feature", "properties": { "precinct_id": "COOK:9600068", "name": "COOK:Wheeling Precinct 68" }, "geometry": { "type": "Polygon", "coordinates": [ [ [ -87.936798861679989, 42.08803687241533, 0.0 ], [ -87.927149858819433, 42.08785387187541, 0.0 ], [ -87.927155859372178, 42.086717872659698, 0.0 ], [ -87.927551858737488, 42.085773871733821, 0.0 ], [ -87.926995859256081, 42.085656872274697, 0.0 ], [ -87.923478856910251, 42.085796872221607, 0.0 ], [ -87.923472856589697, 42.086369872254281, 0.0 ], [ -87.921145857203257, 42.086358872883785, 0.0 ], [ -87.921020856234094, 42.084653871485912, 0.0 ], [ -87.919462856174192, 42.082267871938519, 0.0 ], [ -87.919429855606637, 42.080700871809412, 0.0 ], [ -87.936075670226344, 42.080758904410516, 0.0 ], [ -87.945271864874201, 42.088064871039634, 0.0 ], [ -87.940775862117661, 42.088038872097592, 0.0 ], [ -87.940777862477333, 42.086768871900055, 0.0 ], [ -87.938576862179389, 42.086758871192899, 0.0 ], [ -87.938732861492525, 42.085650870737467, 0.0 ], [ -87.937187860838804, 42.085601871844752, 0.0 ], [ -87.936800861428964, 42.08560587144229, 0.0 ], [ -87.936798861679989, 42.08803687241533, 0.0 ] ] ] } },
{ "type": "Feature", "properties": { "precinct_id": "COOK:9600065", "name": "COOK:Wheeling Precinct 65" }, "geometry": { "type": "Polygon", "coordinates": [ [ [ -87.908835853511803, 42.091540873591335, 0.0 ], [ -87.908028853538397, 42.090214873953336, 0.0 ], [ -87.907730853828269, 42.089212873756921, 0.0 ], [ -87.90772185190778, 42.080646872305238, 0.0 ], [ -87.919429855606637, 42.080700871809412, 0.0 ], [ -87.919462856174192, 42.082267871938519, 0.0 ], [ -87.921020856234094, 42.084653871485912, 0.0 ], [ -87.921145857203257, 42.086358872883785, 0.0 ], [ -87.923472856589697, 42.086369872254281, 0.0 ], [ -87.923478856910251, 42.085796872221607, 0.0 ], [ -87.925326857524041, 42.085651871592027, 0.0 ], [ -87.927551858737488, 42.085773871733821, 0.0 ], [ -87.927155859372178, 42.086717872659698, 0.0 ], [ -87.927149858819433, 42.08785387187541, 0.0 ], [ -87.91490185530192, 42.087817873366468, 0.0 ], [ -87.914871854501385, 42.091560873788637, 0.0 ], [ -87.908835853511803, 42.091540873591335, 0.0 ] ] ] } },
{ "type": "Feature", "properties": { "precinct_id": "MCHENRY:ALG 20", "name": "MCHENRY:ALG 20" }, "geometry": { "type": "Polygon", "coordinates": [ [ [ -88.326043057459728, 42.153913776892566, 0.0 ], [ -88.332633641216916, 42.153951100704298, 0.0 ], [ -88.332599983868874, 42.155246861517796, 0.0 ], [ -88.33334898516263, 42.155497861606541, 0.0 ], [ -88.334238984541642, 42.155567861219367, 0.0 ], [ -88.334249985481222, 42.155810860561267, 0.0 ], [ -88.335840985642932, 42.155814860272656, 0.0 ], [ -88.335622985430561, 42.161250862031352, 0.0 ], [ -88.334416986331888, 42.161336861477821, 0.0 ], [ -88.33146534368052, 42.163368243217391, 0.0 ], [ -88.328755699400361, 42.164289521511918, 0.0 ], [ -88.324281221596266, 42.164492201123494, 0.0 ], [ -88.322797451025068, 42.164983272805429, 0.0 ], [ -88.320947302939999, 42.165078706494434, 0.0 ], [ -88.320992514730548, 42.163756027201046, 0.0 ], [ -88.319614490112116, 42.162945720945864, 0.0 ], [ -88.31977225441905, 42.162383907893748, 0.0 ], [ -88.319134008781248, 42.162243440111993, 0.0 ], [ -88.317856585553614, 42.162340801200109, 0.0 ], [ -88.317900234071416, 42.161065197368266, 0.0 ], [ -88.325827898654239, 42.161143977742803, 0.0 ], [ -88.326043057459728, 42.153913776892566, 0.0 ] ] ] } },
{ "type": "Feature", "properties": { "precinct_id": "MCHENRY:ALG 21", "name": "MCHENRY:ALG 21" }, "geometry": { "type": "Polygon", "coordinates": [ [ [ -88.316048647495876, 42.164770964364273, 0.0 ], [ -88.306726018637065, 42.16478317635903, 0.0 ], [ -88.30672983496757, 42.164564771782644, 0.0 ], [ -88.306287212836182, 42.164565409246038, 0.0 ], [ -88.306335450956993, 42.161284784850615, 0.0 ], [ -88.306967738609771, 42.161648940897436, 0.0 ], [ -88.307067665112186, 42.161359485556829, 0.0 ], [ -88.308021728739902, 42.161908937482238, 0.0 ], [ -88.309183857929469, 42.160654736215783, 0.0 ], [ -88.307676123544056, 42.160097788864462, 0.0 ], [ -88.306148436985353, 42.159944012669129, 0.0 ], [ -88.307044351260345, 42.159317022846061, 0.0 ], [ -88.306259772225843, 42.158935049332563, 0.0 ], [ -88.306406402702137, 42.158790494992708, 0.0 ], [ -88.306732145370503, 42.158962381420061, 0.0 ], [ -88.307300757396376, 42.158326861078557, 0.0 ], [ -88.307294856522603, 42.158145801353179, 0.0 ], [ -88.307040998394399, 42.158150299000326, 0.0 ], [ -88.307018416548743, 42.157465001986488, 0.0 ], [ -88.301514183802595, 42.157583608211532, 0.0 ], [ -88.301516036213968, 42.153885438936562, 0.0 ], [ -88.308688061271113, 42.153756894536293, 0.0 ], [ -88.326043057459728, 42.153913776892566, 0.0 ], [ -88.325827898654239, 42.161143977742803, 0.0 ], [ -88.317900234071416, 42.161065197368266, 0.0 ], [ -88.317856585553614, 42.162340801200109, 0.0 ], [ -88.319134008781248, 42.162243440111993, 0.0 ], [ -88.31977225441905, 42.162383907893748, 0.0 ], [ -88.319614490112116, 42.162945720945864, 0.0 ], [ -88.320992514730548, 42.163756027201046, 0.0 ], [ -88.320947302939999, 42.165078706494434, 0.0 ], [ -88.31863498052671, 42.165889864160384, 0.0 ], [ -88.31705998138159, 42.167175863981129, 0.0 ], [ -88.315961022529095, 42.167290318598809, 0.0 ], [ -88.316048647495876, 42.164770964364273, 0.0 ] ] ] } },
{ "type": "Feature", "properties": { "precinct_id": "MCHENRY:ALG 18", "name": "MCHENRY:ALG 18" }, "geometry": { "type": "Polygon", "coordinates": [ [ [ -88.344900855552339, 42.173120828914648, 0.0 ], [ -88.34405653587072, 42.17260172211185, 0.0 ], [ -88.343759852401334, 42.172056683200147, 0.0 ], [ -88.335276390661519, 42.172040923431311, 0.0 ], [ -88.335188195663548, 42.168510934772037, 0.0 ], [ -88.335840985642932, 42.155814860272656, 0.0 ], [ -88.334249985481222, 42.155810860561267, 0.0 ], [ -88.334238984541642, 42.155567861219367, 0.0 ], [ -88.33334898516263, 42.155497861606541, 0.0 ], [ -88.332599983868874, 42.155246861517796, 0.0 ], [ -88.332633641216916, 42.153951100704298, 0.0 ], [ -88.354416556501761, 42.154042734697988, 0.0 ], [ -88.354457289969801, 42.162554560790944, 0.0 ], [ -88.353561080916649, 42.162559125435607, 0.0 ], [ -88.353562247372594, 42.163326219831603, 0.0 ], [ -88.35153359646695, 42.163318903410087, 0.0 ], [ -88.351492871642805, 42.164848350562615, 0.0 ], [ -88.352119923415941, 42.164848770871586, 0.0 ], [ -88.352103760283839, 42.166947538366394, 0.0 ], [ -88.3505412435171, 42.166946439218954, 0.0 ], [ -88.350635715794652, 42.170486294196643, 0.0 ], [ -88.350310663952627, 42.170942856339003, 0.0 ], [ -88.350097841805592, 42.170903262632763, 0.0 ], [ -88.349802026776459, 42.172032458155634, 0.0 ], [ -88.345904942645788, 42.172046781838496, 0.0 ], [ -88.345823050504677, 42.172812703818849, 0.0 ], [ -88.344900855552339, 42.173120828914648, 0.0 ] ] ] } },
{ "type": "Feature", "properties": { "precinct_id": "MCHENRY:ALG 60", "name": "MCHENRY:ALG 60" }, "geometry": { "type": "Polygon", "coordinates": [ [ [ -88.209189804513144, 42.192331445167127, 0.0 ], [ -88.209184614422725, 42.192664245749611, 0.0 ], [ -88.199513816158273, 42.187677904535491, 0.0 ], [ -88.199774718517091, 42.168756081004325, 0.0 ], [ -88.199476294204004, 42.16150503649294, 0.0 ], [ -88.199584, 42.15426, 0.0 ], [ -88.238413584723517, 42.154259062099243, 0.0 ], [ -88.247963563965726, 42.15369051607248, 0.0 ], [ -88.257717479803532, 42.154127062760914, 0.0 ], [ -88.257514472628984, 42.161346825129158, 0.0 ], [ -88.257464154569107, 42.183177521040669, 0.0 ], [ -88.247917630634205, 42.18331844357175, 0.0 ], [ -88.247911567158212, 42.186753637892764, 0.0 ], [ -88.238968058452159, 42.186973980858774, 0.0 ], [ -88.238162757499182, 42.186700851651025, 0.0 ], [ -88.238212340825754, 42.190594741445153, 0.0 ], [ -88.232776963564788, 42.190566451478368, 0.0 ], [ -88.232773567144321, 42.190265116608948, 0.0 ], [ -88.232433103914786, 42.190255597704862, 0.0 ], [ -88.232356147967394, 42.18978074285355, 0.0 ], [ -88.232007318719766, 42.189767208990268, 0.0 ], [ -88.232095784186853, 42.18966454675288, 0.0 ], [ -88.231411711676614, 42.189265907065085, 0.0 ], [ -88.231195128793388, 42.187939624846386, 0.0 ], [ -88.230882945862405, 42.187776944165435, 0.0 ], [ -88.230381228504513, 42.187620986291272, 0.0 ], [ -88.229513829136877, 42.187590759408899, 0.0 ], [ -88.228801742875532, 42.187779777973901, 0.0 ], [ -88.228074334599256, 42.187639800534029, 0.0 ], [ -88.226978714409057, 42.188380363079915, 0.0 ], [ -88.224709159551921, 42.18771459890695, 0.0 ], [ -88.221213066512163, 42.185970366588656, 0.0 ], [ -88.220497977516231, 42.185977678159261, 0.0 ], [ -88.220514673455483, 42.186880481748027, 0.0 ], [ -88.214217819293879, 42.186876805760363, 0.0 ], [ -88.214098189954555, 42.193437563878192, 0.0 ], [ -88.212770114013651, 42.193422866727893, 0.0 ], [ -88.212757728943899, 42.193998514456041, 0.0 ], [ -88.212964288638048, 42.194105559883894, 0.0 ], [ -88.212622580079767, 42.19410179771026, 0.0 ], [ -88.209189804513144, 42.192331445167127, 0.0 ] ] ] } },
{ "type": "Feature", "properties": { "precinct_id": "MCHENRY:ALG 55", "name": "MCHENRY:ALG 55" }, "geometry": { "type": "Polygon", "coordinates": [ [ [ -88.218038097229964, 42.196833316359715, 0.0 ], [ -88.212622580079767, 42.19410179771026, 0.0 ], [ -88.212964288638048, 42.194105559883894, 0.0 ], [ -88.212757728943899, 42.193998514456041, 0.0 ], [ -88.212770114013651, 42.193422866727893, 0.0 ], [ -88.214098189954555, 42.193437563878192, 0.0 ], [ -88.214217819293879, 42.186876805760363, 0.0 ], [ -88.220514673455483, 42.186880481748027, 0.0 ], [ -88.220497977516231, 42.185977678159261, 0.0 ], [ -88.221213066512163, 42.185970366588656, 0.0 ], [ -88.224709159551921, 42.18771459890695, 0.0 ], [ -88.226978714409057, 42.188380363079915, 0.0 ], [ -88.228074334599256, 42.187639800534029, 0.0 ], [ -88.228801742875532, 42.187779777973901, 0.0 ], [ -88.229513829136877, 42.187590759408899, 0.0 ], [ -88.230381228504513, 42.187620986291272, 0.0 ], [ -88.231195128793388, 42.187939624846386, 0.0 ], [ -88.231411711676614, 42.189265907065085, 0.0 ], [ -88.232095784186853, 42.18966454675288, 0.0 ], [ -88.232007318719766, 42.189767208990268, 0.0 ], [ -88.232356147967394, 42.18978074285355, 0.0 ], [ -88.232433103914786, 42.190255597704862, 0.0 ], [ -88.232776826273891, 42.190373512772155, 0.0 ], [ -88.229172645980796, 42.190209354118785, 0.0 ], [ -88.228907068520869, 42.191670793950621, 0.0 ], [ -88.226507448976363, 42.191769555812627, 0.0 ], [ -88.223857566051294, 42.192723778096223, 0.0 ], [ -88.219587713049407, 42.195958722930285, 0.0 ], [ -88.218038097229964, 42.196833316359715, 0.0 ] ] ] } },
{ "type": "Feature", "properties": { "precinct_id": "MCHENRY:ALG 45", "name": "MCHENRY:ALG 45" }, "geometry": { "type": "Polygon", "coordinates": [ [ [ -88.277204688576276, 42.161844052142946, 0.0 ], [ -88.263260864059802, 42.154224048242817, 0.0 ], [ -88.262079130304812, 42.153940592303684, 0.0 ], [ -88.267106806933342, 42.153709472279068, 0.0 ], [ -88.277271306121619, 42.153986395664901, 0.0 ], [ -88.28702929548156, 42.153778544989528, 0.0 ], [ -88.292653779944558, 42.153882635638219, 0.0 ], [ -88.292560205639546, 42.154925126613954, 0.0 ], [ -88.292871009946552, 42.155501218283852, 0.0 ], [ -88.294214704231138, 42.156942354324229, 0.0 ], [ -88.294152443240748, 42.158230074384697, 0.0 ], [ -88.294545746821512, 42.159022004834227, 0.0 ], [ -88.294502831809098, 42.160092488718483, 0.0 ], [ -88.29380848035234, 42.161505763746682, 0.0 ], [ -88.292315176082766, 42.159516920289015, 0.0 ], [ -88.291991633146921, 42.159648056786111, 0.0 ], [ -88.290554215295657, 42.157677873202552, 0.0 ], [ -88.28746277413498, 42.157655220146637, 0.0 ], [ -88.287459224310496, 42.157922799067798, 0.0 ], [ -88.286972651532437, 42.157919228249327, 0.0 ], [ -88.286963999848297, 42.158554134598361, 0.0 ], [ -88.287388049819498, 42.1587292432948, 0.0 ], [ -88.287018942918579, 42.159225481163908, 0.0 ], [ -88.286479934163054, 42.159193732768117, 0.0 ], [ -88.28585231493814, 42.160027663135601, 0.0 ], [ -88.284048918806391, 42.160008269958752, 0.0 ], [ -88.283866019208475, 42.163748771044503, 0.0 ], [ -88.279691664504924, 42.162986468133596, 0.0 ], [ -88.277204688576276, 42.161844052142946, 0.0 ] ] ] } },
{ "type": "Feature", "properties": { "precinct_id": "MCHENRY:ALG 61", "name": "MCHENRY:ALG 61" }, "geometry": { "type": "Polygon", "coordinates": [ [ [ -88.257537718279607, 42.164768716416248, 0.0 ], [ -88.257717479803532, 42.154127062760914, 0.0 ], [ -88.262079130304812, 42.153940592303684, 0.0 ], [ -88.262805845281747, 42.154041904625558, 0.0 ], [ -88.267455895075045, 42.15651769277774, 0.0 ], [ -88.267412278156428, 42.164748800718037, 0.0 ], [ -88.266696700316686, 42.164751268307448, 0.0 ], [ -88.266640716830253, 42.163824687322268, 0.0 ], [ -88.26467242434444, 42.162370666608815, 0.0 ], [ -88.264324509963743, 42.162631863700867, 0.0 ], [ -88.263818352328556, 42.162258713641592, 0.0 ], [ -88.260861770173548, 42.162361270778916, 0.0 ], [ -88.261787653173599, 42.16377066854524, 0.0 ], [ -88.262004678054439, 42.164837850911553, 0.0 ], [ -88.257537718279607, 42.164768716416248, 0.0 ] ] ] } },
{ "type": "Feature", "properties": { "precinct_id": "MCHENRY:ALG 42", "name": "MCHENRY:ALG 42" }, "geometry": { "type": "Polygon", "coordinates": [ [ [ -88.301411765955521, 42.168441554950931, 0.0 ], [ -88.298929356826463, 42.168495912527142, 0.0 ], [ -88.29380848035234, 42.161505763746682, 0.0 ], [ -88.294502831809098, 42.160092488718483, 0.0 ], [ -88.294545746821512, 42.159022004834227, 0.0 ], [ -88.294152443240748, 42.158230074384697, 0.0 ], [ -88.294214704231138, 42.156942354324229, 0.0 ], [ -88.292871009946552, 42.155501218283852, 0.0 ], [ -88.292560205639546, 42.154925126613954, 0.0 ], [ -88.292653779944558, 42.153882635638219, 0.0 ], [ -88.301516036213968, 42.153885438936562, 0.0 ], [ -88.301514183802595, 42.157583608211532, 0.0 ], [ -88.307018416548743, 42.157465001986488, 0.0 ], [ -88.307040998394399, 42.158150299000326, 0.0 ], [ -88.307294856522603, 42.158145801353179, 0.0 ], [ -88.307300757396376, 42.158326861078557, 0.0 ], [ -88.306732145370503, 42.158962381420061, 0.0 ], [ -88.306406402702137, 42.158790494992708, 0.0 ], [ -88.306259772225843, 42.158935049332563, 0.0 ], [ -88.307044351260345, 42.159317022846061, 0.0 ], [ -88.306148436985353, 42.159944012669129, 0.0 ], [ -88.307676123544056, 42.160097788864462, 0.0 ], [ -88.309183857929469, 42.160654736215783, 0.0 ], [ -88.308021728739902, 42.161908937482238, 0.0 ], [ -88.307067665112186, 42.161359485556829, 0.0 ], [ -88.306967738609771, 42.161648940897436, 0.0 ], [ -88.306335450956993, 42.161284784850615, 0.0 ], [ -88.306287212836182, 42.164565409246038, 0.0 ], [ -88.30672983496757, 42.164564771782644, 0.0 ], [ -88.306725149788349, 42.164832185963434, 0.0 ], [ -88.305843617947701, 42.165446141543292, 0.0 ], [ -88.306275686990688, 42.165730893080088, 0.0 ], [ -88.306243543663371, 42.168621714692136, 0.0 ], [ -88.305495474112661, 42.168427965156482, 0.0 ], [ -88.305461196359005, 42.170298930362563, 0.0 ], [ -88.30458242469021, 42.170732560192327, 0.0 ], [ -88.301411765955521, 42.168441554950931, 0.0 ] ] ] } },
{ "type": "Feature", "properties": { "precinct_id": "MCHENRY:ALG 19", "name": "MCHENRY:ALG 19" }, "geometry": { "type": "Polygon", "coordinates": [ [ [ -88.316333341902748, 42.176689653285152, 0.0 ], [ -88.315912982523542, 42.174581866451227, 0.0 ], [ -88.315974981313687, 42.167288864921879, 0.0 ], [ -88.31705998138159, 42.167175863981129, 0.0 ], [ -88.31863498052671, 42.165889864160384, 0.0 ], [ -88.320466323790043, 42.165175919616459, 0.0 ], [ -88.322933775632876, 42.164959174979707, 0.0 ], [ -88.324281221596308, 42.164492201123494, 0.0 ], [ -88.328755699400361, 42.164289521511918, 0.0 ], [ -88.33146534368052, 42.163368243217391, 0.0 ], [ -88.334416986331888, 42.161336861477821, 0.0 ], [ -88.33545651999728, 42.161262733037894, 0.0 ], [ -88.33518819598109, 42.168521801424845, 0.0 ], [ -88.319339402251373, 42.168493686580192, 0.0 ], [ -88.319313046416326, 42.172082205721608, 0.0 ], [ -88.320718982338164, 42.172083603226859, 0.0 ], [ -88.320710214684482, 42.175767863132378, 0.0 ], [ -88.317005696774814, 42.176601863217741, 0.0 ], [ -88.316333341902748, 42.176689653285152, 0.0 ] ] ] } },
{ "type": "Feature", "properties": { "precinct_id": "MCHENRY:ALG 23", "name": "MCHENRY:ALG 23" }, "geometry": { "type": "Polygon", "coordinates": [ [ [ -88.335266678617074, 42.168521096992407, 0.0 ], [ -88.335374045441739, 42.175706925427249, 0.0 ], [ -88.320710214684482, 42.175767863132378, 0.0 ], [ -88.320718982338164, 42.172083603226859, 0.0 ], [ -88.319313046416326, 42.172082205721608, 0.0 ], [ -88.319339402251373, 42.168493686580192, 0.0 ], [ -88.335266678617074, 42.168521096992407, 0.0 ] ] ] } },
{ "type": "Feature", "properties": { "precinct_id": "MCHENRY:ALG 15", "name": "MCHENRY:ALG 15" }, "geometry": { "type": "Polygon", "coordinates": [ [ [ -88.349805078781415, 42.190098130170384, 0.0 ], [ -88.349828090319775, 42.183038228896862, 0.0 ], [ -88.349549344539852, 42.175632848747306, 0.0 ], [ -88.349733895309441, 42.175631463957586, 0.0 ], [ -88.34971526275541, 42.172032909925314, 0.0 ], [ -88.350097841805592, 42.170903262632763, 0.0 ], [ -88.350310663952627, 42.170942856339003, 0.0 ], [ -88.350635715794652, 42.170486294196643, 0.0 ], [ -88.3505412435171, 42.166946439218954, 0.0 ], [ -88.352103760283839, 42.166947538366394, 0.0 ], [ -88.352119923415941, 42.164848770871586, 0.0 ], [ -88.351492871642805, 42.164848350562615, 0.0 ], [ -88.35153359646695, 42.163318903410087, 0.0 ], [ -88.353562247372594, 42.163326219831603, 0.0 ], [ -88.353561080916649, 42.162559125435607, 0.0 ], [ -88.354457289969801, 42.162554560790944, 0.0 ], [ -88.354594106841375, 42.190086040774759, 0.0 ], [ -88.349805078781415, 42.190098130170384, 0.0 ] ] ] } },
{ "type": "Feature", "properties": { "precinct_id": "MCHENRY:ALG 17", "name": "MCHENRY:ALG 17" }, "geometry": { "type": "Polygon", "coordinates": [ [ [ -88.33545253252953, 42.182894402718532, 0.0 ], [ -88.335276390661519, 42.172040923431311, 0.0 ], [ -88.343759852401334, 42.172056683200147, 0.0 ], [ -88.34405653587072, 42.17260172211185, 0.0 ], [ -88.344421683803446, 42.172666338985664, 0.0 ], [ -88.344709650803352, 42.173103916056711, 0.0 ], [ -88.344900855552339, 42.173120828914648, 0.0 ], [ -88.345823050504677, 42.172812703818849, 0.0 ], [ -88.345904942645788, 42.172046781838496, 0.0 ], [ -88.34971526275541, 42.172032909925314, 0.0 ], [ -88.349733895309441, 42.175631463957586, 0.0 ], [ -88.349549344539852, 42.175632848747306, 0.0 ], [ -88.349753927512793, 42.182886159899574, 0.0 ], [ -88.340429120389814, 42.182868730626943, 0.0 ], [ -88.340292998727804, 42.182752524591294, 0.0 ], [ -88.340075067447856, 42.182870562485036, 0.0 ], [ -88.33545253252953, 42.182894402718532, 0.0 ] ] ] } },
{ "type": "Feature", "properties": { "precinct_id": "MCHENRY:ALG 25", "name": "MCHENRY:ALG 25" }, "geometry": { "type": "Polygon", "coordinates": [ [ [ -88.313319956904039, 42.182851735584087, 0.0 ], [ -88.314956982437153, 42.180333866071727, 0.0 ], [ -88.316966701869191, 42.180382828928053, 0.0 ], [ -88.316434981657252, 42.179672866447213, 0.0 ], [ -88.316863983124634, 42.178597865951353, 0.0 ], [ -88.31642298176196, 42.177640865435059, 0.0 ], [ -88.316333341902748, 42.176689653285152, 0.0 ], [ -88.32082210871468, 42.175754527518841, 0.0 ], [ -88.325550522966637, 42.175701668561253, 0.0 ], [ -88.325513370948045, 42.177520690723391, 0.0 ], [ -88.327748961134347, 42.177519695937285, 0.0 ], [ -88.327655803923463, 42.183320052779052, 0.0 ], [ -88.3261056051049, 42.183334437022509, 0.0 ], [ -88.326576944485609, 42.183476162209239, 0.0 ], [ -88.328649246219712, 42.185100144468514, 0.0 ], [ -88.330177223308013, 42.185313368453137, 0.0 ], [ -88.330129875889028, 42.186217307873726, 0.0 ], [ -88.329741112290975, 42.186361197586322, 0.0 ], [ -88.327877033697206, 42.186320017292481, 0.0 ], [ -88.327199877313049, 42.186013766801835, 0.0 ], [ -88.3267895208825, 42.185097372923956, 0.0 ], [ -88.326125292411589, 42.184828986083723, 0.0 ], [ -88.325254411834848, 42.184832138534965, 0.0 ], [ -88.32483198567985, 42.185047823504412, 0.0 ], [ -88.322204069898206, 42.185000701151857, 0.0 ], [ -88.320625804966852, 42.184585818469273, 0.0 ], [ -88.319045302915598, 42.183881243980096, 0.0 ], [ -88.318603771969151, 42.182887789598112, 0.0 ], [ -88.313319956904039, 42.182851735584087, 0.0 ] ] ] } },
{ "type": "Feature", "properties": { "precinct_id": "MCHENRY:ALG 24", "name": "MCHENRY:ALG 24" }, "geometry": { "type": "Polygon", "coordinates": [ [ [ -88.330293868387173, 42.186602285038774, 0.0 ], [ -88.330177223308013, 42.185313368453137, 0.0 ], [ -88.328649246217765, 42.185100144472877, 0.0 ], [ -88.326576944485609, 42.183476162209239, 0.0 ], [ -88.3261056051049, 42.183334437022509, 0.0 ], [ -88.327655803923463, 42.183320052779052, 0.0 ], [ -88.327748961134347, 42.177519695937285, 0.0 ], [ -88.325513370948045, 42.177520690723391, 0.0 ], [ -88.325550522966637, 42.175701668561253, 0.0 ], [ -88.335374045441739, 42.175706925427249, 0.0 ], [ -88.33545253252953, 42.182894402718532, 0.0 ], [ -88.335201641078129, 42.182895690007982, 0.0 ], [ -88.335205107776758, 42.186623961318546, 0.0 ], [ -88.330293868387173, 42.186602285038774, 0.0 ] ] ] } },
{ "type": "Feature", "properties": { "precinct_id": "COOK:9600040", "name": "COOK:Wheeling Precinct 40" }, "geometry": { "type": "Polygon", "coordinates": [ [ [ -87.976549876020428, 42.109999873270567, 0.0 ], [ -87.965864873015107, 42.110096874288502, 0.0 ], [ -87.966042871461426, 42.106382873100507, 0.0 ], [ -87.967308873256201, 42.10623887390112, 0.0 ], [ -87.97012887323578, 42.106379872882115, 0.0 ], [ -87.97053987360303, 42.106535872480478, 0.0 ], [ -87.970967483585255, 42.106232722181382, 0.0 ], [ -87.976549876020428, 42.109999873270567, 0.0 ] ] ] } },
{ "type": "Feature", "properties": { "precinct_id": "COOK:8300049", "name": "COOK:Northfield Precinct 49" }, "geometry": { "type": "Polygon", "coordinates": [ [ [ -87.858877840609836, 42.100735878854266, 0.0 ], [ -87.858750838603797, 42.094623876931465, 0.0 ], [ -87.858921839035943, 42.092910876700451, 0.0 ], [ -87.859022837363696, 42.077362874485587, 0.0 ], [ -87.859907837999273, 42.076776873626876, 0.0 ], [ -87.865962839639238, 42.08264087558063, 0.0 ], [ -87.866339840195607, 42.085469876110466, 0.0 ], [ -87.867869842536237, 42.090787876505473, 0.0 ], [ -87.868037842489798, 42.095156877139473, 0.0 ], [ -87.865505842011444, 42.095104876724093, 0.0 ], [ -87.865163840686236, 42.095273877536059, 0.0 ], [ -87.863901841140631, 42.095347877320492, 0.0 ], [ -87.862316839560194, 42.095283876989043, 0.0 ], [ -87.861456839316332, 42.095535877326249, 0.0 ], [ -87.861036839642068, 42.095944876753421, 0.0 ], [ -87.860992839461403, 42.096340877454153, 0.0 ], [ -87.861439840148194, 42.096699877888597, 0.0 ], [ -87.862100839674866, 42.096696878079008, 0.0 ], [ -87.862058840551455, 42.097626877841599, 0.0 ], [ -87.861202839660265, 42.097691878243332, 0.0 ], [ -87.86062483993085, 42.09857387829561, 0.0 ], [ -87.859889839782412, 42.099058878610307, 0.0 ], [ -87.859759839873561, 42.100041878103546, 0.0 ], [ -87.859973839452493, 42.100550878136019, 0.0 ], [ -87.858877840609836, 42.100735878854266, 0.0 ] ] ] } },
{ "type": "Feature", "properties": { "precinct_id": "COOK:9600075", "name": "COOK:Wheeling Precinct 75" }, "geometry": { "type": "Polygon", "coordinates": [ [ [ -87.89722485016641, 42.095075875358354, 0.0 ], [ -87.897247850153605, 42.09250987542066, 0.0 ], [ -87.897917850819923, 42.091516874334637, 0.0 ], [ -87.897938850001296, 42.086681873693934, 0.0 ], [ -87.898852850823189, 42.085142872988868, 0.0 ], [ -87.899763850590915, 42.085389873827452, 0.0 ], [ -87.901862851180852, 42.085441873157279, 0.0 ], [ -87.902422851210034, 42.085645874279351, 0.0 ], [ -87.902810851419034, 42.086203873422946, 0.0 ], [ -87.902810851827525, 42.087852873813389, 0.0 ], [ -87.90770985333485, 42.08793387293364, 0.0 ], [ -87.907838853387815, 42.089716873954387, 0.0 ], [ -87.908835853511803, 42.091540873591335, 0.0 ], [ -87.907665853924357, 42.091537873939203, 0.0 ], [ -87.907921854366151, 42.094701874790097, 0.0 ], [ -87.905876853781791, 42.094734874181803, 0.0 ], [ -87.905870853425498, 42.095148874541422, 0.0 ], [ -87.89722485016641, 42.095075875358354, 0.0 ] ] ] } },
{ "type": "Feature", "properties": { "precinct_id": "COOK:9600012", "name": "COOK:Wheeling Precinct 12" }, "geometry": { "type": "Polygon", "coordinates": [ [ [ -87.904957854410554, 42.102394876109187, 0.0 ], [ -87.888079848304301, 42.102133876602984, 0.0 ], [ -87.887978847054569, 42.087317874835293, 0.0 ], [ -87.889977847207916, 42.087226874264921, 0.0 ], [ -87.891973848783238, 42.087553874909382, 0.0 ], [ -87.890824849731558, 42.095017875961574, 0.0 ], [ -87.909103854383687, 42.095171874598329, 0.0 ], [ -87.912252856549117, 42.102443875829948, 0.0 ], [ -87.905840853811782, 42.102404876294827, 0.0 ], [ -87.905857854180553, 42.097592875399393, 0.0 ], [ -87.904980853432434, 42.09758287527729, 0.0 ], [ -87.904957854410554, 42.102394876109187, 0.0 ] ] ] } },
{ "type": "Feature", "properties": { "precinct_id": "COOK:8300027", "name": "COOK:Northfield Precinct 27" }, "geometry": { "type": "Polygon", "coordinates": [ [ [ -87.867940842909405, 42.106587879423344, 0.0 ], [ -87.868010840897782, 42.091781876591384, 0.0 ], [ -87.867641840972084, 42.089761875281241, 0.0 ], [ -87.866339840195607, 42.085469876110466, 0.0 ], [ -87.865962839639238, 42.08264087558063, 0.0 ], [ -87.870200841914126, 42.086902875071068, 0.0 ], [ -87.873136843646165, 42.086573874902108, 0.0 ], [ -87.87588684290958, 42.086568874860468, 0.0 ], [ -87.884064845307705, 42.087755874648636, 0.0 ], [ -87.887978847054569, 42.087317874835293, 0.0 ], [ -87.888079848304301, 42.102133876602984, 0.0 ], [ -87.887896820542281, 42.109409140226333, 0.0 ], [ -87.88392, 42.109494, 0.0 ], [ -87.876545, 42.109246, 0.0 ], [ -87.873249, 42.108736, 0.0 ], [ -87.867940842909405, 42.106587879423344, 0.0 ] ] ] } },
{ "type": "Feature", "properties": { "precinct_id": "COOK:8300045", "name": "COOK:Northfield Precinct 45" }, "geometry": { "type": "Polygon", "coordinates": [ [ [ -87.85879784021715, 42.105652879624877, 0.0 ], [ -87.858877840609836, 42.100735878854266, 0.0 ], [ -87.859973839452493, 42.100550878136019, 0.0 ], [ -87.859759839873561, 42.100041878103546, 0.0 ], [ -87.859889839782412, 42.099058878610307, 0.0 ], [ -87.86062483993085, 42.09857387829561, 0.0 ], [ -87.861202839660265, 42.097691878243332, 0.0 ], [ -87.862058840551455, 42.097626877841599, 0.0 ], [ -87.862141840557086, 42.097364878049511, 0.0 ], [ -87.862100839674866, 42.096696878079008, 0.0 ], [ -87.861439840148194, 42.096699877888597, 0.0 ], [ -87.861028839802231, 42.096435876977502, 0.0 ], [ -87.861204840325854, 42.095719877228767, 0.0 ], [ -87.862191841171878, 42.095293877691596, 0.0 ], [ -87.863901841140631, 42.095347877320492, 0.0 ], [ -87.865163840686236, 42.095273877536059, 0.0 ], [ -87.865505842011444, 42.095104876724093, 0.0 ], [ -87.868037842489798, 42.095156877139473, 0.0 ], [ -87.867940842909405, 42.106587879423344, 0.0 ], [ -87.865226, 42.105862, 0.0 ], [ -87.85879784021715, 42.105652879624877, 0.0 ] ] ] } },
{ "type": "Feature", "properties": { "precinct_id": "COOK:9600016", "name": "COOK:Wheeling Precinct 16" }, "geometry": { "type": "Polygon", "coordinates": [ [ [ -87.892346848953167, 42.102244876432081, 0.0 ], [ -87.897759852050655, 42.102311876963107, 0.0 ], [ -87.897705852352161, 42.104625877037634, 0.0 ], [ -87.892245850664267, 42.104572877551711, 0.0 ], [ -87.892346848953167, 42.102244876432081, 0.0 ] ] ] } },
{ "type": "Feature", "properties": { "precinct_id": "COOK:9600077", "name": "COOK:Wheeling Precinct 77" }, "geometry": { "type": "Polygon", "coordinates": [ [ [ -87.887896820542281, 42.109409140226333, 0.0 ], [ -87.887940848420911, 42.105114877787017, 0.0 ], [ -87.888829849027545, 42.106794878011037, 0.0 ], [ -87.890268849710523, 42.106396877582448, 0.0 ], [ -87.897785852386747, 42.106502877543832, 0.0 ], [ -87.897738851698762, 42.105938877443855, 0.0 ], [ -87.902756853393214, 42.106006876620704, 0.0 ], [ -87.902778852860493, 42.102369876317148, 0.0 ], [ -87.904957854410554, 42.102394876109187, 0.0 ], [ -87.904980853432434, 42.09758287527729, 0.0 ], [ -87.905857854180553, 42.097592875399393, 0.0 ], [ -87.905840853811782, 42.102404876294827, 0.0 ], [ -87.912252856549117, 42.102443875829948, 0.0 ], [ -87.91539165593133, 42.109706008166512, 0.0 ], [ -87.911110856270597, 42.109545876614128, 0.0 ], [ -87.902595853518704, 42.109486877375652, 0.0 ], [ -87.900966, 42.109631, 0.0 ], [ -87.887896820542281, 42.109409140226333, 0.0 ] ] ] } },
{ "type": "Feature", "properties": { "precinct_id": "COOK:9600080", "name": "COOK:Wheeling Precinct 80" }, "geometry": { "type": "Polygon", "coordinates": [ [ [ -87.887940848420911, 42.105114877787017, 0.0 ], [ -87.888079848304301, 42.102133876602984, 0.0 ], [ -87.892275850422379, 42.102243876116475, 0.0 ], [ -87.892245850664267, 42.104572877551711, 0.0 ], [ -87.897705852352161, 42.104625877037634, 0.0 ], [ -87.897759852050655, 42.102311876963107, 0.0 ], [ -87.902778852860493, 42.102369876317148, 0.0 ], [ -87.902756853393214, 42.106006876620704, 0.0 ], [ -87.897738851698762, 42.105938877443855, 0.0 ], [ -87.897785852386747, 42.106502877543832, 0.0 ], [ -87.890268849710523, 42.106396877582448, 0.0 ], [ -87.888829849027545, 42.106794878011037, 0.0 ], [ -87.887940848420911, 42.105114877787017, 0.0 ] ] ] } },
{ "type": "Feature", "properties": { "precinct_id": "COOK:9600046", "name": "COOK:Wheeling Precinct 46" }, "geometry": { "type": "Polygon", "coordinates": [ [ [ -87.958912868753913, 42.098152872553747, 0.0 ], [ -87.956189868153032, 42.09632887206174, 0.0 ], [ -87.956134869184737, 42.099015872572423, 0.0 ], [ -87.951293867433762, 42.09897987293278, 0.0 ], [ -87.951289867026503, 42.095390872842266, 0.0 ], [ -87.954846867457832, 42.095428872226009, 0.0 ], [ -87.953836221356326, 42.094736533937315, 0.0 ], [ -87.958912868753913, 42.098152872553747, 0.0 ] ] ] } },
{ "type": "Feature", "properties": { "precinct_id": "COOK:9600069", "name": "COOK:Wheeling Precinct 69" }, "geometry": { "type": "Polygon", "coordinates": [ [ [ -87.927173860134317, 42.095244873556965, 0.0 ], [ -87.905870853425498, 42.095148874541422, 0.0 ], [ -87.905876853781791, 42.094734874181803, 0.0 ], [ -87.907921854366151, 42.094701874790097, 0.0 ], [ -87.907665853924357, 42.091537873939203, 0.0 ], [ -87.914871854501385, 42.091560873788637, 0.0 ], [ -87.91490185530192, 42.087817873366468, 0.0 ], [ -87.927149858819433, 42.08785387187541, 0.0 ], [ -87.927173860134317, 42.095244873556965, 0.0 ] ] ] } },
{ "type": "Feature", "properties": { "precinct_id": "COOK:9600028", "name": "COOK:Wheeling Precinct 28" }, "geometry": { "type": "Polygon", "coordinates": [ [ [ -87.946445865261907, 42.102584873951123, 0.0 ], [ -87.931335861668643, 42.102499874770366, 0.0 ], [ -87.931949862360284, 42.102243874361193, 0.0 ], [ -87.931945860872617, 42.095265873047715, 0.0 ], [ -87.936774862119762, 42.095280872305089, 0.0 ], [ -87.936800861428964, 42.08560587144229, 0.0 ], [ -87.938522861893858, 42.085610871385917, 0.0 ], [ -87.938732861492525, 42.085650870737467, 0.0 ], [ -87.938576862179389, 42.086758871192899, 0.0 ], [ -87.940777862477333, 42.086768871900055, 0.0 ], [ -87.940775862117661, 42.088038872097592, 0.0 ], [ -87.945271864874201, 42.088064871039634, 0.0 ], [ -87.947698865325421, 42.090092871374267, 0.0 ], [ -87.946874864830988, 42.09065587221194, 0.0 ], [ -87.946528864983605, 42.091289871725287, 0.0 ], [ -87.946445865261907, 42.102584873951123, 0.0 ] ] ] } },
{ "type": "Feature", "properties": { "precinct_id": "COOK:9600060", "name": "COOK:Wheeling Precinct 60" }, "geometry": { "type": "MultiPolygon", "coordinates": [ [ [ [ -87.961073869866368, 42.102689873030045, 0.0 ], [ -87.946445865261907, 42.102584873951123, 0.0 ], [ -87.946528864983605, 42.091289871725287, 0.0 ], [ -87.946874864830988, 42.09065587221194, 0.0 ], [ -87.947698865325421, 42.090092871374267, 0.0 ], [ -87.947080501402397, 42.089573196474696, 0.0 ], [ -87.951174, 42.092923, 0.0 ], [ -87.954846867457832, 42.095428872226009, 0.0 ], [ -87.951289867026503, 42.095390872842266, 0.0 ], [ -87.951293867433762, 42.09897987293278, 0.0 ], [ -87.956134869184737, 42.099015872572423, 0.0 ], [ -87.956189868153032, 42.09632887206174, 0.0 ], [ -87.962531450074849, 42.100570660693585, 0.0 ], [ -87.961546870711231, 42.1015158729153, 0.0 ], [ -87.960954869795444, 42.101236872689789, 0.0 ], [ -87.961073869866368, 42.102689873030045, 0.0 ] ] ], [ [ [ -87.946923735502637, 42.089442202966367, 0.0 ], [ -87.94677286476113, 42.089352871364646, 0.0 ], [ -87.945271864874201, 42.088064871039634, 0.0 ], [ -87.946923735502637, 42.089442202966367, 0.0 ] ] ], [ [ [ -87.96397107058614, 42.101535060507238, 0.0 ], [ -87.968290871752558, 42.10442287288987, 0.0 ], [ -87.967503873123107, 42.105005872965904, 0.0 ], [ -87.966018871554894, 42.103999872812089, 0.0 ], [ -87.966015872246189, 42.103109872514139, 0.0 ], [ -87.965732871550813, 42.102722873299733, 0.0 ], [ -87.964044871040443, 42.102709872913053, 0.0 ], [ -87.96479787083257, 42.102092872423803, 0.0 ], [ -87.96397107058614, 42.101535060507238, 0.0 ] ] ] ] } },
{ "type": "Feature", "properties": { "precinct_id": "COOK:9600061", "name": "COOK:Wheeling Precinct 61" }, "geometry": { "type": "MultiPolygon", "coordinates": [ [ [ [ -87.931018861367619, 42.107148875959595, 0.0 ], [ -87.930092861826154, 42.107185875846312, 0.0 ], [ -87.929112861458279, 42.107454875191998, 0.0 ], [ -87.927095860582511, 42.107192876442973, 0.0 ], [ -87.927087860128296, 42.104334874640344, 0.0 ], [ -87.922242858671197, 42.104297875353431, 0.0 ], [ -87.922253858699847, 42.102480874783076, 0.0 ], [ -87.917391857162215, 42.102458875543569, 0.0 ], [ -87.917400857240068, 42.100654875413554, 0.0 ], [ -87.91587785625714, 42.100652875188665, 0.0 ], [ -87.915696855979547, 42.099739874808485, 0.0 ], [ -87.91305685540155, 42.095187874027175, 0.0 ], [ -87.927173860134317, 42.095244873556965, 0.0 ], [ -87.927149858819433, 42.08785387187541, 0.0 ], [ -87.936798861679989, 42.08803687241533, 0.0 ], [ -87.936774862119762, 42.095280872305089, 0.0 ], [ -87.931945860872617, 42.095265873047715, 0.0 ], [ -87.931949862360284, 42.102243874361193, 0.0 ], [ -87.931335861668643, 42.102499874770366, 0.0 ], [ -87.934357861951881, 42.102523874878202, 0.0 ], [ -87.934366863225321, 42.107696875319192, 0.0 ], [ -87.931018861367619, 42.107148875959595, 0.0 ] ] ], [ [ [ -87.936783863401971, 42.107505875159895, 0.0 ], [ -87.936781863308568, 42.102535873849725, 0.0 ], [ -87.9482328663738, 42.102598873341776, 0.0 ], [ -87.948230255027383, 42.102975661793067, 0.0 ], [ -87.947356740959833, 42.10296241934978, 0.0 ], [ -87.947316264440744, 42.105184112213003, 0.0 ], [ -87.946461866784603, 42.105569874619825, 0.0 ], [ -87.946468866548884, 42.107394874002438, 0.0 ], [ -87.945853097901335, 42.107393417599098, 0.0 ], [ -87.945843447264622, 42.106776168354941, 0.0 ], [ -87.937698825573207, 42.106829848457714, 0.0 ], [ -87.936783863401971, 42.107505875159895, 0.0 ] ] ] ] } },
{ "type": "Feature", "properties": { "precinct_id": "COOK:9600043", "name": "COOK:Wheeling Precinct 43" }, "geometry": { "type": "Polygon", "coordinates": [ [ [ -87.91539165593133, 42.109706008166512, 0.0 ], [ -87.913855856999419, 42.106174876836455, 0.0 ], [ -87.909103854383687, 42.095171874598329, 0.0 ], [ -87.91305685540155, 42.095187874027175, 0.0 ], [ -87.915696855979547, 42.099739874808485, 0.0 ], [ -87.91587785625714, 42.100652875188665, 0.0 ], [ -87.917400857240068, 42.100654875413554, 0.0 ], [ -87.917391857162215, 42.102458875543569, 0.0 ], [ -87.922253858699847, 42.102480874783076, 0.0 ], [ -87.922242858671197, 42.104297875353431, 0.0 ], [ -87.927087860128296, 42.104334874640344, 0.0 ], [ -87.927102932915545, 42.109742029930629, 0.0 ], [ -87.91539165593133, 42.109706008166512, 0.0 ] ] ] } },
{ "type": "Feature", "properties": { "precinct_id": "COOK:9600021", "name": "COOK:Wheeling Precinct 21" }, "geometry": { "type": "Polygon", "coordinates": [ [ [ -87.956047869096338, 42.102650873374749, 0.0 ], [ -87.961073869866368, 42.102689873030045, 0.0 ], [ -87.960954869795444, 42.101236872689789, 0.0 ], [ -87.961546870711231, 42.1015158729153, 0.0 ], [ -87.962531450074849, 42.100570660693585, 0.0 ], [ -87.96479787083257, 42.102092872423803, 0.0 ], [ -87.964044871040443, 42.102709872913053, 0.0 ], [ -87.965732871550813, 42.102722873299733, 0.0 ], [ -87.966015872246189, 42.103109872514139, 0.0 ], [ -87.966018871554894, 42.103999872812089, 0.0 ], [ -87.967503873123107, 42.105005872965904, 0.0 ], [ -87.968290871752558, 42.10442287288987, 0.0 ], [ -87.967710755893293, 42.104040606843938, 0.0 ], [ -87.9685, 42.104546, 0.0 ], [ -87.96841, 42.106365, 0.0 ], [ -87.970967483585255, 42.106232722181382, 0.0 ], [ -87.97053987360303, 42.106535872480478, 0.0 ], [ -87.97012887323578, 42.106379872882115, 0.0 ], [ -87.968415872929896, 42.106372873476118, 0.0 ], [ -87.967308873256201, 42.10623887390112, 0.0 ], [ -87.966042871461426, 42.106382873100507, 0.0 ], [ -87.965867872148308, 42.109986873220137, 0.0 ], [ -87.9604428705224, 42.109943874766927, 0.0 ], [ -87.960423870833225, 42.107609873469016, 0.0 ], [ -87.958991870321441, 42.107571874234885, 0.0 ], [ -87.956700869417801, 42.106775874184933, 0.0 ], [ -87.956124868579067, 42.10671887421379, 0.0 ], [ -87.956047869096338, 42.102650873374749, 0.0 ] ] ] } },
{ "type": "Feature", "properties": { "precinct_id": "COOK:9600047", "name": "COOK:Wheeling Precinct 47" }, "geometry": { "type": "MultiPolygon", "coordinates": [ [ [ [ -87.937698825573207, 42.106829848457714, 0.0 ], [ -87.945843447264622, 42.106776168354941, 0.0 ], [ -87.945853097901335, 42.107393417599098, 0.0 ], [ -87.946468866548884, 42.107394874002438, 0.0 ], [ -87.946461866784603, 42.105569874619825, 0.0 ], [ -87.947316264440744, 42.105184112213003, 0.0 ], [ -87.947356740959833, 42.10296241934978, 0.0 ], [ -87.948230255027383, 42.102975661793067, 0.0 ], [ -87.9482328663738, 42.102598873341776, 0.0 ], [ -87.95189986776596, 42.102621873295291, 0.0 ], [ -87.951906867766724, 42.104421874476436, 0.0 ], [ -87.951299867277967, 42.104421873749722, 0.0 ], [ -87.951310868186411, 42.10693387472854, 0.0 ], [ -87.950306867429404, 42.107115874751536, 0.0 ], [ -87.950291868146309, 42.109861874687411, 0.0 ], [ -87.942465864674517, 42.109823875619945, 0.0 ], [ -87.941593865202165, 42.10914387540992, 0.0 ], [ -87.941614865303592, 42.10739787515638, 0.0 ], [ -87.936783863401971, 42.107505875159895, 0.0 ], [ -87.937698825573207, 42.106829848457714, 0.0 ] ] ], [ [ [ -87.936782863974287, 42.10964787541964, 0.0 ], [ -87.936807864037036, 42.111963875682243, 0.0 ], [ -87.936797864393341, 42.113247875653443, 0.0 ], [ -87.936773548764194, 42.113603283913037, 0.0 ], [ -87.936782, 42.113408, 0.0 ], [ -87.931936, 42.113381, 0.0 ], [ -87.931922, 42.11097, 0.0 ], [ -87.930108, 42.110962, 0.0 ], [ -87.930118, 42.109758, 0.0 ], [ -87.927102932915545, 42.109742029930629, 0.0 ], [ -87.927095860582511, 42.107192876442973, 0.0 ], [ -87.929112861458279, 42.107454875191998, 0.0 ], [ -87.930092861826154, 42.107185875846312, 0.0 ], [ -87.931058861766829, 42.107147875500452, 0.0 ], [ -87.934366863225321, 42.107696875319192, 0.0 ], [ -87.934357861951881, 42.102523874878202, 0.0 ], [ -87.936781863308568, 42.102535873849725, 0.0 ], [ -87.936782863974287, 42.10964787541964, 0.0 ] ] ], [ [ [ -87.936758315701908, 42.113955276459379, 0.0 ], [ -87.936778864444861, 42.117036876748337, 0.0 ], [ -87.936761141590452, 42.117484391740803, 0.0 ], [ -87.936758315701908, 42.113955276459379, 0.0 ] ] ], [ [ [ -87.936763658012993, 42.1186804470262, 0.0 ], [ -87.936768731651355, 42.118831215777881, 0.0 ], [ -87.936769865272566, 42.118864876819295, 0.0 ], [ -87.936764068962674, 42.118864810024704, 0.0 ], [ -87.936763658012993, 42.1186804470262, 0.0 ] ] ] ] } },
{ "type": "Feature", "properties": { "precinct_id": "COOK:9600030", "name": "COOK:Wheeling Precinct 30" }, "geometry": { "type": "Polygon", "coordinates": [ [ [ -87.956183870646967, 42.118613876211327, 0.0 ], [ -87.956183869634415, 42.109910874565209, 0.0 ], [ -87.950291868146309, 42.109861874687411, 0.0 ], [ -87.950306867429404, 42.107115874751536, 0.0 ], [ -87.951310868186411, 42.10693387472854, 0.0 ], [ -87.951299867277967, 42.104421873749722, 0.0 ], [ -87.951906867766724, 42.104421874476436, 0.0 ], [ -87.95189986776596, 42.102621873295291, 0.0 ], [ -87.956047869096338, 42.102650873374749, 0.0 ], [ -87.956124868579067, 42.10671887421379, 0.0 ], [ -87.956700869417801, 42.106775874184933, 0.0 ], [ -87.958991870321441, 42.107571874234885, 0.0 ], [ -87.960423870833225, 42.107609873469016, 0.0 ], [ -87.9604428705224, 42.109943874766927, 0.0 ], [ -87.965867872148308, 42.109986873220137, 0.0 ], [ -87.96587587313951, 42.120420875792952, 0.0 ], [ -87.962443872755671, 42.120354876468326, 0.0 ], [ -87.95977787203654, 42.118641876059762, 0.0 ], [ -87.956183870646967, 42.118613876211327, 0.0 ] ] ] } },
{ "type": "Feature", "properties": { "precinct_id": "COOK:9600054", "name": "COOK:Wheeling Precinct 54" }, "geometry": { "type": "Polygon", "coordinates": [ [ [ -87.951385869304119, 42.124364877377751, 0.0 ], [ -87.941683759079211, 42.124299030797225, 0.0 ], [ -87.941657, 42.120679, 0.0 ], [ -87.93678, 42.120669, 0.0 ], [ -87.936783863401971, 42.107505875159895, 0.0 ], [ -87.941614865303592, 42.10739787515638, 0.0 ], [ -87.941593865202165, 42.10914387540992, 0.0 ], [ -87.942465864674517, 42.109823875619945, 0.0 ], [ -87.946463866348651, 42.109832874911277, 0.0 ], [ -87.946525866742462, 42.116535876349047, 0.0 ], [ -87.951283868418372, 42.116533876223997, 0.0 ], [ -87.951385869304119, 42.124364877377751, 0.0 ] ] ] } },
{ "type": "Feature", "properties": { "precinct_id": "COOK:9600058", "name": "COOK:Wheeling Precinct 58" }, "geometry": { "type": "Polygon", "coordinates": [ [ [ -87.975564876304702, 42.117168874405259, 0.0 ], [ -87.965871873110387, 42.117170875087595, 0.0 ], [ -87.965864873015107, 42.110096874288502, 0.0 ], [ -87.97655200931591, 42.109999883889373, 0.0 ], [ -87.980423, 42.112619, 0.0 ], [ -87.980413905140594, 42.11471365980367, 0.0 ], [ -87.975561875032, 42.114535874082037, 0.0 ], [ -87.975564876304702, 42.117168874405259, 0.0 ] ] ] } },
{ "type": "Feature", "properties": { "precinct_id": "COOK:9600053", "name": "COOK:Wheeling Precinct 53" }, "geometry": { "type": "Polygon", "coordinates": [ [ [ -87.971292875173972, 42.124513876048908, 0.0 ], [ -87.971299875393456, 42.121858875623545, 0.0 ], [ -87.9688788744498, 42.12183987580697, 0.0 ], [ -87.968865874238574, 42.117150874839226, 0.0 ], [ -87.975564876304702, 42.117168874405259, 0.0 ], [ -87.975561875032, 42.114535874082037, 0.0 ], [ -87.980413905140594, 42.11471365980367, 0.0 ], [ -87.980375967684253, 42.124562723464123, 0.0 ], [ -87.971292875173972, 42.124513876048908, 0.0 ] ] ] } },
{ "type": "Feature", "properties": { "precinct_id": "COOK:9600027", "name": "COOK:Wheeling Precinct 27" }, "geometry": { "type": "Polygon", "coordinates": [ [ [ -87.951385869304119, 42.124364877377751, 0.0 ], [ -87.951283868418372, 42.116533876223997, 0.0 ], [ -87.946525866742462, 42.116535876349047, 0.0 ], [ -87.946463866348651, 42.109832874911277, 0.0 ], [ -87.956183869634415, 42.109910874565209, 0.0 ], [ -87.956195870834449, 42.120764876493666, 0.0 ], [ -87.954984870550987, 42.120768875616946, 0.0 ], [ -87.955005869832888, 42.124394877153748, 0.0 ], [ -87.951385869304119, 42.124364877377751, 0.0 ] ] ] } },
{ "type": "Feature", "properties": { "precinct_id": "COOK:9600044", "name": "COOK:Wheeling Precinct 44" }, "geometry": { "type": "Polygon", "coordinates": [ [ [ -87.971292875173972, 42.124513876048908, 0.0 ], [ -87.955005869832888, 42.124394877153748, 0.0 ], [ -87.954984870550987, 42.120768875616946, 0.0 ], [ -87.956195870834449, 42.120764876493666, 0.0 ], [ -87.956223870037206, 42.118638875995686, 0.0 ], [ -87.95977787203654, 42.118641876059762, 0.0 ], [ -87.962443872755671, 42.120354876468326, 0.0 ], [ -87.96587587313951, 42.120420875792952, 0.0 ], [ -87.965871873110387, 42.117170875087595, 0.0 ], [ -87.968865874238574, 42.117150874839226, 0.0 ], [ -87.9688788744498, 42.12183987580697, 0.0 ], [ -87.971299875393456, 42.121858875623545, 0.0 ], [ -87.971292875173972, 42.124513876048908, 0.0 ] ] ] } },
{ "type": "Feature", "properties": { "precinct_id": "COOK:9600048", "name": "COOK:Wheeling Precinct 48" }, "geometry": { "type": "MultiPolygon", "coordinates": [ [ [ [ -87.937076618597331, 42.120669608198888, 0.0 ], [ -87.93777986514182, 42.12066587760615, 0.0 ], [ -87.939056063262768, 42.120673666933072, 0.0 ], [ -87.937076618597331, 42.120669608198888, 0.0 ] ] ], [ [ [ -87.941657045587334, 42.12068685838787, 0.0 ], [ -87.941672866854034, 42.12333787746465, 0.0 ], [ -87.941683759079211, 42.124299030797225, 0.0 ], [ -87.941678, 42.124299, 0.0 ], [ -87.941657045587334, 42.12068685838787, 0.0 ] ] ], [ [ [ -87.942244866534352, 42.124309877410518, 0.0 ], [ -87.946540868434639, 42.1243278775286, 0.0 ], [ -87.946553869110318, 42.127314877965631, 0.0 ], [ -87.94652986931186, 42.131522878297211, 0.0 ], [ -87.946543, 42.125697, 0.0 ], [ -87.942736, 42.125681, 0.0 ], [ -87.942244866534352, 42.124309877410518, 0.0 ] ] ] ] } },
{ "type": "Feature", "properties": { "precinct_id": "COOK:9600017", "name": "COOK:Wheeling Precinct 17" }, "geometry": { "type": "Polygon", "coordinates": [ [ [ -87.951475869479481, 42.131438878150959, 0.0 ], [ -87.949735870265627, 42.131423878550585, 0.0 ], [ -87.949746869877643, 42.129633878102659, 0.0 ], [ -87.951155869574151, 42.129632878130906, 0.0 ], [ -87.951071869213635, 42.12794487859766, 0.0 ], [ -87.956204871189854, 42.128113877404772, 0.0 ], [ -87.956208871499399, 42.126430877091643, 0.0 ], [ -87.961022872845049, 42.126231876641846, 0.0 ], [ -87.961165872900722, 42.126826877384637, 0.0 ], [ -87.961029873773867, 42.132396877597756, 0.0 ], [ -87.959133872487257, 42.13238187793457, 0.0 ], [ -87.959135872383143, 42.131673878081919, 0.0 ], [ -87.951474871275735, 42.131606878309761, 0.0 ], [ -87.951475869479481, 42.131438878150959, 0.0 ] ] ] } },
{ "type": "Feature", "properties": { "precinct_id": "COOK:9600079", "name": "COOK:Wheeling Precinct 79" }, "geometry": { "type": "Polygon", "coordinates": [ [ [ -87.946474245567288, 42.138747171400013, 0.0 ], [ -87.946540868434639, 42.1243278775286, 0.0 ], [ -87.961023872058675, 42.124443876403056, 0.0 ], [ -87.961022872845049, 42.126231876641846, 0.0 ], [ -87.956208871499399, 42.126430877091643, 0.0 ], [ -87.956204871189854, 42.128113877404772, 0.0 ], [ -87.951071869213635, 42.12794487859766, 0.0 ], [ -87.951155869574151, 42.129632878130906, 0.0 ], [ -87.949746869877643, 42.129633878102659, 0.0 ], [ -87.949735870265627, 42.131423878550585, 0.0 ], [ -87.951475869479481, 42.131438878150959, 0.0 ], [ -87.951351870366423, 42.135224879344051, 0.0 ], [ -87.949362870845775, 42.135210879624836, 0.0 ], [ -87.949274870542368, 42.138807042386581, 0.0 ], [ -87.946474245567288, 42.138747171400013, 0.0 ] ] ] } },
{ "type": "Feature", "properties": { "precinct_id": "COOK:9600070", "name": "COOK:Wheeling Precinct 70" }, "geometry": { "type": "Polygon", "coordinates": [ [ [ -87.949274870320423, 42.138767880467455, 0.0 ], [ -87.949362870845775, 42.135210879624836, 0.0 ], [ -87.951351870366423, 42.135224879344051, 0.0 ], [ -87.951355870878118, 42.131604878770496, 0.0 ], [ -87.959135872383143, 42.131673878081919, 0.0 ], [ -87.959133872487257, 42.13238187793457, 0.0 ], [ -87.961029873773867, 42.132396877597756, 0.0 ], [ -87.961028874039371, 42.133930878292752, 0.0 ], [ -87.957385872402213, 42.134156878722713, 0.0 ], [ -87.957386872199962, 42.136569879128039, 0.0 ], [ -87.960656873215768, 42.136372878618609, 0.0 ], [ -87.958834873574034, 42.137568878619305, 0.0 ], [ -87.958598873145831, 42.138910879453789, 0.0 ], [ -87.949274870320423, 42.138767880467455, 0.0 ] ] ] } },
{ "type": "Feature", "properties": { "precinct_id": "COOK:9600008", "name": "COOK:Wheeling Precinct 8" }, "geometry": { "type": "Polygon", "coordinates": [ [ [ -87.961028873717567, 42.133884878049251, 0.0 ], [ -87.961165872900722, 42.126826877384637, 0.0 ], [ -87.961023872058675, 42.124443876403056, 0.0 ], [ -87.980375967684253, 42.124562723464123, 0.0 ], [ -87.980345948136403, 42.129166178270808, 0.0 ], [ -87.979685878166535, 42.129182876662668, 0.0 ], [ -87.979512878553834, 42.129438876825361, 0.0 ], [ -87.971629876288205, 42.129213876167171, 0.0 ], [ -87.970120577955186, 42.129315145732505, 0.0 ], [ -87.970116875865941, 42.131429877256309, 0.0 ], [ -87.970730875666376, 42.131382876767105, 0.0 ], [ -87.970723498982011, 42.131997397337145, 0.0 ], [ -87.969979876533287, 42.131937878144335, 0.0 ], [ -87.969887874866075, 42.128637876779933, 0.0 ], [ -87.96895587472379, 42.128636877272811, 0.0 ], [ -87.96893987543406, 42.131938878111725, 0.0 ], [ -87.968425875267968, 42.132652877525111, 0.0 ], [ -87.965621875064841, 42.133585877598101, 0.0 ], [ -87.96562387484262, 42.134009878717272, 0.0 ], [ -87.961028873717567, 42.133884878049251, 0.0 ] ] ] } },
{ "type": "Feature", "properties": { "precinct_id": "COOK:9600052", "name": "COOK:Wheeling Precinct 52" }, "geometry": { "type": "Polygon", "coordinates": [ [ [ -87.97068987576472, 42.1359518781275, 0.0 ], [ -87.966231875803416, 42.135798878151739, 0.0 ], [ -87.966201874149149, 42.133990877582981, 0.0 ], [ -87.965626875324958, 42.134090878075781, 0.0 ], [ -87.965621875064841, 42.133585877598101, 0.0 ], [ -87.968146875185283, 42.132797878243871, 0.0 ], [ -87.968792874538721, 42.13230687782066, 0.0 ], [ -87.968952874971336, 42.131799877851385, 0.0 ], [ -87.96895587472379, 42.128636877272811, 0.0 ], [ -87.969887874866075, 42.128637876779933, 0.0 ], [ -87.969979876533287, 42.131937878144335, 0.0 ], [ -87.970723498982011, 42.131997397337145, 0.0 ], [ -87.970730875666376, 42.131382876767105, 0.0 ], [ -87.970116875865941, 42.131429877256309, 0.0 ], [ -87.970120577955186, 42.129315145732505, 0.0 ], [ -87.971629876288205, 42.129213876167171, 0.0 ], [ -87.979512878553834, 42.129438876825361, 0.0 ], [ -87.979685878166535, 42.129182876662668, 0.0 ], [ -87.980345948136403, 42.129166178270808, 0.0 ], [ -87.980281878170274, 42.133678876699058, 0.0 ], [ -87.978910878946692, 42.13368787732395, 0.0 ], [ -87.977460878506477, 42.134406877208264, 0.0 ], [ -87.975950877426655, 42.134604877988664, 0.0 ], [ -87.975417877409029, 42.134904877701118, 0.0 ], [ -87.974954877630282, 42.134610878023366, 0.0 ], [ -87.974406878263011, 42.135080877805798, 0.0 ], [ -87.974338878050702, 42.138066877900158, 0.0 ], [ -87.974578878468137, 42.138402878059743, 0.0 ], [ -87.975190878174658, 42.13857687797406, 0.0 ], [ -87.975201878683734, 42.139044878518177, 0.0 ], [ -87.970573876251507, 42.139012878494356, 0.0 ], [ -87.97068987576472, 42.1359518781275, 0.0 ] ] ] } },
{ "type": "Feature", "properties": { "precinct_id": "COOK:9600063", "name": "COOK:Wheeling Precinct 63" }, "geometry": { "type": "Polygon", "coordinates": [ [ [ -87.984676880599224, 42.139118878577037, 0.0 ], [ -87.975201878683734, 42.139044878518177, 0.0 ], [ -87.975190878174658, 42.13857687797406, 0.0 ], [ -87.974578878468137, 42.138402878059743, 0.0 ], [ -87.974338878050702, 42.138066877900158, 0.0 ], [ -87.974451877104542, 42.135005877212073, 0.0 ], [ -87.974954877630282, 42.134610878023366, 0.0 ], [ -87.975417877409029, 42.134904877701118, 0.0 ], [ -87.975950877426655, 42.134604877988664, 0.0 ], [ -87.977342877825677, 42.134446877294558, 0.0 ], [ -87.978910878946692, 42.13368787732395, 0.0 ], [ -87.980281878170274, 42.133678876699058, 0.0 ], [ -87.980288879321321, 42.132139876493312, 0.0 ], [ -87.980307940698324, 42.132331323066559, 0.0 ], [ -87.980245, 42.139079, 0.0 ], [ -87.985149, 42.139106, 0.0 ], [ -87.984676880599224, 42.139118878577037, 0.0 ] ] ] } },
{ "type": "Feature", "properties": { "precinct_id": "COOK:9600006", "name": "COOK:Wheeling Precinct 6" }, "geometry": { "type": "Polygon", "coordinates": [ [ [ -87.968884877054919, 42.146633879605901, 0.0 ], [ -87.968774876599028, 42.144434879649339, 0.0 ], [ -87.971222877009509, 42.144414879791569, 0.0 ], [ -87.971243877588506, 42.142215879619222, 0.0 ], [ -87.970533876058809, 42.140284878976871, 0.0 ], [ -87.970573876251507, 42.139012878494356, 0.0 ], [ -87.975201878683734, 42.139044878518177, 0.0 ], [ -87.975275877622622, 42.140312878102037, 0.0 ], [ -87.974284877793664, 42.14070487842514, 0.0 ], [ -87.974919877374361, 42.141542879030538, 0.0 ], [ -87.974448475498932, 42.142452068544657, 0.0 ], [ -87.974713993866942, 42.142600288567699, 0.0 ], [ -87.974876879793797, 42.147252879210967, 0.0 ], [ -87.973744878601153, 42.147241879817024, 0.0 ], [ -87.973005877835874, 42.146684880330575, 0.0 ], [ -87.968884877054919, 42.146633879605901, 0.0 ] ] ] } },
{ "type": "Feature", "properties": { "precinct_id": "COOK:9600066", "name": "COOK:Wheeling Precinct 66" }, "geometry": { "type": "Polygon", "coordinates": [ [ [ -87.981352, 42.147774, 0.0 ], [ -87.978118879976989, 42.147780879130231, 0.0 ], [ -87.976509879080794, 42.147359879328882, 0.0 ], [ -87.974876879793797, 42.147252879210967, 0.0 ], [ -87.974713993866942, 42.142600288567699, 0.0 ], [ -87.974448475498932, 42.142452068544657, 0.0 ], [ -87.974919877374361, 42.141542879030538, 0.0 ], [ -87.974284877793664, 42.14070487842514, 0.0 ], [ -87.975275877622622, 42.140312878102037, 0.0 ], [ -87.975201878683734, 42.139044878518177, 0.0 ], [ -87.985148895714232, 42.139113940202328, 0.0 ], [ -87.985113, 42.142124, 0.0 ], [ -87.985422, 42.143963, 0.0 ], [ -87.98528, 42.143982, 0.0 ], [ -87.985448, 42.146376, 0.0 ], [ -87.984104881237784, 42.14652687952011, 0.0 ], [ -87.982892310800722, 42.147248278686668, 0.0 ], [ -87.981352, 42.147774, 0.0 ] ] ] } },
{ "type": "Feature", "properties": { "precinct_id": "COOK:9600051", "name": "COOK:Wheeling Precinct 51" }, "geometry": { "type": "Polygon", "coordinates": [ [ [ -87.958537873556224, 42.141623361683429, 0.0 ], [ -87.958713872751389, 42.137783879018414, 0.0 ], [ -87.95916687333478, 42.137229878523719, 0.0 ], [ -87.960656873215768, 42.136372878618609, 0.0 ], [ -87.957386872199962, 42.136569879128039, 0.0 ], [ -87.957385872402213, 42.134156878722713, 0.0 ], [ -87.961028874039371, 42.133930878292752, 0.0 ], [ -87.962748873530956, 42.133979878030168, 0.0 ], [ -87.962749873289212, 42.13384987884924, 0.0 ], [ -87.965626875324958, 42.134090878075781, 0.0 ], [ -87.966201874149149, 42.133990877582981, 0.0 ], [ -87.966231875803416, 42.135798878151739, 0.0 ], [ -87.970692876110419, 42.135875878381377, 0.0 ], [ -87.970533876058809, 42.140284878976871, 0.0 ], [ -87.971243877588506, 42.142215879619222, 0.0 ], [ -87.971222877009509, 42.144414879791569, 0.0 ], [ -87.968774876599028, 42.144434879649339, 0.0 ], [ -87.968884877054919, 42.146633879605901, 0.0 ], [ -87.967896876578521, 42.146653880275672, 0.0 ], [ -87.966761877144037, 42.147108880010286, 0.0 ], [ -87.965701876533373, 42.147183880676288, 0.0 ], [ -87.965769875676841, 42.142666880271072, 0.0 ], [ -87.965186874979096, 42.141800879598257, 0.0 ], [ -87.963294875015251, 42.141750880070255, 0.0 ], [ -87.963301874649261, 42.141323878990626, 0.0 ], [ -87.962536873789688, 42.14119887958914, 0.0 ], [ -87.96221487492528, 42.1414258794943, 0.0 ], [ -87.962057874279765, 42.141303879012376, 0.0 ], [ -87.961529874342403, 42.141573879505678, 0.0 ], [ -87.961120874586726, 42.141570879761474, 0.0 ], [ -87.961110873532817, 42.141694879627963, 0.0 ], [ -87.958537873556224, 42.141623361683429, 0.0 ] ] ] } },
{ "type": "Feature", "properties": { "precinct_id": "COOK:9600038", "name": "COOK:Wheeling Precinct 38" }, "geometry": { "type": "Polygon", "coordinates": [ [ [ -87.958537873676121, 42.14162887965265, 0.0 ], [ -87.961110873532817, 42.141694879627963, 0.0 ], [ -87.961120874586726, 42.141570879761474, 0.0 ], [ -87.961529874342403, 42.141573879505678, 0.0 ], [ -87.962057874279765, 42.141303879012376, 0.0 ], [ -87.96221487492528, 42.1414258794943, 0.0 ], [ -87.962536873789688, 42.14119887958914, 0.0 ], [ -87.963301874649261, 42.141323878990626, 0.0 ], [ -87.963294875015251, 42.141750880070255, 0.0 ], [ -87.965186874979096, 42.141800879598257, 0.0 ], [ -87.965769875676841, 42.142666880271072, 0.0 ], [ -87.965701876533373, 42.147183880676288, 0.0 ], [ -87.966761877144037, 42.147108880010286, 0.0 ], [ -87.967896876578521, 42.146653880275672, 0.0 ], [ -87.968884877054919, 42.146633879605901, 0.0 ], [ -87.968870877241727, 42.148844880176945, 0.0 ], [ -87.969878878271501, 42.149511880751078, 0.0 ], [ -87.969601877404457, 42.150440880734209, 0.0 ], [ -87.967665876554435, 42.149197880624904, 0.0 ], [ -87.965042876179879, 42.149164880265971, 0.0 ], [ -87.963798875714815, 42.149618881096004, 0.0 ], [ -87.961849875799203, 42.14969088036397, 0.0 ], [ -87.959559137727069, 42.150820753754587, 0.0 ], [ -87.959046864906782, 42.150261188664288, 0.0 ], [ -87.958537104784497, 42.147199698274825, 0.0 ], [ -87.958537873676121, 42.14162887965265, 0.0 ] ] ] } },
{ "type": "Feature", "properties": { "precinct_id": "COOK:9600072", "name": "COOK:Wheeling Precinct 72" }, "geometry": { "type": "Polygon", "coordinates": [ [ [ -87.962095, 42.153548, 0.0 ], [ -87.959559137727069, 42.150820753754587, 0.0 ], [ -87.961849875799203, 42.14969088036397, 0.0 ], [ -87.963798875714815, 42.149618881096004, 0.0 ], [ -87.965042876179879, 42.149164880265971, 0.0 ], [ -87.967665876554435, 42.149197880624904, 0.0 ], [ -87.969601877404457, 42.150440880734209, 0.0 ], [ -87.969878878271501, 42.149511880751078, 0.0 ], [ -87.968870877241727, 42.148844880176945, 0.0 ], [ -87.968884877054919, 42.146633879605901, 0.0 ], [ -87.972746878069444, 42.146662879790611, 0.0 ], [ -87.973005877835874, 42.146684880330575, 0.0 ], [ -87.973744878601153, 42.147241879817024, 0.0 ], [ -87.976029878616416, 42.147288880257442, 0.0 ], [ -87.978118879976989, 42.147780879130231, 0.0 ], [ -87.979633385977365, 42.147807801717192, 0.0 ], [ -87.979048916483265, 42.149552188187158, 0.0 ], [ -87.978169880235896, 42.150410880645843, 0.0 ], [ -87.978104880200618, 42.152149880508155, 0.0 ], [ -87.979022880156151, 42.152871880530419, 0.0 ], [ -87.98157688208731, 42.1536288374352, 0.0 ], [ -87.962095, 42.153548, 0.0 ] ] ] } },
{ "type": "Feature", "properties": { "precinct_id": "LAKE:VERNON 290", "name": "LAKE:Vernon 290" }, "geometry": { "type": "Polygon", "coordinates": [ [ [ -87.967221877480085, 42.165051884638551, 0.0 ], [ -87.965179877481901, 42.163359884423492, 0.0 ], [ -87.964394875687731, 42.157052883039754, 0.0 ], [ -87.967228877152792, 42.157482883408662, 0.0 ], [ -87.967703876630637, 42.155462882890617, 0.0 ], [ -87.967642877429583, 42.154764882839693, 0.0 ], [ -87.967323877587347, 42.154421883187062, 0.0 ], [ -87.968973591385804, 42.153588437896616, 0.0 ], [ -87.9850000459939, 42.153629774377713, 0.0 ], [ -87.984883947406772, 42.16059588517583, 0.0 ], [ -87.980417881068789, 42.159845882792837, 0.0 ], [ -87.979713881262114, 42.159853882900684, 0.0 ], [ -87.979168881464062, 42.1600478828761, 0.0 ], [ -87.977963881341935, 42.160977883340159, 0.0 ], [ -87.974598879424221, 42.162722883826781, 0.0 ], [ -87.974076880090706, 42.163642883726546, 0.0 ], [ -87.972565879646851, 42.163750883943301, 0.0 ], [ -87.967221877480085, 42.165051884638551, 0.0 ] ] ] } },
{ "type": "Feature", "properties": { "precinct_id": "LAKE:VERNON 288", "name": "LAKE:Vernon 288" }, "geometry": { "type": "Polygon", "coordinates": [ [ [ -87.984817884127636, 42.173899885509897, 0.0 ], [ -87.97646788096668, 42.172001885104386, 0.0 ], [ -87.975054881330408, 42.171476885305736, 0.0 ], [ -87.97608988157323, 42.170447884884176, 0.0 ], [ -87.978415882151879, 42.171101884969161, 0.0 ], [ -87.979401881990881, 42.171188884425064, 0.0 ], [ -87.979415881336266, 42.169049884687958, 0.0 ], [ -87.978884881781923, 42.169046884584255, 0.0 ], [ -87.978906882421555, 42.168731884893404, 0.0 ], [ -87.978693881087892, 42.168573884438757, 0.0 ], [ -87.978886882330073, 42.16791288448168, 0.0 ], [ -87.978838880852877, 42.165001883727378, 0.0 ], [ -87.978997880861527, 42.164790883894852, 0.0 ], [ -87.979441882173859, 42.164777883901102, 0.0 ], [ -87.979421881184052, 42.164603883881128, 0.0 ], [ -87.977951881646391, 42.162941883614891, 0.0 ], [ -87.978852881096572, 42.162503883946478, 0.0 ], [ -87.97848688050037, 42.162162883910007, 0.0 ], [ -87.977854881561996, 42.162061883329677, 0.0 ], [ -87.976325880676498, 42.162817883219851, 0.0 ], [ -87.975692881014879, 42.162129883830445, 0.0 ], [ -87.977963881341935, 42.160977883340159, 0.0 ], [ -87.979168881464062, 42.1600478828761, 0.0 ], [ -87.979713881262114, 42.159853882900684, 0.0 ], [ -87.980417881068789, 42.159845882792837, 0.0 ], [ -87.984883947406772, 42.16059588517583, 0.0 ], [ -87.984817884127636, 42.173899885509897, 0.0 ] ] ] } },
{ "type": "Feature", "properties": { "precinct_id": "LAKE:VERNON 289", "name": "LAKE:Vernon 289" }, "geometry": { "type": "Polygon", "coordinates": [ [ [ -87.973390879827363, 42.171731885143451, 0.0 ], [ -87.965348, 42.171749, 0.0 ], [ -87.965179877481901, 42.163359884423492, 0.0 ], [ -87.967221877480085, 42.165051884638551, 0.0 ], [ -87.972565879646851, 42.163750883943301, 0.0 ], [ -87.974076880090706, 42.163642883726546, 0.0 ], [ -87.974598879424221, 42.162722883826781, 0.0 ], [ -87.975692881014879, 42.162129883830445, 0.0 ], [ -87.976325880676498, 42.162817883219851, 0.0 ], [ -87.977854881561996, 42.162061883329677, 0.0 ], [ -87.97848688050037, 42.162162883910007, 0.0 ], [ -87.978852881096572, 42.162503883946478, 0.0 ], [ -87.977951881646391, 42.162941883614891, 0.0 ], [ -87.979442881998764, 42.164697883675842, 0.0 ], [ -87.978997880861527, 42.164790883894852, 0.0 ], [ -87.978838880852877, 42.165001883727378, 0.0 ], [ -87.978886882330073, 42.16791288448168, 0.0 ], [ -87.978693881087892, 42.168573884438757, 0.0 ], [ -87.978906882421555, 42.168731884893404, 0.0 ], [ -87.978884881781923, 42.169046884584255, 0.0 ], [ -87.979415881336266, 42.169049884687958, 0.0 ], [ -87.979401881990881, 42.171188884425064, 0.0 ], [ -87.978415882151879, 42.171101884969161, 0.0 ], [ -87.97608988157323, 42.170447884884176, 0.0 ], [ -87.975054881330408, 42.171476885305736, 0.0 ], [ -87.974503880786287, 42.171175885080267, 0.0 ], [ -87.973390879827363, 42.171731885143451, 0.0 ] ] ] } },
{ "type": "Feature", "properties": { "precinct_id": "LAKE:VERNON 283", "name": "LAKE:Vernon 283" }, "geometry": { "type": "Polygon", "coordinates": [ [ [ -87.984794884561424, 42.175452884867774, 0.0 ], [ -87.984831884371346, 42.168189884436131, 0.0 ], [ -87.993681203562971, 42.168187883674051, 0.0 ], [ -87.993313715519733, 42.171825529635072, 0.0 ], [ -87.992979886069307, 42.171823884352193, 0.0 ], [ -87.993289840306574, 42.172061862692239, 0.0 ], [ -87.993267949331326, 42.172278554416408, 0.0 ], [ -87.992836885954176, 42.172508884239612, 0.0 ], [ -87.993205203872378, 42.172684148872264, 0.0 ], [ -87.991467, 42.173458, 0.0 ], [ -87.991293885723252, 42.173834884887519, 0.0 ], [ -87.990925886375521, 42.174067884863014, 0.0 ], [ -87.991651886821856, 42.174624884748795, 0.0 ], [ -87.991969, 42.175455, 0.0 ], [ -87.984794884561424, 42.175452884867774, 0.0 ] ] ] } },
{ "type": "Feature", "properties": { "precinct_id": "LAKE:VERNON 284", "name": "LAKE:Vernon 284" }, "geometry": { "type": "Polygon", "coordinates": [ [ [ -87.973413882088536, 42.179046885858192, 0.0 ], [ -87.973452880649944, 42.176256886708586, 0.0 ], [ -87.973586881442571, 42.175918886019119, 0.0 ], [ -87.974453881455887, 42.175128885678063, 0.0 ], [ -87.974547881167211, 42.173866885560734, 0.0 ], [ -87.974454881280792, 42.173543886198459, 0.0 ], [ -87.973776881413386, 42.172883884889366, 0.0 ], [ -87.973390879827363, 42.171731885143451, 0.0 ], [ -87.974503880786287, 42.171175885080267, 0.0 ], [ -87.97646788096668, 42.172001885104386, 0.0 ], [ -87.984817884127636, 42.173899885509897, 0.0 ], [ -87.984763884599275, 42.179076885473613, 0.0 ], [ -87.973413882088536, 42.179046885858192, 0.0 ] ] ] } },
{ "type": "Feature", "properties": { "precinct_id": "MCHENRY:ALG 47", "name": "MCHENRY:ALG 47" }, "geometry": { "type": "Polygon", "coordinates": [ [ [ -88.277047662688034, 42.16872871997716, 0.0 ], [ -88.265015994127495, 42.168580506727956, 0.0 ], [ -88.265035075339227, 42.167475581242776, 0.0 ], [ -88.265378330354395, 42.166785808955161, 0.0 ], [ -88.265374753191153, 42.165728418316654, 0.0 ], [ -88.264966636565063, 42.16512199729965, 0.0 ], [ -88.265547781697464, 42.164764507640086, 0.0 ], [ -88.267412278156428, 42.164748800718037, 0.0 ], [ -88.267455895075045, 42.15651769277774, 0.0 ], [ -88.277204688576276, 42.161844052142946, 0.0 ], [ -88.277047662688034, 42.16872871997716, 0.0 ] ] ] } },
{ "type": "Feature", "properties": { "precinct_id": "MCHENRY:ALG 46", "name": "MCHENRY:ALG 46" }, "geometry": { "type": "MultiPolygon", "coordinates": [ [ [ [ -88.27961416679338, 42.153935707566795, 0.0 ], [ -88.280058569504192, 42.153967335415999, 0.0 ], [ -88.279616011978405, 42.153977171972386, 0.0 ], [ -88.27961416679338, 42.153935707566795, 0.0 ] ] ], [ [ [ -88.268974651190803, 42.175753855984695, 0.0 ], [ -88.267312197141266, 42.17575587514127, 0.0 ], [ -88.267435819947252, 42.16857865672911, 0.0 ], [ -88.277047662688034, 42.16872871997716, 0.0 ], [ -88.277204539311072, 42.161851377840627, 0.0 ], [ -88.279691664504938, 42.162986468133589, 0.0 ], [ -88.283866019208475, 42.163748771044503, 0.0 ], [ -88.284048918806391, 42.160008269958752, 0.0 ], [ -88.28585231493814, 42.160027663135601, 0.0 ], [ -88.286479934163054, 42.159193732768117, 0.0 ], [ -88.287018942918579, 42.159225481163908, 0.0 ], [ -88.287388049819498, 42.1587292432948, 0.0 ], [ -88.286963999848297, 42.158554134598361, 0.0 ], [ -88.286972651532437, 42.157919228249327, 0.0 ], [ -88.287459224310496, 42.157922799067798, 0.0 ], [ -88.28746277413498, 42.157655220146637, 0.0 ], [ -88.290554215295657, 42.157677873202552, 0.0 ], [ -88.291991633146921, 42.159648056786111, 0.0 ], [ -88.292315176082766, 42.159516920289015, 0.0 ], [ -88.29380848035234, 42.161505763746682, 0.0 ], [ -88.290429276479358, 42.164560253686645, 0.0 ], [ -88.290223042969913, 42.165556352818811, 0.0 ], [ -88.288334981153824, 42.167680898193879, 0.0 ], [ -88.285813130238992, 42.169333504996231, 0.0 ], [ -88.283824013983619, 42.170131604840805, 0.0 ], [ -88.281919609255795, 42.170653866272431, 0.0 ], [ -88.279051786980389, 42.172123225733699, 0.0 ], [ -88.27691480239578, 42.172643864841021, 0.0 ], [ -88.274637212403405, 42.1734988309654, 0.0 ], [ -88.26942312443002, 42.176174615869371, 0.0 ], [ -88.268974651190803, 42.175753855984695, 0.0 ] ] ] ] } },
{ "type": "Feature", "properties": { "precinct_id": "MCHENRY:ALG 22", "name": "MCHENRY:ALG 22" }, "geometry": { "type": "Polygon", "coordinates": [ [ [ -88.305987839859753, 42.17564628423618, 0.0 ], [ -88.304815740355835, 42.174991193186457, 0.0 ], [ -88.303887125973432, 42.174034390939184, 0.0 ], [ -88.304370261095215, 42.173274253154126, 0.0 ], [ -88.304793289160131, 42.173423008907584, 0.0 ], [ -88.305602636674351, 42.172134703331224, 0.0 ], [ -88.306793319836686, 42.173819082523401, 0.0 ], [ -88.30854912051386, 42.173837229203947, 0.0 ], [ -88.308616120168409, 42.172115112822929, 0.0 ], [ -88.311035576298906, 42.172078261323428, 0.0 ], [ -88.311041939305355, 42.171604516389237, 0.0 ], [ -88.310108915447344, 42.171255717208787, 0.0 ], [ -88.308988793321561, 42.170409370729125, 0.0 ], [ -88.308616080991072, 42.169660409006866, 0.0 ], [ -88.308599714500815, 42.168586546226109, 0.0 ], [ -88.306250330893974, 42.168530182527398, 0.0 ], [ -88.306275686990688, 42.165730893080088, 0.0 ], [ -88.305843617947701, 42.165446141543292, 0.0 ], [ -88.306726018637065, 42.16478317635903, 0.0 ], [ -88.316048647495876, 42.164770964364273, 0.0 ], [ -88.315912982523542, 42.174581866451227, 0.0 ], [ -88.316330112122046, 42.176655381935426, 0.0 ], [ -88.315102469785799, 42.176699509860754, 0.0 ], [ -88.307496598684494, 42.176002221500219, 0.0 ], [ -88.305987839859753, 42.17564628423618, 0.0 ] ] ] } },
{ "type": "Feature", "properties": { "precinct_id": "MCHENRY:ALG 44", "name": "MCHENRY:ALG 44" }, "geometry": { "type": "Polygon", "coordinates": [ [ [ -88.262288541470326, 42.190815653516161, 0.0 ], [ -88.261614865691683, 42.191193648028559, 0.0 ], [ -88.259236832032059, 42.191322088596344, 0.0 ], [ -88.259228119075289, 42.190750905364361, 0.0 ], [ -88.260464530363066, 42.190767235634667, 0.0 ], [ -88.261665926341678, 42.190583622001633, 0.0 ], [ -88.262654695110143, 42.189761000083308, 0.0 ], [ -88.263461851057826, 42.188042133417504, 0.0 ], [ -88.264005879939717, 42.186141587902888, 0.0 ], [ -88.265327217021323, 42.183331086638745, 0.0 ], [ -88.265083751361374, 42.18278640533638, 0.0 ], [ -88.265304748563437, 42.180987135760972, 0.0 ], [ -88.265745231838835, 42.180577206532476, 0.0 ], [ -88.266371175040959, 42.179226950457164, 0.0 ], [ -88.267362180747881, 42.1778711860361, 0.0 ], [ -88.269062289709439, 42.17639432550439, 0.0 ], [ -88.27220727485178, 42.174866767872473, 0.0 ], [ -88.273614613109359, 42.173951370195809, 0.0 ], [ -88.27691480239578, 42.172643864841021, 0.0 ], [ -88.279051786980389, 42.172123225733699, 0.0 ], [ -88.281919609255795, 42.170653866272431, 0.0 ], [ -88.283824013983619, 42.170131604840805, 0.0 ], [ -88.286326323634867, 42.16903786530343, 0.0 ], [ -88.288965521203835, 42.167129459825524, 0.0 ], [ -88.290223042969913, 42.165556352818811, 0.0 ], [ -88.290429276479358, 42.164560253686645, 0.0 ], [ -88.29380848035234, 42.161505763746682, 0.0 ], [ -88.295544964471858, 42.163908478376825, 0.0 ], [ -88.288357865655726, 42.170539786293588, 0.0 ], [ -88.286184100757424, 42.172907340993746, 0.0 ], [ -88.285879882270038, 42.173757258344956, 0.0 ], [ -88.285931346876637, 42.174762278025625, 0.0 ], [ -88.285435779934502, 42.175024288644714, 0.0 ], [ -88.285613468859765, 42.175174298013253, 0.0 ], [ -88.285823061327577, 42.175023049707868, 0.0 ], [ -88.28627064504505, 42.176540762522698, 0.0 ], [ -88.283434140583381, 42.176555754002109, 0.0 ], [ -88.27157089036092, 42.185308238323302, 0.0 ], [ -88.270921132168425, 42.186066027602699, 0.0 ], [ -88.270588877590114, 42.186855643401039, 0.0 ], [ -88.270152970437096, 42.190460871057994, 0.0 ], [ -88.269324974303274, 42.190439836632649, 0.0 ], [ -88.269317300904277, 42.190211053733968, 0.0 ], [ -88.262705459288114, 42.190304462735625, 0.0 ], [ -88.26266897979643, 42.190920275457799, 0.0 ], [ -88.263107775936106, 42.191177174237687, 0.0 ], [ -88.263166086148019, 42.191403352417183, 0.0 ], [ -88.262592534383501, 42.191207289586373, 0.0 ], [ -88.262288541470326, 42.190815653516161, 0.0 ] ] ] } },
{ "type": "Feature", "properties": { "precinct_id": "MCHENRY:ALG 43", "name": "MCHENRY:ALG 43" }, "geometry": { "type": "Polygon", "coordinates": [ [ [ -88.295591926294321, 42.163822465348055, 0.0 ], [ -88.296585189622718, 42.165433784082587, 0.0 ], [ -88.298929356826463, 42.168495912527142, 0.0 ], [ -88.301411765955521, 42.168441554950931, 0.0 ], [ -88.30458242469021, 42.170732560192327, 0.0 ], [ -88.305461196359005, 42.170298930362563, 0.0 ], [ -88.305495474112661, 42.168427965156482, 0.0 ], [ -88.306243543663371, 42.168621714692136, 0.0 ], [ -88.308599714500815, 42.168586546226109, 0.0 ], [ -88.308616080991072, 42.169660409006866, 0.0 ], [ -88.308862580406952, 42.170240249850458, 0.0 ], [ -88.310108915447344, 42.171255717208787, 0.0 ], [ -88.311041939305355, 42.171604516389237, 0.0 ], [ -88.311035576298906, 42.172078261323428, 0.0 ], [ -88.308616120168409, 42.172115112822929, 0.0 ], [ -88.30854912051386, 42.173837229203947, 0.0 ], [ -88.306793319836686, 42.173819082523401, 0.0 ], [ -88.305602636674351, 42.172134703331224, 0.0 ], [ -88.304793289160131, 42.173423008907584, 0.0 ], [ -88.304370261095215, 42.173274253154126, 0.0 ], [ -88.303887125973432, 42.174034390939184, 0.0 ], [ -88.304815740355835, 42.174991193186457, 0.0 ], [ -88.306065726736335, 42.175675907388325, 0.0 ], [ -88.305058374962627, 42.17567906938821, 0.0 ], [ -88.304903020424675, 42.175521111808756, 0.0 ], [ -88.304208689267924, 42.175831462438794, 0.0 ], [ -88.303503405026916, 42.175098189100979, 0.0 ], [ -88.30187282959858, 42.175797532728339, 0.0 ], [ -88.299574115818217, 42.175706761873201, 0.0 ], [ -88.299570392778023, 42.176739841337231, 0.0 ], [ -88.297443268478787, 42.17769749878719, 0.0 ], [ -88.296417640151944, 42.17954833091175, 0.0 ], [ -88.296403850200107, 42.183017364773534, 0.0 ], [ -88.286516972466941, 42.182943868590471, 0.0 ], [ -88.286499989563865, 42.190130579284393, 0.0 ], [ -88.270292177097744, 42.190204614465735, 0.0 ], [ -88.270556065946266, 42.186995090008644, 0.0 ], [ -88.271359870059797, 42.185501917056996, 0.0 ], [ -88.283434140583381, 42.176555754002109, 0.0 ], [ -88.28627064504505, 42.176540762522698, 0.0 ], [ -88.285823061327577, 42.175023049707868, 0.0 ], [ -88.285613468859765, 42.175174298013253, 0.0 ], [ -88.285435779934502, 42.175024288644714, 0.0 ], [ -88.285931346876637, 42.174762278025625, 0.0 ], [ -88.285879882270038, 42.173757258344956, 0.0 ], [ -88.286184100757424, 42.172907340993746, 0.0 ], [ -88.288357865655726, 42.170539786293588, 0.0 ], [ -88.295403725699913, 42.164167172643978, 0.0 ], [ -88.295591926294321, 42.163822465348055, 0.0 ] ] ] } },
{ "type": "Feature", "properties": { "precinct_id": "MCHENRY:ALG 62", "name": "MCHENRY:ALG 62" }, "geometry": { "type": "Polygon", "coordinates": [ [ [ -88.238150795105938, 42.193691205970481, 0.0 ], [ -88.236570680315381, 42.193957819216116, 0.0 ], [ -88.234915673336729, 42.192228368228513, 0.0 ], [ -88.236883415824337, 42.190587838444443, 0.0 ], [ -88.238212340825754, 42.190594741445153, 0.0 ], [ -88.238162757499182, 42.186700851651025, 0.0 ], [ -88.238968058452159, 42.186973980858774, 0.0 ], [ -88.247911567158212, 42.186753637892764, 0.0 ], [ -88.247917630634205, 42.18331844357175, 0.0 ], [ -88.257464154569107, 42.183177521040669, 0.0 ], [ -88.257537718279607, 42.164768716416248, 0.0 ], [ -88.262004678054439, 42.164837850911553, 0.0 ], [ -88.261787653173585, 42.163770668545254, 0.0 ], [ -88.260861770173548, 42.162361270778916, 0.0 ], [ -88.263818352328556, 42.162258713641592, 0.0 ], [ -88.264324509963743, 42.162631863700867, 0.0 ], [ -88.26467242434444, 42.162370666608815, 0.0 ], [ -88.266690162171628, 42.163918318679983, 0.0 ], [ -88.266696700316686, 42.164751268307448, 0.0 ], [ -88.265547781697464, 42.164764507640086, 0.0 ], [ -88.264966636565063, 42.16512199729965, 0.0 ], [ -88.265374753191153, 42.165728418316654, 0.0 ], [ -88.26537833035438, 42.166785808955161, 0.0 ], [ -88.265035075339227, 42.167475581242776, 0.0 ], [ -88.265015994127495, 42.168580506727956, 0.0 ], [ -88.267435819947252, 42.16857865672911, 0.0 ], [ -88.267312197141266, 42.17575587514127, 0.0 ], [ -88.268974651190803, 42.175753855984695, 0.0 ], [ -88.26942312443002, 42.176174615869371, 0.0 ], [ -88.267362180747881, 42.1778711860361, 0.0 ], [ -88.266371175040959, 42.179226950457164, 0.0 ], [ -88.265745231838835, 42.180577206532476, 0.0 ], [ -88.265304748563437, 42.180987135760972, 0.0 ], [ -88.265083751361374, 42.18278640533638, 0.0 ], [ -88.265327217021323, 42.183331086638745, 0.0 ], [ -88.264005879939717, 42.186141587902888, 0.0 ], [ -88.263461851057826, 42.188042133417504, 0.0 ], [ -88.262654695110143, 42.189761000083308, 0.0 ], [ -88.261665926341678, 42.190583622001633, 0.0 ], [ -88.260464530363066, 42.190767235634667, 0.0 ], [ -88.259227967358825, 42.190740871433341, 0.0 ], [ -88.253673964388369, 42.191552872419358, 0.0 ], [ -88.251925965676506, 42.191561872729245, 0.0 ], [ -88.249928963456654, 42.191044871249645, 0.0 ], [ -88.2483179641915, 42.191016872404148, 0.0 ], [ -88.243820962385996, 42.191860872464289, 0.0 ], [ -88.241205961522681, 42.192856873479229, 0.0 ], [ -88.238129390533388, 42.194528189405538, 0.0 ], [ -88.238150795105938, 42.193691205970481, 0.0 ] ] ] } },
{ "type": "Feature", "properties": { "precinct_id": "MCHENRY:ALG 29", "name": "MCHENRY:ALG 29" }, "geometry": { "type": "Polygon", "coordinates": [ [ [ -88.296403850200107, 42.183017364773534, 0.0 ], [ -88.296417640151944, 42.17954833091175, 0.0 ], [ -88.297443268478787, 42.17769749878719, 0.0 ], [ -88.299570392778023, 42.176739841337231, 0.0 ], [ -88.299574115818217, 42.175706761873201, 0.0 ], [ -88.30187282959858, 42.175797532728339, 0.0 ], [ -88.303503405026916, 42.175098189100979, 0.0 ], [ -88.304208689267924, 42.175831462438794, 0.0 ], [ -88.304903020424675, 42.175521111808756, 0.0 ], [ -88.305058374962627, 42.17567906938821, 0.0 ], [ -88.306065726736335, 42.175675907388325, 0.0 ], [ -88.307496598684494, 42.176002221500219, 0.0 ], [ -88.315102469785799, 42.176699509860754, 0.0 ], [ -88.316330112122046, 42.176655381935426, 0.0 ], [ -88.31642298176196, 42.177640865435059, 0.0 ], [ -88.316863983124634, 42.178597865951353, 0.0 ], [ -88.316434981657252, 42.179672866447213, 0.0 ], [ -88.316966701869191, 42.180382828928053, 0.0 ], [ -88.314956982437153, 42.180333866071727, 0.0 ], [ -88.313345944303819, 42.182796125859284, 0.0 ], [ -88.312052981924666, 42.182806867978151, 0.0 ], [ -88.311954981208174, 42.181489866803453, 0.0 ], [ -88.311612979584169, 42.181306867784578, 0.0 ], [ -88.310675981119317, 42.181229866612433, 0.0 ], [ -88.310193785378956, 42.180770908649528, 0.0 ], [ -88.309778545227474, 42.1806621667697, 0.0 ], [ -88.306202980886127, 42.180863867341643, 0.0 ], [ -88.306077979179392, 42.182843866859187, 0.0 ], [ -88.303186978495944, 42.182807866249085, 0.0 ], [ -88.301660978237436, 42.18236886746859, 0.0 ], [ -88.301139978246496, 42.18293186755313, 0.0 ], [ -88.296403850200107, 42.183017364773534, 0.0 ] ] ] } },
{ "type": "Feature", "properties": { "precinct_id": "MCHENRY:ALG 30", "name": "MCHENRY:ALG 30" }, "geometry": { "type": "Polygon", "coordinates": [ [ [ -88.311206658099579, 42.197243033233931, 0.0 ], [ -88.307273315998685, 42.190499800469325, 0.0 ], [ -88.306158582906107, 42.187893545183485, 0.0 ], [ -88.306202980886127, 42.180863867341643, 0.0 ], [ -88.309960504561332, 42.18067534199524, 0.0 ], [ -88.310675981119317, 42.181229866612433, 0.0 ], [ -88.311612979584169, 42.181306867784578, 0.0 ], [ -88.311954981208174, 42.181489866803453, 0.0 ], [ -88.312052981924666, 42.182806867978151, 0.0 ], [ -88.315671780471533, 42.182840506064245, 0.0 ], [ -88.315501580162262, 42.190061732276021, 0.0 ], [ -88.315739984664049, 42.197246869133508, 0.0 ], [ -88.311206658099579, 42.197243033233931, 0.0 ] ] ] } },
{ "type": "Feature", "properties": { "precinct_id": "MCHENRY:ALG 63", "name": "MCHENRY:ALG 63" }, "geometry": { "type": "Polygon", "coordinates": [ [ [ -88.244461733370741, 42.207592891143257, 0.0 ], [ -88.244498469858257, 42.206637311635163, 0.0 ], [ -88.24403641600486, 42.20667649481517, 0.0 ], [ -88.24432461309874, 42.206093925316445, 0.0 ], [ -88.244290681954794, 42.205523590762795, 0.0 ], [ -88.243594004830996, 42.205371362666583, 0.0 ], [ -88.243170432910134, 42.205744259856544, 0.0 ], [ -88.242941238486182, 42.205738881174462, 0.0 ], [ -88.242896971263505, 42.201452243272215, 0.0 ], [ -88.247618004011741, 42.201311856358863, 0.0 ], [ -88.247557127249863, 42.197941409809658, 0.0 ], [ -88.247888391822002, 42.191097502742977, 0.0 ], [ -88.249928963456654, 42.191044871249645, 0.0 ], [ -88.251925965676506, 42.191561872729245, 0.0 ], [ -88.253673964388369, 42.191552872419358, 0.0 ], [ -88.259227967358825, 42.190740871433341, 0.0 ], [ -88.259236832032059, 42.191322088596344, 0.0 ], [ -88.261614865691683, 42.191193648028559, 0.0 ], [ -88.262288541470326, 42.190815653516161, 0.0 ], [ -88.262592534383501, 42.191207289586373, 0.0 ], [ -88.263166086148019, 42.191403352417183, 0.0 ], [ -88.263107775936106, 42.191177174237687, 0.0 ], [ -88.26266897979643, 42.190920275457799, 0.0 ], [ -88.262705459288114, 42.190304462735625, 0.0 ], [ -88.269317300904277, 42.190211053733968, 0.0 ], [ -88.269324974303274, 42.190439836632649, 0.0 ], [ -88.270135168478902, 42.190460415604505, 0.0 ], [ -88.269637610871371, 42.191771900813329, 0.0 ], [ -88.267947693129912, 42.19398339692772, 0.0 ], [ -88.260155222282165, 42.20174919155297, 0.0 ], [ -88.25850196190882, 42.2042038084669, 0.0 ], [ -88.257079333333763, 42.203459759210133, 0.0 ], [ -88.253691494052646, 42.20366760824686, 0.0 ], [ -88.251098906292569, 42.204198905196961, 0.0 ], [ -88.25105660128574, 42.205002322288848, 0.0 ], [ -88.251241106580437, 42.205003634761091, 0.0 ], [ -88.25130482388974, 42.205934866245819, 0.0 ], [ -88.251120673227632, 42.205942801977201, 0.0 ], [ -88.251135883469388, 42.206765990956654, 0.0 ], [ -88.24954533998941, 42.206702603649511, 0.0 ], [ -88.248001315888857, 42.20685236419915, 0.0 ], [ -88.248023121508282, 42.207215042343343, 0.0 ], [ -88.247640310682542, 42.207227325157028, 0.0 ], [ -88.247633006876313, 42.207578922361769, 0.0 ], [ -88.244461733370741, 42.207592891143257, 0.0 ] ] ] } },
{ "type": "Feature", "properties": { "precinct_id": "MCHENRY:ALG 31", "name": "MCHENRY:ALG 31" }, "geometry": { "type": "Polygon", "coordinates": [ [ [ -88.276816913601508, 42.216507236816433, 0.0 ], [ -88.276797858481004, 42.204593492882601, 0.0 ], [ -88.286558579440893, 42.20456881560731, 0.0 ], [ -88.286516972466941, 42.182943868590471, 0.0 ], [ -88.295926977575419, 42.18303286830259, 0.0 ], [ -88.299462977108234, 42.182917868499501, 0.0 ], [ -88.299551977075936, 42.18302986689482, 0.0 ], [ -88.299586978632675, 42.182915867661798, 0.0 ], [ -88.301139978246496, 42.18293186755313, 0.0 ], [ -88.301660978237436, 42.18236886746859, 0.0 ], [ -88.303186978495944, 42.182807866249085, 0.0 ], [ -88.306091465191827, 42.182844034817229, 0.0 ], [ -88.306039695083484, 42.187149715512568, 0.0 ], [ -88.306244026935062, 42.188169113106241, 0.0 ], [ -88.307597207278377, 42.19109430418159, 0.0 ], [ -88.311206658099579, 42.197243033233931, 0.0 ], [ -88.294035399839373, 42.197226877296444, 0.0 ], [ -88.29633597742378, 42.199237869855459, 0.0 ], [ -88.296283756167455, 42.211781536945985, 0.0 ], [ -88.286243646163868, 42.211772038972612, 0.0 ], [ -88.286268678940374, 42.21410894295812, 0.0 ], [ -88.284015038736413, 42.214107435307611, 0.0 ], [ -88.283854526531201, 42.212749005693404, 0.0 ], [ -88.28155327950914, 42.212747415634709, 0.0 ], [ -88.281565778664785, 42.216339535804238, 0.0 ], [ -88.278565490306008, 42.216247039028353, 0.0 ], [ -88.276816913601508, 42.216507236816433, 0.0 ] ] ] } },
{ "type": "Feature", "properties": { "precinct_id": "MCHENRY:ALG 26", "name": "MCHENRY:ALG 26" }, "geometry": { "type": "Polygon", "coordinates": [ [ [ -88.315585859258263, 42.19006194431082, 0.0 ], [ -88.315671780471533, 42.182840506064245, 0.0 ], [ -88.318603771969151, 42.182887789598112, 0.0 ], [ -88.319045302915598, 42.183881243980096, 0.0 ], [ -88.320429565182209, 42.184516479759161, 0.0 ], [ -88.322204069898206, 42.185000701151857, 0.0 ], [ -88.32483198567985, 42.185047823504412, 0.0 ], [ -88.325254411834848, 42.184832138534965, 0.0 ], [ -88.326307264755542, 42.184866015009575, 0.0 ], [ -88.326876257290181, 42.185188537716492, 0.0 ], [ -88.327199877313049, 42.186013766801835, 0.0 ], [ -88.327896404529056, 42.186326000704405, 0.0 ], [ -88.329789375106799, 42.186356369878879, 0.0 ], [ -88.330296108357601, 42.18603683198166, 0.0 ], [ -88.330348859225268, 42.190236102340585, 0.0 ], [ -88.315585859258263, 42.19006194431082, 0.0 ] ] ] } },
{ "type": "Feature", "properties": { "precinct_id": "MCHENRY:ALG 16", "name": "MCHENRY:ALG 16" }, "geometry": { "type": "Polygon", "coordinates": [ [ [ -88.349828090319775, 42.183038228896862, 0.0 ], [ -88.349811489364313, 42.190150549172365, 0.0 ], [ -88.337163312053264, 42.190319696085574, 0.0 ], [ -88.337147535411958, 42.189741478518947, 0.0 ], [ -88.337720395784899, 42.189070850264883, 0.0 ], [ -88.337681960539314, 42.187664079726346, 0.0 ], [ -88.337980224399473, 42.187321547229658, 0.0 ], [ -88.340133325140243, 42.186996645880939, 0.0 ], [ -88.340434741439722, 42.186448842359908, 0.0 ], [ -88.341383412559566, 42.185919607427536, 0.0 ], [ -88.342074886123143, 42.186544173148249, 0.0 ], [ -88.341925486819278, 42.187910262270933, 0.0 ], [ -88.34236819791515, 42.187903559738338, 0.0 ], [ -88.342362745015379, 42.187705023399474, 0.0 ], [ -88.342997724202718, 42.187633267298473, 0.0 ], [ -88.343258730116617, 42.186592648001785, 0.0 ], [ -88.343838088475266, 42.186058261260037, 0.0 ], [ -88.343960624068387, 42.184727269895461, 0.0 ], [ -88.344959978129367, 42.184731673563128, 0.0 ], [ -88.345525992798457, 42.185002019923736, 0.0 ], [ -88.346441022844175, 42.184559484556374, 0.0 ], [ -88.346373435343594, 42.184234012153688, 0.0 ], [ -88.347457989011815, 42.184129908978846, 0.0 ], [ -88.347459287985089, 42.183499529405353, 0.0 ], [ -88.347746001532812, 42.182980991884769, 0.0 ], [ -88.349828090319775, 42.183038228896862, 0.0 ] ] ] } },
{ "type": "Feature", "properties": { "precinct_id": "MCHENRY:ALG 13", "name": "MCHENRY:ALG 13" }, "geometry": { "type": "Polygon", "coordinates": [ [ [ -88.354649157655928, 42.197306062381493, 0.0 ], [ -88.347138816475734, 42.197278495357516, 0.0 ], [ -88.347160980112122, 42.196359104589135, 0.0 ], [ -88.346236847413252, 42.19532127902378, 0.0 ], [ -88.346105706856065, 42.194832292094915, 0.0 ], [ -88.346340456904429, 42.193810301698875, 0.0 ], [ -88.343418999892592, 42.193459706146115, 0.0 ], [ -88.343477210061295, 42.193096325138811, 0.0 ], [ -88.342786385715783, 42.191713294601804, 0.0 ], [ -88.342126645964967, 42.191277087376321, 0.0 ], [ -88.341844645260792, 42.191512937476482, 0.0 ], [ -88.341568612805176, 42.191279835173916, 0.0 ], [ -88.34144056894992, 42.190279591175518, 0.0 ], [ -88.354594106841375, 42.190086040774759, 0.0 ], [ -88.354649157655928, 42.197306062381493, 0.0 ] ] ] } },
{ "type": "Feature", "properties": { "precinct_id": "MCHENRY:ALG 14", "name": "MCHENRY:ALG 14" }, "geometry": { "type": "Polygon", "coordinates": [ [ [ -88.347138816475734, 42.197278495357516, 0.0 ], [ -88.335521474452989, 42.197269099463256, 0.0 ], [ -88.335543987748196, 42.190365867356533, 0.0 ], [ -88.341439977914249, 42.190258713278631, 0.0 ], [ -88.341533986501574, 42.191224028505275, 0.0 ], [ -88.341844645260792, 42.191512937476482, 0.0 ], [ -88.342126645964967, 42.191277087376321, 0.0 ], [ -88.342786385715783, 42.191713294601804, 0.0 ], [ -88.343477210061295, 42.193096325138811, 0.0 ], [ -88.343418999892592, 42.193459706146115, 0.0 ], [ -88.346340456904429, 42.193810301698875, 0.0 ], [ -88.346105706856065, 42.194832292094915, 0.0 ], [ -88.346236847413252, 42.19532127902378, 0.0 ], [ -88.347160980112122, 42.196359104589135, 0.0 ], [ -88.347138816475734, 42.197278495357516, 0.0 ] ] ] } },
{ "type": "Feature", "properties": { "precinct_id": "MCHENRY:ALG 27", "name": "MCHENRY:ALG 27" }, "geometry": { "type": "Polygon", "coordinates": [ [ [ -88.338603213836564, 42.211697805848914, 0.0 ], [ -88.296283756167455, 42.211781536945985, 0.0 ], [ -88.29633597742378, 42.199237869855459, 0.0 ], [ -88.294035399839373, 42.197226877296444, 0.0 ], [ -88.315739984664049, 42.197246869133508, 0.0 ], [ -88.315501580162262, 42.190061732276021, 0.0 ], [ -88.330313506075967, 42.190292465548012, 0.0 ], [ -88.330293868387173, 42.186602285038774, 0.0 ], [ -88.335205107776758, 42.186623961318546, 0.0 ], [ -88.335201641078129, 42.182895690007982, 0.0 ], [ -88.340075067447856, 42.182870562485036, 0.0 ], [ -88.340292998727804, 42.182752524591294, 0.0 ], [ -88.340429120389814, 42.182868730626943, 0.0 ], [ -88.349776987438275, 42.182886349260784, 0.0 ], [ -88.349776360030177, 42.183029729385169, 0.0 ], [ -88.347746001532812, 42.182980991884769, 0.0 ], [ -88.347459287985089, 42.183499529405353, 0.0 ], [ -88.347457989011815, 42.184129908978846, 0.0 ], [ -88.346373435343594, 42.184234012153688, 0.0 ], [ -88.346441022844175, 42.184559484556374, 0.0 ], [ -88.345525992798457, 42.185002019923736, 0.0 ], [ -88.344959978129367, 42.184731673563128, 0.0 ], [ -88.343960624068387, 42.184727269895461, 0.0 ], [ -88.343838088475266, 42.186058261260037, 0.0 ], [ -88.343258730116617, 42.186592648001785, 0.0 ], [ -88.342997724202718, 42.187633267298473, 0.0 ], [ -88.342362745015379, 42.187705023399474, 0.0 ], [ -88.34236819791515, 42.187903559738338, 0.0 ], [ -88.341925486819278, 42.187910262270933, 0.0 ], [ -88.342074886123143, 42.186544173148249, 0.0 ], [ -88.341383412559566, 42.185919607427536, 0.0 ], [ -88.340434741440248, 42.18644884236042, 0.0 ], [ -88.340133325140243, 42.186996645880939, 0.0 ], [ -88.337980224399473, 42.187321547229658, 0.0 ], [ -88.337681960539314, 42.187664079726346, 0.0 ], [ -88.337720395784899, 42.189070850264883, 0.0 ], [ -88.337147535411958, 42.189741478518947, 0.0 ], [ -88.337163312053264, 42.190319696085574, 0.0 ], [ -88.335543987748196, 42.190365867356533, 0.0 ], [ -88.335552989809798, 42.197035867625011, 0.0 ], [ -88.335213331633014, 42.198933819808865, 0.0 ], [ -88.335211110371247, 42.20107843244579, 0.0 ], [ -88.337353108252429, 42.207266834532859, 0.0 ], [ -88.337867672708342, 42.207802054212998, 0.0 ], [ -88.338603213836564, 42.211697805848914, 0.0 ] ] ] } },
{ "type": "Feature", "properties": { "precinct_id": "MCHENRY:ALG 10", "name": "MCHENRY:ALG 10" }, "geometry": { "type": "Polygon", "coordinates": [ [ [ -88.34646961955653, 42.204520890510814, 0.0 ], [ -88.336491980734706, 42.204498890116064, 0.0 ], [ -88.335211110371247, 42.20107843244579, 0.0 ], [ -88.335213331633014, 42.198933819808865, 0.0 ], [ -88.335505343408784, 42.197269097969283, 0.0 ], [ -88.344908248286558, 42.197270235199305, 0.0 ], [ -88.34490809980224, 42.20090160267673, 0.0 ], [ -88.345422615382219, 42.200926384313718, 0.0 ], [ -88.346039949145066, 42.201668105990166, 0.0 ], [ -88.345756578776161, 42.202985447550724, 0.0 ], [ -88.346474300365216, 42.203782010807259, 0.0 ], [ -88.34646961955653, 42.204520890510814, 0.0 ] ] ] } },
{ "type": "Feature", "properties": { "precinct_id": "MCHENRY:ALG 12", "name": "MCHENRY:ALG 12" }, "geometry": { "type": "Polygon", "coordinates": [ [ [ -88.344908248286558, 42.197270235199305, 0.0 ], [ -88.354649157655928, 42.197306062381493, 0.0 ], [ -88.354710155507348, 42.204539431945584, 0.0 ], [ -88.34646961955653, 42.204520890510814, 0.0 ], [ -88.346474300365216, 42.203782010807259, 0.0 ], [ -88.345756578776161, 42.202985447550724, 0.0 ], [ -88.346039949145066, 42.201668105990166, 0.0 ], [ -88.345422615382219, 42.200926384313718, 0.0 ], [ -88.34490809980224, 42.20090160267673, 0.0 ], [ -88.344908248286558, 42.197270235199305, 0.0 ] ] ] } },
{ "type": "Feature", "properties": { "precinct_id": "MCHENRY:ALG 11", "name": "MCHENRY:ALG 11" }, "geometry": { "type": "Polygon", "coordinates": [ [ [ -88.353623390742371, 42.212328978207928, 0.0 ], [ -88.353610250687311, 42.210946636590215, 0.0 ], [ -88.352388269352346, 42.210939381734605, 0.0 ], [ -88.352366770875804, 42.208675414231578, 0.0 ], [ -88.350646699686209, 42.208583100268029, 0.0 ], [ -88.350006975152468, 42.207934130870271, 0.0 ], [ -88.349859332556406, 42.207934563671287, 0.0 ], [ -88.349862903897488, 42.208604153181334, 0.0 ], [ -88.347250387462609, 42.208589215563237, 0.0 ], [ -88.347248184426874, 42.208808744081523, 0.0 ], [ -88.344929250882572, 42.208795446181909, 0.0 ], [ -88.344927153823164, 42.207824004106314, 0.0 ], [ -88.339503097295506, 42.207807191519819, 0.0 ], [ -88.338816202156906, 42.206179942150285, 0.0 ], [ -88.339159568157612, 42.205745395201959, 0.0 ], [ -88.340011830635547, 42.205332524848849, 0.0 ], [ -88.340073639071761, 42.204506873349132, 0.0 ], [ -88.354710155507348, 42.204539431945584, 0.0 ], [ -88.354779788414149, 42.21229177738136, 0.0 ], [ -88.353623390742371, 42.212328978207928, 0.0 ] ] ] } },
{ "type": "Feature", "properties": { "precinct_id": "MCHENRY:ALG 9", "name": "MCHENRY:ALG 9" }, "geometry": { "type": "Polygon", "coordinates": [ [ [ -88.347240361305353, 42.213864790540562, 0.0 ], [ -88.33900464360768, 42.21388572573531, 0.0 ], [ -88.33839014907015, 42.211697060092078, 0.0 ], [ -88.338603213836564, 42.211697805848914, 0.0 ], [ -88.337867672708342, 42.207802054212998, 0.0 ], [ -88.337353108252429, 42.207266834532859, 0.0 ], [ -88.336556656596969, 42.205194161515031, 0.0 ], [ -88.336491980734706, 42.204498890116064, 0.0 ], [ -88.340073639071761, 42.204506873349132, 0.0 ], [ -88.340011830635547, 42.205332524848849, 0.0 ], [ -88.339159568157612, 42.205745395201959, 0.0 ], [ -88.338816202156906, 42.206179942150285, 0.0 ], [ -88.339503097295506, 42.207807191519819, 0.0 ], [ -88.344927153823164, 42.207824004106314, 0.0 ], [ -88.344929250882572, 42.208795446181909, 0.0 ], [ -88.347248184426874, 42.208808744081523, 0.0 ], [ -88.347250387462609, 42.208589215563237, 0.0 ], [ -88.349862903897488, 42.208604153181334, 0.0 ], [ -88.349859332556406, 42.207934563671287, 0.0 ], [ -88.350646699686209, 42.208583100268029, 0.0 ], [ -88.352366770875804, 42.208675414231578, 0.0 ], [ -88.352388269352346, 42.210939381734605, 0.0 ], [ -88.353610250687311, 42.210946636590215, 0.0 ], [ -88.353623390742371, 42.212328978207928, 0.0 ], [ -88.349774207916639, 42.21231212784528, 0.0 ], [ -88.349778499087918, 42.214764521482245, 0.0 ], [ -88.347237048023629, 42.214749325792255, 0.0 ], [ -88.347240361305353, 42.213864790540562, 0.0 ] ] ] } },
{ "type": "Feature", "properties": { "precinct_id": "MCHENRY:ALG 8", "name": "MCHENRY:ALG 8" }, "geometry": { "type": "Polygon", "coordinates": [ [ [ -88.339194560199118, 42.218945865263713, 0.0 ], [ -88.339691436150858, 42.216923147742804, 0.0 ], [ -88.33900464360768, 42.21388572573531, 0.0 ], [ -88.347240361305353, 42.213864790540562, 0.0 ], [ -88.347237048023629, 42.214749325792255, 0.0 ], [ -88.349778499087918, 42.214764521482245, 0.0 ], [ -88.349774207916639, 42.21231212784528, 0.0 ], [ -88.354779788414149, 42.21229177738136, 0.0 ], [ -88.354824859199184, 42.218279105173096, 0.0 ], [ -88.351502172746237, 42.218291100999053, 0.0 ], [ -88.349547570126276, 42.21897853913363, 0.0 ], [ -88.339194560199118, 42.218945865263713, 0.0 ] ] ] } },
{ "type": "Feature", "properties": { "precinct_id": "MCHENRY:ALG 59", "name": "MCHENRY:ALG 59" }, "geometry": { "type": "Polygon", "coordinates": [ [ [ -88.201441949957285, 42.203156877589755, 0.0 ], [ -88.200638951935545, 42.202968876149768, 0.0 ], [ -88.199389949140951, 42.202981876169495, 0.0 ], [ -88.199242637203483, 42.203721970501206, 0.0 ], [ -88.199513816158273, 42.187677904535491, 0.0 ], [ -88.209184614422725, 42.192664245749611, 0.0 ], [ -88.209189804513144, 42.192331445167127, 0.0 ], [ -88.219018998750812, 42.197327881854122, 0.0 ], [ -88.218970136751778, 42.198003571524282, 0.0 ], [ -88.216488645222114, 42.19673345501802, 0.0 ], [ -88.215896036204683, 42.197673586506809, 0.0 ], [ -88.216475325981023, 42.197873510309343, 0.0 ], [ -88.21618377599259, 42.198215431448453, 0.0 ], [ -88.216165251360707, 42.19909350168826, 0.0 ], [ -88.218146844280426, 42.199093916769591, 0.0 ], [ -88.218962815421278, 42.19919862482007, 0.0 ], [ -88.218956353496736, 42.199364390176918, 0.0 ], [ -88.219198995709732, 42.199370312720163, 0.0 ], [ -88.218947939862289, 42.200284674922919, 0.0 ], [ -88.21685073094109, 42.202569644676721, 0.0 ], [ -88.217067601989882, 42.205043777912813, 0.0 ], [ -88.21372795525906, 42.205906875512611, 0.0 ], [ -88.211692954757169, 42.206151877907949, 0.0 ], [ -88.206196953236784, 42.205671876312614, 0.0 ], [ -88.203964952305014, 42.205179877052672, 0.0 ], [ -88.202868950528114, 42.204563877232744, 0.0 ], [ -88.201441949957285, 42.203156877589755, 0.0 ] ] ] } },
{ "type": "Feature", "properties": { "precinct_id": "MCHENRY:ALG 58", "name": "MCHENRY:ALG 58" }, "geometry": { "type": "Polygon", "coordinates": [ [ [ -88.217067601989882, 42.205043777912813, 0.0 ], [ -88.21685073094109, 42.202569644676721, 0.0 ], [ -88.218947939862289, 42.200284674922919, 0.0 ], [ -88.219198995709732, 42.199370312720163, 0.0 ], [ -88.218956353496736, 42.199364390176918, 0.0 ], [ -88.218962815421278, 42.19919862482007, 0.0 ], [ -88.218146844280426, 42.199093916769591, 0.0 ], [ -88.216165251360707, 42.19909350168826, 0.0 ], [ -88.21618377599259, 42.198215431448453, 0.0 ], [ -88.216475325981023, 42.197873510309343, 0.0 ], [ -88.215896036204683, 42.197673586506809, 0.0 ], [ -88.216488645222114, 42.19673345501802, 0.0 ], [ -88.218970136751778, 42.198003571524282, 0.0 ], [ -88.219018998750812, 42.197327881854122, 0.0 ], [ -88.218038097229964, 42.196833316359715, 0.0 ], [ -88.219587713049407, 42.195958722930285, 0.0 ], [ -88.223857566051294, 42.192723778096223, 0.0 ], [ -88.226507448976363, 42.191769555812613, 0.0 ], [ -88.228907068520869, 42.191670793950621, 0.0 ], [ -88.229172645980796, 42.190209354118785, 0.0 ], [ -88.231164182459594, 42.190209306632241, 0.0 ], [ -88.232776826273891, 42.190373512772155, 0.0 ], [ -88.232776963564788, 42.190566451478368, 0.0 ], [ -88.236883415824337, 42.190587838444443, 0.0 ], [ -88.234915673336729, 42.192228368228513, 0.0 ], [ -88.236570680315381, 42.193957819216116, 0.0 ], [ -88.238150795105938, 42.193691205970481, 0.0 ], [ -88.238129390533388, 42.194528189405538, 0.0 ], [ -88.235328960292904, 42.195173873150466, 0.0 ], [ -88.231766958817843, 42.197314874446754, 0.0 ], [ -88.229034957648665, 42.197957874601947, 0.0 ], [ -88.226907958476659, 42.198726874879533, 0.0 ], [ -88.225777958854934, 42.199371873704322, 0.0 ], [ -88.223700956438535, 42.203319874656671, 0.0 ], [ -88.222444957796142, 42.203876875854789, 0.0 ], [ -88.217067601989882, 42.205043777912813, 0.0 ] ] ] } },
{ "type": "Feature", "properties": { "precinct_id": "MCHENRY:ALG 54", "name": "MCHENRY:ALG 54" }, "geometry": { "type": "Polygon", "coordinates": [ [ [ -88.233493940171741, 42.212460808213088, 0.0 ], [ -88.233580268933579, 42.208808064277228, 0.0 ], [ -88.233952332837291, 42.208548273641988, 0.0 ], [ -88.232607538844121, 42.207651390099898, 0.0 ], [ -88.229187959149144, 42.203271861214375, 0.0 ], [ -88.224928412984852, 42.200930551365097, 0.0 ], [ -88.225330957058418, 42.200008875220625, 0.0 ], [ -88.225777958854934, 42.199371873704322, 0.0 ], [ -88.226907958476659, 42.198726874879533, 0.0 ], [ -88.229034957648665, 42.197957874601947, 0.0 ], [ -88.231766958817843, 42.197314874446754, 0.0 ], [ -88.235328960292904, 42.195173873150466, 0.0 ], [ -88.238377959674651, 42.194470873553236, 0.0 ], [ -88.241205961522681, 42.192856873479229, 0.0 ], [ -88.243820962385996, 42.191860872464289, 0.0 ], [ -88.247888391822002, 42.191097502742977, 0.0 ], [ -88.247557127249863, 42.197941409809658, 0.0 ], [ -88.247618004011741, 42.201311856358863, 0.0 ], [ -88.242896971263505, 42.201452243272215, 0.0 ], [ -88.24294256825489, 42.205867882128423, 0.0 ], [ -88.242689928914103, 42.209117586179076, 0.0 ], [ -88.242335833876368, 42.209199958423596, 0.0 ], [ -88.241371207826035, 42.208693202927883, 0.0 ], [ -88.238413711153669, 42.208642058152904, 0.0 ], [ -88.238276311280472, 42.208782099788621, 0.0 ], [ -88.238257605550714, 42.213681933297238, 0.0 ], [ -88.234023902006541, 42.21370942439048, 0.0 ], [ -88.234047332532285, 42.212490156497381, 0.0 ], [ -88.233493940171741, 42.212460808213088, 0.0 ] ] ] } },
{ "type": "Feature", "properties": { "precinct_id": "MCHENRY:ALG 53", "name": "MCHENRY:ALG 53" }, "geometry": { "type": "Polygon", "coordinates": [ [ [ -88.199183848433009, 42.219793680485189, 0.0 ], [ -88.199242637203483, 42.203721970501206, 0.0 ], [ -88.199389949140951, 42.202981876169495, 0.0 ], [ -88.200638951935545, 42.202968876149768, 0.0 ], [ -88.201441949957285, 42.203156877589755, 0.0 ], [ -88.202868950528114, 42.204563877232744, 0.0 ], [ -88.203964952305014, 42.205179877052672, 0.0 ], [ -88.206196953236784, 42.205671876312614, 0.0 ], [ -88.211692954757169, 42.206151877907949, 0.0 ], [ -88.21372795525906, 42.205906875512611, 0.0 ], [ -88.218285956478084, 42.204728876070888, 0.0 ], [ -88.222444957796142, 42.203876875854789, 0.0 ], [ -88.223700956438535, 42.203319874656671, 0.0 ], [ -88.224928412984852, 42.200930551365097, 0.0 ], [ -88.229187959149144, 42.203271861214375, 0.0 ], [ -88.232607538844121, 42.207651390099898, 0.0 ], [ -88.233952332837291, 42.208548273641988, 0.0 ], [ -88.233580268933579, 42.208808064277228, 0.0 ], [ -88.223792742775402, 42.208806160702991, 0.0 ], [ -88.223756974768492, 42.216067855576433, 0.0 ], [ -88.218879240025672, 42.216038834030954, 0.0 ], [ -88.218845509667275, 42.219671335485259, 0.0 ], [ -88.199183848433009, 42.219793680485189, 0.0 ] ] ] } },
{ "type": "Feature", "properties": { "precinct_id": "MCHENRY:ALG 56", "name": "MCHENRY:ALG 56" }, "geometry": { "type": "Polygon", "coordinates": [ [ [ -88.223792742775402, 42.208806160702991, 0.0 ], [ -88.233580268933579, 42.208808064277228, 0.0 ], [ -88.233493342207012, 42.212489071572016, 0.0 ], [ -88.231649563437941, 42.212492858298816, 0.0 ], [ -88.231644387734917, 42.213004519569274, 0.0 ], [ -88.230676253831959, 42.2136923724658, 0.0 ], [ -88.23062368413953, 42.21613227481086, 0.0 ], [ -88.223756974768492, 42.216067855576433, 0.0 ], [ -88.223792742775402, 42.208806160702991, 0.0 ] ] ] } },
{ "type": "Feature", "properties": { "precinct_id": "MCHENRY:ALG 52", "name": "MCHENRY:ALG 52" }, "geometry": { "type": "Polygon", "coordinates": [ [ [ -88.238244580150251, 42.219867862351499, 0.0 ], [ -88.238276311280472, 42.208782099788621, 0.0 ], [ -88.238413711153669, 42.208642058152904, 0.0 ], [ -88.240274531473787, 42.208670228853023, 0.0 ], [ -88.251515422567408, 42.214491638487999, 0.0 ], [ -88.250158851306097, 42.215961256370711, 0.0 ], [ -88.248892734145258, 42.219343317808736, 0.0 ], [ -88.243121228282106, 42.219618626682056, 0.0 ], [ -88.242922855079144, 42.223289204883102, 0.0 ], [ -88.238045910402633, 42.223512633742267, 0.0 ], [ -88.238244580150251, 42.219867862351499, 0.0 ] ] ] } },
{ "type": "Feature", "properties": { "precinct_id": "MCHENRY:ALG 57", "name": "MCHENRY:ALG 57" }, "geometry": { "type": "Polygon", "coordinates": [ [ [ -88.238243933259426, 42.219880045499693, 0.0 ], [ -88.218845350126614, 42.219684558850197, 0.0 ], [ -88.218879240025672, 42.216038834030954, 0.0 ], [ -88.23062368413953, 42.21613227481086, 0.0 ], [ -88.230676253831959, 42.2136923724658, 0.0 ], [ -88.231644387734917, 42.213004519569274, 0.0 ], [ -88.231649563437941, 42.212492858298816, 0.0 ], [ -88.234047332532285, 42.212490156497381, 0.0 ], [ -88.234023902006541, 42.21370942439048, 0.0 ], [ -88.238257605550714, 42.213681933297238, 0.0 ], [ -88.238243933259426, 42.219880045499693, 0.0 ] ] ] } },
{ "type": "Feature", "properties": { "precinct_id": "LAKE:CUBA 66", "name": "LAKE:Cuba 66" }, "geometry": { "type": "Polygon", "coordinates": [ [ [ -88.18272194785456, 42.235336884424761, 0.0 ], [ -88.181879948853904, 42.233461884368751, 0.0 ], [ -88.179168947412492, 42.231013884181444, 0.0 ], [ -88.179380948022896, 42.231015883620394, 0.0 ], [ -88.179380948022896, 42.230852883906508, 0.0 ], [ -88.177556946686295, 42.228869883120403, 0.0 ], [ -88.178134946096279, 42.228046882439344, 0.0 ], [ -88.176537946336992, 42.225563882596873, 0.0 ], [ -88.176131945557827, 42.224285882347083, 0.0 ], [ -88.176274945672958, 42.222583882722056, 0.0 ], [ -88.177189945366862, 42.22161188240878, 0.0 ], [ -88.178534946129346, 42.221137881805461, 0.0 ], [ -88.180088946230939, 42.221138881681327, 0.0 ], [ -88.183769947617847, 42.22062988159859, 0.0 ], [ -88.185391947491482, 42.220238881191278, 0.0 ], [ -88.186759947820207, 42.219376881525655, 0.0 ], [ -88.188409949079585, 42.217232881090879, 0.0 ], [ -88.18878594882321, 42.216073880076351, 0.0 ], [ -88.189609948280506, 42.214997880232168, 0.0 ], [ -88.190181947842731, 42.214998880205314, 0.0 ], [ -88.192694948917449, 42.212612879992299, 0.0 ], [ -88.193467949219411, 42.211105879533058, 0.0 ], [ -88.194615950338445, 42.20948987921944, 0.0 ], [ -88.195125949078076, 42.208384879401343, 0.0 ], [ -88.195206950167247, 42.207507878914505, 0.0 ], [ -88.194929111338723, 42.207131978955282, 0.0 ], [ -88.194444948837599, 42.204798878460188, 0.0 ], [ -88.195923949494414, 42.203659877912621, 0.0 ], [ -88.19923894938681, 42.203016841711403, 0.0 ], [ -88.199340425776228, 42.212490063498642, 0.0 ], [ -88.199048171474956, 42.23602199283448, 0.0 ], [ -88.19879128743969, 42.236661575073853, 0.0 ], [ -88.19116295125211, 42.236537884202761, 0.0 ], [ -88.189896950132308, 42.236675883815266, 0.0 ], [ -88.186941950090073, 42.237865885004105, 0.0 ], [ -88.186017949277002, 42.238041884791897, 0.0 ], [ -88.185276949660377, 42.237159884360388, 0.0 ], [ -88.18272194785456, 42.235336884424761, 0.0 ] ] ] } },
{ "type": "Feature", "properties": { "precinct_id": "MCHENRY:ALG 39", "name": "MCHENRY:ALG 39" }, "geometry": { "type": "Polygon", "coordinates": [ [ [ -88.237842739932617, 42.227164889154501, 0.0 ], [ -88.224266556889091, 42.227024648801354, 0.0 ], [ -88.224095615393452, 42.225289977345824, 0.0 ], [ -88.224634253192946, 42.222459474025293, 0.0 ], [ -88.224657568693445, 42.219734069521017, 0.0 ], [ -88.238243933259426, 42.219880045499693, 0.0 ], [ -88.238045910402633, 42.223512633742267, 0.0 ], [ -88.242922855079144, 42.223289204883102, 0.0 ], [ -88.243121228282106, 42.219618626682056, 0.0 ], [ -88.248877553763379, 42.219343738774498, 0.0 ], [ -88.247820809450275, 42.223065172889498, 0.0 ], [ -88.247795667274318, 42.226675210186357, 0.0 ], [ -88.237842739932617, 42.227164889154501, 0.0 ] ] ] } },
{ "type": "Feature", "properties": { "precinct_id": "LAKE:CUBA 67", "name": "LAKE:Cuba 67" }, "geometry": { "type": "Polygon", "coordinates": [ [ [ -88.198494384168228, 42.241561001451913, 0.0 ], [ -88.159229021491328, 42.241356326213015, 0.0 ], [ -88.159285942341, 42.236567885792454, 0.0 ], [ -88.160499941785645, 42.236583885880684, 0.0 ], [ -88.161764943080499, 42.236862886143783, 0.0 ], [ -88.161747942463748, 42.234609885191873, 0.0 ], [ -88.164265942663036, 42.23462888542845, 0.0 ], [ -88.164460941758378, 42.217164881961438, 0.0 ], [ -88.16085994073741, 42.219995882804575, 0.0 ], [ -88.157466939230588, 42.222181883322953, 0.0 ], [ -88.157506939413565, 42.219917883042022, 0.0 ], [ -88.159509940850342, 42.219981882956631, 0.0 ], [ -88.159704939047373, 42.212653881756204, 0.0 ], [ -88.169347758789371, 42.212745715063988, 0.0 ], [ -88.170172943272846, 42.212872881623653, 0.0 ], [ -88.171303004954083, 42.211913761710967, 0.0 ], [ -88.173415087601029, 42.211225951598763, 0.0 ], [ -88.178939945286999, 42.211128880328161, 0.0 ], [ -88.180842945368028, 42.210681880674692, 0.0 ], [ -88.181949945580854, 42.210085879764669, 0.0 ], [ -88.182715946210152, 42.209417879491838, 0.0 ], [ -88.183891946019955, 42.207200879289687, 0.0 ], [ -88.195078950120717, 42.20715087843358, 0.0 ], [ -88.195125949078076, 42.208384879401343, 0.0 ], [ -88.192694948917449, 42.212612879992299, 0.0 ], [ -88.190181947842731, 42.214998880205314, 0.0 ], [ -88.189609948280506, 42.214997880232168, 0.0 ], [ -88.18878594882321, 42.216073880076351, 0.0 ], [ -88.188409949079585, 42.217232881090879, 0.0 ], [ -88.186759947820207, 42.219376881525655, 0.0 ], [ -88.185391947491482, 42.220238881191278, 0.0 ], [ -88.183769947617847, 42.22062988159859, 0.0 ], [ -88.180088946230939, 42.221138881681327, 0.0 ], [ -88.178534946129346, 42.221137881805461, 0.0 ], [ -88.177189945366862, 42.22161188240878, 0.0 ], [ -88.176274945672958, 42.222583882722056, 0.0 ], [ -88.176131945557827, 42.224285882347083, 0.0 ], [ -88.176537946336992, 42.225563882596873, 0.0 ], [ -88.178134946096279, 42.228046882439344, 0.0 ], [ -88.177556946686295, 42.228869883120403, 0.0 ], [ -88.178078946918106, 42.229612883144455, 0.0 ], [ -88.179380948022896, 42.230852883906508, 0.0 ], [ -88.179380948022896, 42.231015883620394, 0.0 ], [ -88.179168947412492, 42.231013884181444, 0.0 ], [ -88.181879948853904, 42.233461884368751, 0.0 ], [ -88.18272194785456, 42.235336884424761, 0.0 ], [ -88.185276949660377, 42.237159884360388, 0.0 ], [ -88.186017949277002, 42.238041884791897, 0.0 ], [ -88.186941950090073, 42.237865885004105, 0.0 ], [ -88.189896950132308, 42.236675883815266, 0.0 ], [ -88.19116295125211, 42.236537884202761, 0.0 ], [ -88.19879128743969, 42.236661575073853, 0.0 ], [ -88.198494384168228, 42.241561001451913, 0.0 ] ] ] } },
{ "type": "Feature", "properties": { "precinct_id": "MCHENRY:ALG 49", "name": "MCHENRY:ALG 49" }, "geometry": { "type": "Polygon", "coordinates": [ [ [ -88.271922126619089, 42.211804012953863, 0.0 ], [ -88.271904925824003, 42.206964741790664, 0.0 ], [ -88.26937106108717, 42.207026406796579, 0.0 ], [ -88.268898281727758, 42.207235989458269, 0.0 ], [ -88.268159895801773, 42.207988101838296, 0.0 ], [ -88.26716748492403, 42.208081511410867, 0.0 ], [ -88.267128301477172, 42.205945199514794, 0.0 ], [ -88.26654137016196, 42.205944942108637, 0.0 ], [ -88.266542395841995, 42.204515919611815, 0.0 ], [ -88.266992418194448, 42.204518979768004, 0.0 ], [ -88.267021543664711, 42.200984004920961, 0.0 ], [ -88.272146076475821, 42.200979306377363, 0.0 ], [ -88.272073955160423, 42.199992506971505, 0.0 ], [ -88.27101147641585, 42.198897669042587, 0.0 ], [ -88.270244560143624, 42.197622995856392, 0.0 ], [ -88.268316106362832, 42.197093433351036, 0.0 ], [ -88.266161663237924, 42.195884370603743, 0.0 ], [ -88.267947693129912, 42.19398339692772, 0.0 ], [ -88.269574554310879, 42.191868462055297, 0.0 ], [ -88.270184995533356, 42.190205320772129, 0.0 ], [ -88.286508201271232, 42.190130577234619, 0.0 ], [ -88.286558579440893, 42.20456881560731, 0.0 ], [ -88.276797858481004, 42.204593492882601, 0.0 ], [ -88.276791063641227, 42.211762582649712, 0.0 ], [ -88.271922126619089, 42.211804012953863, 0.0 ] ] ] } },
{ "type": "Feature", "properties": { "precinct_id": "MCHENRY:ALG 51", "name": "MCHENRY:ALG 51" }, "geometry": { "type": "Polygon", "coordinates": [ [ [ -88.257348190813573, 42.211795476843079, 0.0 ], [ -88.257238989725792, 42.208178286913807, 0.0 ], [ -88.256432351053689, 42.208204119583897, 0.0 ], [ -88.258958614535004, 42.20335339679275, 0.0 ], [ -88.260326218477999, 42.201568664204437, 0.0 ], [ -88.266161663237924, 42.195884370603743, 0.0 ], [ -88.268316106362832, 42.197093433351036, 0.0 ], [ -88.270094258240974, 42.197531519954865, 0.0 ], [ -88.270551071594213, 42.197935782949315, 0.0 ], [ -88.27101147641585, 42.198897669042587, 0.0 ], [ -88.27200617922297, 42.199846858926591, 0.0 ], [ -88.272146076475821, 42.200979306377363, 0.0 ], [ -88.267021543664711, 42.200984004920961, 0.0 ], [ -88.266992418194448, 42.204518979768004, 0.0 ], [ -88.266542395841995, 42.204515919611815, 0.0 ], [ -88.26654137016196, 42.205944942108637, 0.0 ], [ -88.261497977139484, 42.205942443057765, 0.0 ], [ -88.260848179424926, 42.205757603133222, 0.0 ], [ -88.260400787883768, 42.205963456898083, 0.0 ], [ -88.260231807416957, 42.206324501536521, 0.0 ], [ -88.260527306980748, 42.206772665332487, 0.0 ], [ -88.260647895434076, 42.207702418543583, 0.0 ], [ -88.260944898839028, 42.208038018959947, 0.0 ], [ -88.260673745150456, 42.208172277980509, 0.0 ], [ -88.261104789320825, 42.208659028888498, 0.0 ], [ -88.26099683040664, 42.209980221971442, 0.0 ], [ -88.259025708857195, 42.210014745248778, 0.0 ], [ -88.259023395259504, 42.210540102468556, 0.0 ], [ -88.258862199662801, 42.210540410270511, 0.0 ], [ -88.25886143948901, 42.210905073736505, 0.0 ], [ -88.258677690608351, 42.210904872372822, 0.0 ], [ -88.258662652296692, 42.211795105696098, 0.0 ], [ -88.257348190813573, 42.211795476843079, 0.0 ] ] ] } },
{ "type": "Feature", "properties": { "precinct_id": "MCHENRY:ALG 50", "name": "MCHENRY:ALG 50" }, "geometry": { "type": "Polygon", "coordinates": [ [ [ -88.268707667364495, 42.211795030301339, 0.0 ], [ -88.267085491054047, 42.211663951892724, 0.0 ], [ -88.267087869353574, 42.211790456525854, 0.0 ], [ -88.258662652296692, 42.211795105696098, 0.0 ], [ -88.258677690608351, 42.210904872372822, 0.0 ], [ -88.25886143948901, 42.210905073736505, 0.0 ], [ -88.258862199662801, 42.210540410270511, 0.0 ], [ -88.259023395259504, 42.210540102468556, 0.0 ], [ -88.259025708857195, 42.210014745248778, 0.0 ], [ -88.26099683040664, 42.209980221971442, 0.0 ], [ -88.261104789320825, 42.208659028888498, 0.0 ], [ -88.260673745150456, 42.208172277980509, 0.0 ], [ -88.260944898839028, 42.208038018959947, 0.0 ], [ -88.260647895434076, 42.207702418543583, 0.0 ], [ -88.260527306980748, 42.206772665332487, 0.0 ], [ -88.260231807416957, 42.206324501536521, 0.0 ], [ -88.260400787883768, 42.205963456898083, 0.0 ], [ -88.260848179424926, 42.205757603133222, 0.0 ], [ -88.261497977139484, 42.205942443057765, 0.0 ], [ -88.267128301477172, 42.205945199514794, 0.0 ], [ -88.26716748492403, 42.208081511410867, 0.0 ], [ -88.268159895801773, 42.207988101838296, 0.0 ], [ -88.268898281727758, 42.207235989458248, 0.0 ], [ -88.26937106108717, 42.207026406796579, 0.0 ], [ -88.271904925824003, 42.206964741790664, 0.0 ], [ -88.271921468795625, 42.211644223605205, 0.0 ], [ -88.271446593635275, 42.211677007452643, 0.0 ], [ -88.271451897634634, 42.211802689803783, 0.0 ], [ -88.270056898237343, 42.211834336744097, 0.0 ], [ -88.269576918556524, 42.2116539758144, 0.0 ], [ -88.269389850322611, 42.211978060092363, 0.0 ], [ -88.268707667364495, 42.211795030301339, 0.0 ] ] ] } },
{ "type": "Feature", "properties": { "precinct_id": "MCHENRY:ALG 48", "name": "MCHENRY:ALG 48" }, "geometry": { "type": "Polygon", "coordinates": [ [ [ -88.257403826606193, 42.217490575538797, 0.0 ], [ -88.240379028512692, 42.208726395726451, 0.0 ], [ -88.241371207826035, 42.208693202927883, 0.0 ], [ -88.242335833876368, 42.209199958423596, 0.0 ], [ -88.242689928914103, 42.209117586179076, 0.0 ], [ -88.242941238486182, 42.205738881174462, 0.0 ], [ -88.243170432910134, 42.205744259856544, 0.0 ], [ -88.243583109648611, 42.205374274078018, 0.0 ], [ -88.244290681954794, 42.205523590762795, 0.0 ], [ -88.24432461309874, 42.206093925316445, 0.0 ], [ -88.24403641600486, 42.20667649481517, 0.0 ], [ -88.244498469858257, 42.206637311635163, 0.0 ], [ -88.244583525993193, 42.207680303377785, 0.0 ], [ -88.247633006876313, 42.207578922361769, 0.0 ], [ -88.247640310682542, 42.207227325157028, 0.0 ], [ -88.248023121508282, 42.207215042343343, 0.0 ], [ -88.248001315888857, 42.20685236419915, 0.0 ], [ -88.24954533998941, 42.206702603649511, 0.0 ], [ -88.251135883469388, 42.206765990956654, 0.0 ], [ -88.251120673227632, 42.205942801977201, 0.0 ], [ -88.25130482388974, 42.205934866245819, 0.0 ], [ -88.251241106580437, 42.205003634761091, 0.0 ], [ -88.25105660128574, 42.205002322288848, 0.0 ], [ -88.251098906292569, 42.204198905196961, 0.0 ], [ -88.253691494052646, 42.20366760824686, 0.0 ], [ -88.257148233173524, 42.203472707565268, 0.0 ], [ -88.25850196190882, 42.2042038084669, 0.0 ], [ -88.256432351053689, 42.208204119583897, 0.0 ], [ -88.257238989725792, 42.208178286913807, 0.0 ], [ -88.257348190813573, 42.211795476843079, 0.0 ], [ -88.257491338680524, 42.211795434728884, 0.0 ], [ -88.257487719871904, 42.212135728811504, 0.0 ], [ -88.257195504546317, 42.212300895240674, 0.0 ], [ -88.257545745805629, 42.21263138081742, 0.0 ], [ -88.257282076702083, 42.213521394237127, 0.0 ], [ -88.257595734817116, 42.213582136721868, 0.0 ], [ -88.257045598230846, 42.214572998296575, 0.0 ], [ -88.257645458260839, 42.214879280881767, 0.0 ], [ -88.257140664716644, 42.215453452086777, 0.0 ], [ -88.257385148690673, 42.215578745338235, 0.0 ], [ -88.257416814916809, 42.215861574205967, 0.0 ], [ -88.25824672380449, 42.215967987940964, 0.0 ], [ -88.25725009313075, 42.217010831674848, 0.0 ], [ -88.257403826606193, 42.217490575538797, 0.0 ] ] ] } },
{ "type": "Feature", "properties": { "precinct_id": "MCHENRY:ALG 40", "name": "MCHENRY:ALG 40" }, "geometry": { "type": "Polygon", "coordinates": [ [ [ -88.25876801956953, 42.214900136316643, 0.0 ], [ -88.257977745510289, 42.215048920806396, 0.0 ], [ -88.257045598230846, 42.214572998296575, 0.0 ], [ -88.257595734817116, 42.213582136721868, 0.0 ], [ -88.257282076702083, 42.213521394237127, 0.0 ], [ -88.257545745805629, 42.21263138081742, 0.0 ], [ -88.257195504546317, 42.212300895240674, 0.0 ], [ -88.257487719871904, 42.212135728811504, 0.0 ], [ -88.257491338680524, 42.211795434728884, 0.0 ], [ -88.267087869353574, 42.211790456525854, 0.0 ], [ -88.267085491054047, 42.211663951892724, 0.0 ], [ -88.269389850322611, 42.211978060092363, 0.0 ], [ -88.269576918556524, 42.2116539758144, 0.0 ], [ -88.270056898237343, 42.211834336744097, 0.0 ], [ -88.271451897634634, 42.211802689803783, 0.0 ], [ -88.271446593635275, 42.211677007452643, 0.0 ], [ -88.271921468795625, 42.211644223605205, 0.0 ], [ -88.271937544131305, 42.216123381181724, 0.0 ], [ -88.262259657361199, 42.216164552676645, 0.0 ], [ -88.259892890972637, 42.215035015433074, 0.0 ], [ -88.25876801956953, 42.214900136316643, 0.0 ] ] ] } },
{ "type": "Feature", "properties": { "precinct_id": "MCHENRY:ALG 32", "name": "MCHENRY:ALG 32" }, "geometry": { "type": "Polygon", "coordinates": [ [ [ -88.285206897962667, 42.226157035341153, 0.0 ], [ -88.276899288535688, 42.226200419882488, 0.0 ], [ -88.276816913601508, 42.216507236816433, 0.0 ], [ -88.278565490306008, 42.216247039028353, 0.0 ], [ -88.281565778664785, 42.216339535804238, 0.0 ], [ -88.28155327950914, 42.212747415634709, 0.0 ], [ -88.283854526531201, 42.212749005693404, 0.0 ], [ -88.284015038736413, 42.214107435307611, 0.0 ], [ -88.286268678940374, 42.21410894295812, 0.0 ], [ -88.286243646163868, 42.211772038972612, 0.0 ], [ -88.296283756167455, 42.211781536945985, 0.0 ], [ -88.295903661599183, 42.218962354731886, 0.0 ], [ -88.296293756816496, 42.226173441001841, 0.0 ], [ -88.285548250233788, 42.226155021846296, 0.0 ], [ -88.285211139912448, 42.225906735708527, 0.0 ], [ -88.285206897962667, 42.226157035341153, 0.0 ] ] ] } },
{ "type": "Feature", "properties": { "precinct_id": "MCHENRY:ALG 35", "name": "MCHENRY:ALG 35" }, "geometry": { "type": "Polygon", "coordinates": [ [ [ -88.255266438035704, 42.224001497289379, 0.0 ], [ -88.25533075441048, 42.219123408562162, 0.0 ], [ -88.2574205457408, 42.219034420098112, 0.0 ], [ -88.257399878542415, 42.21708795835584, 0.0 ], [ -88.25725009313075, 42.217010831674848, 0.0 ], [ -88.25824672380449, 42.215967987940964, 0.0 ], [ -88.257416814916809, 42.215861574205967, 0.0 ], [ -88.257385148690673, 42.215578745338235, 0.0 ], [ -88.257140664716644, 42.215453452086777, 0.0 ], [ -88.257645458260839, 42.214879280881767, 0.0 ], [ -88.257977745510289, 42.215048920806396, 0.0 ], [ -88.258879200060221, 42.214891832631373, 0.0 ], [ -88.259709189752357, 42.21497754345269, 0.0 ], [ -88.262259657361199, 42.216164552676645, 0.0 ], [ -88.271937544131305, 42.216123381181724, 0.0 ], [ -88.271922126619089, 42.211804012953863, 0.0 ], [ -88.276791063641227, 42.211762582649712, 0.0 ], [ -88.276895664070949, 42.2256811242789, 0.0 ], [ -88.275958398020549, 42.225416742071971, 0.0 ], [ -88.273023083023773, 42.223772986843336, 0.0 ], [ -88.267049039657081, 42.221440340595677, 0.0 ], [ -88.267077030283545, 42.22989326806492, 0.0 ], [ -88.257249674781605, 42.229905583439141, 0.0 ], [ -88.257287058949558, 42.224045062235888, 0.0 ], [ -88.255266438035704, 42.224001497289379, 0.0 ] ] ] } },
{ "type": "Feature", "properties": { "precinct_id": "MCHENRY:ALG 41", "name": "MCHENRY:ALG 41" }, "geometry": { "type": "Polygon", "coordinates": [ [ [ -88.247682902465442, 42.237795689364923, 0.0 ], [ -88.247820809450275, 42.223065172889498, 0.0 ], [ -88.248877553763379, 42.219343738774498, 0.0 ], [ -88.250158851306097, 42.215961256370711, 0.0 ], [ -88.25153708263926, 42.214469399535226, 0.0 ], [ -88.257403826606193, 42.217490575538797, 0.0 ], [ -88.2574205457408, 42.219034420098112, 0.0 ], [ -88.25533075441048, 42.219123408562162, 0.0 ], [ -88.255220425394143, 42.219350297745656, 0.0 ], [ -88.255266438035704, 42.224001497289379, 0.0 ], [ -88.257287058949558, 42.224045062235888, 0.0 ], [ -88.257249674781605, 42.229905583439141, 0.0 ], [ -88.267077030283545, 42.22989326806492, 0.0 ], [ -88.26706430520936, 42.233445768616903, 0.0 ], [ -88.25934687003776, 42.233484928823216, 0.0 ], [ -88.259130014495327, 42.234519861942502, 0.0 ], [ -88.259690097035872, 42.234655012837941, 0.0 ], [ -88.258839103900002, 42.236661137634634, 0.0 ], [ -88.257927386657812, 42.237144984407678, 0.0 ], [ -88.257280356087875, 42.23778102294402, 0.0 ], [ -88.256321316038651, 42.238256483363855, 0.0 ], [ -88.25610030544351, 42.238222445088176, 0.0 ], [ -88.255512625613036, 42.237415641354602, 0.0 ], [ -88.255153969177783, 42.236440996366163, 0.0 ], [ -88.255325649436401, 42.237935190603956, 0.0 ], [ -88.254902376135703, 42.238297149588888, 0.0 ], [ -88.254762427730768, 42.239213059888485, 0.0 ], [ -88.25440411336956, 42.239505992877326, 0.0 ], [ -88.254316903915679, 42.240498773170785, 0.0 ], [ -88.254761856123935, 42.241162161274985, 0.0 ], [ -88.255391330314325, 42.241487711060017, 0.0 ], [ -88.257322823337859, 42.24147257066673, 0.0 ], [ -88.257323487444793, 42.241579412189246, 0.0 ], [ -88.249646414667851, 42.241616537648355, 0.0 ], [ -88.250625841652322, 42.239794424645105, 0.0 ], [ -88.250107378680326, 42.239779039073007, 0.0 ], [ -88.249326211625188, 42.2376418627493, 0.0 ], [ -88.247682902465442, 42.237795689364923, 0.0 ] ] ] } },
{ "type": "Feature", "properties": { "precinct_id": "MCHENRY:ALG 34", "name": "MCHENRY:ALG 34" }, "geometry": { "type": "Polygon", "coordinates": [ [ [ -88.26706430520936, 42.233445768616903, 0.0 ], [ -88.267049039657081, 42.221440340595677, 0.0 ], [ -88.273312292143501, 42.223906277451221, 0.0 ], [ -88.275958398020578, 42.225416742071964, 0.0 ], [ -88.276895664070949, 42.2256811242789, 0.0 ], [ -88.276899288535688, 42.226200419882488, 0.0 ], [ -88.285206897962667, 42.226157035341153, 0.0 ], [ -88.285211139912448, 42.225906735708527, 0.0 ], [ -88.285548250233788, 42.226155021846296, 0.0 ], [ -88.296293756816496, 42.226173441001841, 0.0 ], [ -88.29629820714824, 42.233907482655738, 0.0 ], [ -88.291678588520654, 42.233974774954014, 0.0 ], [ -88.291260448922984, 42.235133372246182, 0.0 ], [ -88.289873051695253, 42.23513686126973, 0.0 ], [ -88.288788762209307, 42.234486972751171, 0.0 ], [ -88.288628063706312, 42.234639207263889, 0.0 ], [ -88.288263349759163, 42.234426534358626, 0.0 ], [ -88.287932749689105, 42.234739560722318, 0.0 ], [ -88.287433645614897, 42.23444851459189, 0.0 ], [ -88.287078145024196, 42.234823380396698, 0.0 ], [ -88.286887511051418, 42.236162916339687, 0.0 ], [ -88.286665948369574, 42.236163676286822, 0.0 ], [ -88.286664757456037, 42.2357756058435, 0.0 ], [ -88.286291911084646, 42.235772957032118, 0.0 ], [ -88.285787812537535, 42.235494937073142, 0.0 ], [ -88.285067786216402, 42.235489806293074, 0.0 ], [ -88.284393030978009, 42.235869166329266, 0.0 ], [ -88.281892419542089, 42.235832124392417, 0.0 ], [ -88.281772040988045, 42.241404966632132, 0.0 ], [ -88.255391330314325, 42.241487711060017, 0.0 ], [ -88.254740829922355, 42.241142636661294, 0.0 ], [ -88.254245370842341, 42.240174262508937, 0.0 ], [ -88.25440411336956, 42.239505992877326, 0.0 ], [ -88.254762427730768, 42.239213059888485, 0.0 ], [ -88.254861927404534, 42.238367480609448, 0.0 ], [ -88.255325649436401, 42.237935190603956, 0.0 ], [ -88.255153969177783, 42.236440996366163, 0.0 ], [ -88.255512625613036, 42.237415641354602, 0.0 ], [ -88.25610030544351, 42.238222445088176, 0.0 ], [ -88.256321316038651, 42.238256483363855, 0.0 ], [ -88.257280356087875, 42.23778102294402, 0.0 ], [ -88.257980016753095, 42.23710723284934, 0.0 ], [ -88.258817983382173, 42.236691090129426, 0.0 ], [ -88.259135810701906, 42.236190827514385, 0.0 ], [ -88.259690097035872, 42.234655012837941, 0.0 ], [ -88.259130014495327, 42.234519861942502, 0.0 ], [ -88.25934687003776, 42.233484928823216, 0.0 ], [ -88.26706430520936, 42.233445768616903, 0.0 ] ] ] } },
{ "type": "Feature", "properties": { "precinct_id": "MCHENRY:ALG 33", "name": "MCHENRY:ALG 33" }, "geometry": { "type": "Polygon", "coordinates": [ [ [ -88.296290240325106, 42.233195175058661, 0.0 ], [ -88.31145522620038, 42.241219175773466, 0.0 ], [ -88.281772040988045, 42.241404966632132, 0.0 ], [ -88.281892419542089, 42.235832124392417, 0.0 ], [ -88.284393030978009, 42.235869166329266, 0.0 ], [ -88.285067786216402, 42.235489806293074, 0.0 ], [ -88.285787812537535, 42.235494937073142, 0.0 ], [ -88.286291911084646, 42.235772957032118, 0.0 ], [ -88.286664757456037, 42.2357756058435, 0.0 ], [ -88.286665948369574, 42.236163676286822, 0.0 ], [ -88.286887511051418, 42.236162916339687, 0.0 ], [ -88.287078145024196, 42.234823380396698, 0.0 ], [ -88.287433645614897, 42.23444851459189, 0.0 ], [ -88.287932749689105, 42.234739560722318, 0.0 ], [ -88.288263349759163, 42.234426534358626, 0.0 ], [ -88.288628063706312, 42.234639207263889, 0.0 ], [ -88.288788762209307, 42.234486972751171, 0.0 ], [ -88.289873051695253, 42.23513686126973, 0.0 ], [ -88.291260448922984, 42.235133372246182, 0.0 ], [ -88.291678588520654, 42.233974774954014, 0.0 ], [ -88.29629820714824, 42.233907482655738, 0.0 ], [ -88.296290240325106, 42.233195175058661, 0.0 ] ] ] } },
{ "type": "Feature", "properties": { "precinct_id": "MCHENRY:ALG 6", "name": "MCHENRY:ALG 6" }, "geometry": { "type": "Polygon", "coordinates": [ [ [ -88.331618271580311, 42.219925920696028, 0.0 ], [ -88.330587450898705, 42.220185986740788, 0.0 ], [ -88.32952226892921, 42.220172483395189, 0.0 ], [ -88.328506943444296, 42.219930277652047, 0.0 ], [ -88.32942317109827, 42.217357111716986, 0.0 ], [ -88.328741122731159, 42.217222954199208, 0.0 ], [ -88.328386472090997, 42.216740992633845, 0.0 ], [ -88.327306615099445, 42.216764540421707, 0.0 ], [ -88.32624426040087, 42.216422481906463, 0.0 ], [ -88.327954508771711, 42.211686192430477, 0.0 ], [ -88.33839014907015, 42.211697060092078, 0.0 ], [ -88.339698529207112, 42.217012808755896, 0.0 ], [ -88.338714277398878, 42.220529122521484, 0.0 ], [ -88.33510460545449, 42.21990289749256, 0.0 ], [ -88.334845129339712, 42.220623941659134, 0.0 ], [ -88.331618271580311, 42.219925920696028, 0.0 ] ] ] } },
{ "type": "Feature", "properties": { "precinct_id": "MCHENRY:ALG 7", "name": "MCHENRY:ALG 7" }, "geometry": { "type": "Polygon", "coordinates": [ [ [ -88.315866625288947, 42.211796619190032, 0.0 ], [ -88.327954508771711, 42.211686192430477, 0.0 ], [ -88.32624426040087, 42.216422481906463, 0.0 ], [ -88.327306615099445, 42.216764540421707, 0.0 ], [ -88.328386472090997, 42.216740992633845, 0.0 ], [ -88.328741122731159, 42.217222954199208, 0.0 ], [ -88.32942317109827, 42.217357111716986, 0.0 ], [ -88.327666270131203, 42.222291210726404, 0.0 ], [ -88.326570378427192, 42.221882389880314, 0.0 ], [ -88.325510197572981, 42.222106680299653, 0.0 ], [ -88.324280064708518, 42.221861211925635, 0.0 ], [ -88.323048113751298, 42.222637469562358, 0.0 ], [ -88.316072335200047, 42.216557482840756, 0.0 ], [ -88.315713125988282, 42.214112759281953, 0.0 ], [ -88.315866625288947, 42.211796619190032, 0.0 ] ] ] } },
{ "type": "Feature", "properties": { "precinct_id": "MCHENRY:ALG 3", "name": "MCHENRY:ALG 3" }, "geometry": { "type": "Polygon", "coordinates": [ [ [ -88.34010413653435, 42.228129986750311, 0.0 ], [ -88.336392549169432, 42.228146918268479, 0.0 ], [ -88.339194560199118, 42.218945865263713, 0.0 ], [ -88.349547570126276, 42.21897853913363, 0.0 ], [ -88.351502172746834, 42.218291101003672, 0.0 ], [ -88.354824859199184, 42.218279105173096, 0.0 ], [ -88.354734377791928, 42.22615206048313, 0.0 ], [ -88.346736758003317, 42.226144959633686, 0.0 ], [ -88.346010785501633, 42.227667300802374, 0.0 ], [ -88.345063546753181, 42.227965622514731, 0.0 ], [ -88.344747756547022, 42.22822314199535, 0.0 ], [ -88.344051049859303, 42.228031792897049, 0.0 ], [ -88.340094191681501, 42.228269778568475, 0.0 ], [ -88.34010413653435, 42.228129986750311, 0.0 ] ] ] } },
{ "type": "Feature", "properties": { "precinct_id": "MCHENRY:ALG 5", "name": "MCHENRY:ALG 5" }, "geometry": { "type": "Polygon", "coordinates": [ [ [ -88.296291990650516, 42.226138322681436, 0.0 ], [ -88.295903661599183, 42.218962354731886, 0.0 ], [ -88.296283756167455, 42.211781536945985, 0.0 ], [ -88.315744812038147, 42.211798000538032, 0.0 ], [ -88.315713125988282, 42.214112759281953, 0.0 ], [ -88.316072335200047, 42.216557482840756, 0.0 ], [ -88.323048113751298, 42.222637469562358, 0.0 ], [ -88.324280064708518, 42.221861211925635, 0.0 ], [ -88.325510197572981, 42.222106680299653, 0.0 ], [ -88.326146803842917, 42.223251725892354, 0.0 ], [ -88.325995868912869, 42.223330691028359, 0.0 ], [ -88.326564659393, 42.223931163547668, 0.0 ], [ -88.327999111330598, 42.224266842666069, 0.0 ], [ -88.329323320446434, 42.225413793426583, 0.0 ], [ -88.329382588405736, 42.225257518903554, 0.0 ], [ -88.331852339949108, 42.225713701247763, 0.0 ], [ -88.330829152662233, 42.2276085041537, 0.0 ], [ -88.332225975415994, 42.228023799023291, 0.0 ], [ -88.332156262708565, 42.228180404340549, 0.0 ], [ -88.333593907432117, 42.229053170481222, 0.0 ], [ -88.334013863338186, 42.22864405124853, 0.0 ], [ -88.334456870968296, 42.227219502905129, 0.0 ], [ -88.336670697729033, 42.22723674818058, 0.0 ], [ -88.336076488044128, 42.22918114973838, 0.0 ], [ -88.332125520064892, 42.233054982065653, 0.0 ], [ -88.330629023382514, 42.23224345446927, 0.0 ], [ -88.327183907187589, 42.231658441908934, 0.0 ], [ -88.325798181035324, 42.234065648672257, 0.0 ], [ -88.320864159436809, 42.233572406522114, 0.0 ], [ -88.320848340329889, 42.23683568378339, 0.0 ], [ -88.315986643496402, 42.236877090726786, 0.0 ], [ -88.315795761157389, 42.226249994944958, 0.0 ], [ -88.314457964912123, 42.226228328619307, 0.0 ], [ -88.314425800043651, 42.223096585658162, 0.0 ], [ -88.310973113619269, 42.223084906288904, 0.0 ], [ -88.311026667227978, 42.226229496166248, 0.0 ], [ -88.296291990650516, 42.226138322681436, 0.0 ] ] ] } },
{ "type": "Feature", "properties": { "precinct_id": "MCHENRY:ALG 4", "name": "MCHENRY:ALG 4" }, "geometry": { "type": "Polygon", "coordinates": [ [ [ -88.330829152662233, 42.2276085041537, 0.0 ], [ -88.331852339949108, 42.225713701247763, 0.0 ], [ -88.329382588405736, 42.225257518903554, 0.0 ], [ -88.329323320446434, 42.225413793426583, 0.0 ], [ -88.327999111330598, 42.224266842666069, 0.0 ], [ -88.326564659393, 42.223931163547668, 0.0 ], [ -88.325995868912869, 42.223330691028359, 0.0 ], [ -88.326146803842917, 42.223251725892354, 0.0 ], [ -88.325510197572981, 42.222106680299653, 0.0 ], [ -88.326570378427192, 42.221882389880314, 0.0 ], [ -88.327666270131203, 42.222291210726404, 0.0 ], [ -88.328506943444296, 42.219930277652047, 0.0 ], [ -88.32952226892921, 42.220172483395189, 0.0 ], [ -88.330587450898705, 42.220185986740788, 0.0 ], [ -88.331618271580311, 42.219925920696028, 0.0 ], [ -88.332383679335678, 42.220007814071145, 0.0 ], [ -88.334845129339712, 42.220623941659134, 0.0 ], [ -88.33510460545449, 42.21990289749256, 0.0 ], [ -88.338714277398878, 42.220529122521484, 0.0 ], [ -88.336670697729033, 42.22723674818058, 0.0 ], [ -88.334456870968296, 42.227219502905129, 0.0 ], [ -88.334013863338186, 42.22864405124853, 0.0 ], [ -88.333593907432117, 42.229053170481222, 0.0 ], [ -88.332156262708565, 42.228180404340549, 0.0 ], [ -88.332225975415994, 42.228023799023291, 0.0 ], [ -88.330829152662233, 42.2276085041537, 0.0 ] ] ] } },
{ "type": "Feature", "properties": { "precinct_id": "MCHENRY:ALG 28", "name": "MCHENRY:ALG 28" }, "geometry": { "type": "Polygon", "coordinates": [ [ [ -88.31145522620038, 42.241219175773466, 0.0 ], [ -88.296279982416593, 42.233189877125731, 0.0 ], [ -88.296293756816496, 42.226173441001841, 0.0 ], [ -88.311026667227978, 42.226229496166248, 0.0 ], [ -88.310973113619269, 42.223084906288904, 0.0 ], [ -88.314425800043651, 42.223096585658162, 0.0 ], [ -88.314457964912123, 42.226228328619307, 0.0 ], [ -88.315795761157389, 42.226249994944958, 0.0 ], [ -88.315986643496402, 42.236877090726786, 0.0 ], [ -88.320848340329889, 42.23683568378339, 0.0 ], [ -88.320864159436809, 42.233572406522114, 0.0 ], [ -88.325798181035324, 42.234065648672257, 0.0 ], [ -88.327183907187589, 42.231658441908934, 0.0 ], [ -88.330629023382514, 42.23224345446927, 0.0 ], [ -88.332223966434995, 42.233108365901316, 0.0 ], [ -88.327193610206152, 42.238176058129312, 0.0 ], [ -88.328171606611278, 42.23870313702048, 0.0 ], [ -88.325882524108579, 42.241063125486981, 0.0 ], [ -88.31145522620038, 42.241219175773466, 0.0 ] ] ] } },
{ "type": "Feature", "properties": { "precinct_id": "MCHENRY:ALG 38", "name": "MCHENRY:ALG 38" }, "geometry": { "type": "Polygon", "coordinates": [ [ [ -88.2334988852934, 42.232709455083679, 0.0 ], [ -88.229604417858141, 42.232845426768684, 0.0 ], [ -88.228465917573146, 42.232417382880236, 0.0 ], [ -88.2273404055219, 42.232622374890667, 0.0 ], [ -88.225451440710955, 42.232384649005112, 0.0 ], [ -88.225090126039291, 42.232280334742001, 0.0 ], [ -88.224844670319257, 42.231488827757623, 0.0 ], [ -88.224072832135207, 42.230857681377955, 0.0 ], [ -88.218826731224169, 42.229287851920489, 0.0 ], [ -88.218845350126614, 42.219684558850197, 0.0 ], [ -88.224657568693445, 42.219734069521017, 0.0 ], [ -88.224634253192946, 42.222459474025293, 0.0 ], [ -88.224095615393452, 42.225289977345824, 0.0 ], [ -88.224266556889091, 42.227024648801354, 0.0 ], [ -88.237844561217599, 42.227132309957248, 0.0 ], [ -88.23791181344167, 42.228395126141379, 0.0 ], [ -88.23720948234336, 42.228391713720228, 0.0 ], [ -88.237404869065529, 42.231887002121553, 0.0 ], [ -88.235943446655142, 42.231892141989817, 0.0 ], [ -88.235411849202109, 42.232448494199467, 0.0 ], [ -88.23558773101449, 42.233399885019189, 0.0 ], [ -88.235105938215767, 42.234371048094431, 0.0 ], [ -88.234080550524695, 42.234367037803274, 0.0 ], [ -88.234798242837911, 42.233511223905616, 0.0 ], [ -88.234370352121587, 42.233417253948318, 0.0 ], [ -88.234178060379918, 42.232888356106976, 0.0 ], [ -88.2334988852934, 42.232709455083679, 0.0 ] ] ] } },
{ "type": "Feature", "properties": { "precinct_id": "MCHENRY:ALG 37", "name": "MCHENRY:ALG 37" }, "geometry": { "type": "Polygon", "coordinates": [ [ [ -88.237150434879823, 42.241690383332603, 0.0 ], [ -88.198500587807672, 42.241561024897749, 0.0 ], [ -88.198642194760836, 42.237085299311886, 0.0 ], [ -88.199085403924911, 42.236026747279695, 0.0 ], [ -88.199183848433009, 42.219793680485189, 0.0 ], [ -88.218845509667275, 42.219671335485259, 0.0 ], [ -88.218826731224169, 42.229287851920489, 0.0 ], [ -88.224072832135207, 42.230857681377955, 0.0 ], [ -88.224844670319257, 42.231488827757623, 0.0 ], [ -88.225090126039291, 42.232280334742001, 0.0 ], [ -88.225451440710955, 42.232384649005112, 0.0 ], [ -88.2273404055219, 42.232622374890667, 0.0 ], [ -88.228465917573146, 42.232417382880236, 0.0 ], [ -88.229604417858141, 42.232845426768684, 0.0 ], [ -88.23223644415117, 42.232696934553438, 0.0 ], [ -88.233947926632467, 42.23278179549871, 0.0 ], [ -88.234178060379918, 42.232888356106976, 0.0 ], [ -88.234370352121587, 42.233417253948318, 0.0 ], [ -88.234798242837911, 42.233511223905616, 0.0 ], [ -88.234080550524695, 42.234367037803274, 0.0 ], [ -88.235105938215767, 42.234371048094431, 0.0 ], [ -88.23558773101449, 42.233399885019189, 0.0 ], [ -88.235319891596859, 42.232601783175681, 0.0 ], [ -88.235943446655142, 42.231892141989817, 0.0 ], [ -88.237404869065529, 42.231887002121553, 0.0 ], [ -88.237546752735639, 42.23457979778653, 0.0 ], [ -88.237150434879823, 42.241690383332603, 0.0 ] ] ] } },
{ "type": "Feature", "properties": { "precinct_id": "MCHENRY:ALG 36", "name": "MCHENRY:ALG 36" }, "geometry": { "type": "Polygon", "coordinates": [ [ [ -88.237151379820233, 42.241612196133914, 0.0 ], [ -88.237546752735639, 42.23457979778653, 0.0 ], [ -88.23720948234336, 42.228391713720228, 0.0 ], [ -88.23791181344167, 42.228395126141379, 0.0 ], [ -88.237842739932617, 42.227164889154501, 0.0 ], [ -88.247784192808965, 42.226675776016421, 0.0 ], [ -88.247682902465442, 42.237795689364923, 0.0 ], [ -88.249326211625188, 42.2376418627493, 0.0 ], [ -88.250107378680326, 42.239779039073007, 0.0 ], [ -88.250625841652322, 42.239794424645105, 0.0 ], [ -88.249646414667851, 42.241616537648355, 0.0 ], [ -88.237151379820233, 42.241612196133914, 0.0 ] ] ] } },
{ "type": "Feature", "properties": { "precinct_id": "LAKE:WAUCONDA 346", "name": "LAKE:Wauconda 346" }, "geometry": { "type": "Polygon", "coordinates": [ [ [ -88.1838799526126, 42.266810889439469, 0.0 ], [ -88.180813951343922, 42.264886889551356, 0.0 ], [ -88.179326951189509, 42.264175889511179, 0.0 ], [ -88.172542948724001, 42.262789889019871, 0.0 ], [ -88.174009949685257, 42.262425889446433, 0.0 ], [ -88.174008948962026, 42.262143889534052, 0.0 ], [ -88.175930949309631, 42.262427889219708, 0.0 ], [ -88.177134950505149, 42.262331889394197, 0.0 ], [ -88.17740595066681, 42.261500889116945, 0.0 ], [ -88.178967951164296, 42.26152688854031, 0.0 ], [ -88.179161950434732, 42.260168888151384, 0.0 ], [ -88.180754949996057, 42.260182889058569, 0.0 ], [ -88.181181951589949, 42.259631888287721, 0.0 ], [ -88.181544950914798, 42.259680888874691, 0.0 ], [ -88.182066951146652, 42.25938488823622, 0.0 ], [ -88.182276951208905, 42.258955888121719, 0.0 ], [ -88.184207951777339, 42.25825288797197, 0.0 ], [ -88.185414951549305, 42.256533887793211, 0.0 ], [ -88.185960951172234, 42.256150887609436, 0.0 ], [ -88.186758951588587, 42.255905887865659, 0.0 ], [ -88.189449952938517, 42.256207887459468, 0.0 ], [ -88.190630952771187, 42.256090887081733, 0.0 ], [ -88.192795953691345, 42.256498887150848, 0.0 ], [ -88.1935379540312, 42.256865886955808, 0.0 ], [ -88.193977954247259, 42.25735588734068, 0.0 ], [ -88.194662954685683, 42.257166887301352, 0.0 ], [ -88.195352954248676, 42.257364887043501, 0.0 ], [ -88.196421954826675, 42.258045886759589, 0.0 ], [ -88.196908955796715, 42.258604887005561, 0.0 ], [ -88.198333814093061, 42.258241613901809, 0.0 ], [ -88.198422972783305, 42.269134716722895, 0.0 ], [ -88.193513954640068, 42.269077889427159, 0.0 ], [ -88.193528954708697, 42.270518889305499, 0.0 ], [ -88.192597956019583, 42.270509889485993, 0.0 ], [ -88.192597955121272, 42.270821889791193, 0.0 ], [ -88.191218954023569, 42.270207889257918, 0.0 ], [ -88.191226955317802, 42.273736889519512, 0.0 ], [ -88.186999, 42.273929, 0.0 ], [ -88.18393584370898, 42.27449991084994, 0.0 ], [ -88.1838799526126, 42.266810889439469, 0.0 ] ] ] } },
{ "type": "Feature", "properties": { "precinct_id": "LAKE:WAUCONDA 344", "name": "LAKE:Wauconda 344" }, "geometry": { "type": "Polygon", "coordinates": [ [ [ -88.191528957238219, 42.283420891858952, 0.0 ], [ -88.190992244970417, 42.283411536380484, 0.0 ], [ -88.190788, 42.282673, 0.0 ], [ -88.188956772131519, 42.282665025137213, 0.0 ], [ -88.188841955187911, 42.277744890889693, 0.0 ], [ -88.191307956406973, 42.27766589107415, 0.0 ], [ -88.191218954023569, 42.270207889257918, 0.0 ], [ -88.192597955121272, 42.270821889791193, 0.0 ], [ -88.192597956019583, 42.270509889485993, 0.0 ], [ -88.193528954708697, 42.270518889305499, 0.0 ], [ -88.193513954640068, 42.269077889427159, 0.0 ], [ -88.198422972783305, 42.269134716722895, 0.0 ], [ -88.198453519336397, 42.273028130533618, 0.0 ], [ -88.197041, 42.272841, 0.0 ], [ -88.196971, 42.274179, 0.0 ], [ -88.197588, 42.27443, 0.0 ], [ -88.198461985438129, 42.274433897370962, 0.0 ], [ -88.198520549141264, 42.284585768666496, 0.0 ], [ -88.19155378101452, 42.284531045409281, 0.0 ], [ -88.191528957238219, 42.283420891858952, 0.0 ] ] ] } },
{ "type": "Feature", "properties": { "precinct_id": "MCHENRY:ALG 1", "name": "MCHENRY:ALG 1" }, "geometry": { "type": "Polygon", "coordinates": [ [ [ -88.329885721056371, 42.241033457975959, 0.0 ], [ -88.343169326926017, 42.233037973357021, 0.0 ], [ -88.338181945893041, 42.232169869541245, 0.0 ], [ -88.33846290799228, 42.231292103467347, 0.0 ], [ -88.340553222837414, 42.231033660925434, 0.0 ], [ -88.342471277974369, 42.231536574714205, 0.0 ], [ -88.344212192151389, 42.231432858246578, 0.0 ], [ -88.344703534773615, 42.22984341738912, 0.0 ], [ -88.344747756547022, 42.22822314199535, 0.0 ], [ -88.345063546753181, 42.227965622514716, 0.0 ], [ -88.346011124549293, 42.227667662650859, 0.0 ], [ -88.346736758003317, 42.226144959633686, 0.0 ], [ -88.354734377791928, 42.22615206048313, 0.0 ], [ -88.355054, 42.240752, 0.0 ], [ -88.329885721056371, 42.241033457975959, 0.0 ] ] ] } },
{ "type": "Feature", "properties": { "precinct_id": "MCHENRY:ALG 2", "name": "MCHENRY:ALG 2" }, "geometry": { "type": "Polygon", "coordinates": [ [ [ -88.327193610206152, 42.238176058129312, 0.0 ], [ -88.336076488044128, 42.22918114973838, 0.0 ], [ -88.336392549169432, 42.228146918268479, 0.0 ], [ -88.34010413653435, 42.228129986750311, 0.0 ], [ -88.340094191681501, 42.228269778568475, 0.0 ], [ -88.344051049859516, 42.228031792888849, 0.0 ], [ -88.344747756547022, 42.22822314199535, 0.0 ], [ -88.344707112779247, 42.229820738654297, 0.0 ], [ -88.344212192151389, 42.231432858246578, 0.0 ], [ -88.342471277974369, 42.231536574714198, 0.0 ], [ -88.340553222837414, 42.231033660925434, 0.0 ], [ -88.33846290799228, 42.231292103467347, 0.0 ], [ -88.338181945893041, 42.232169869541245, 0.0 ], [ -88.343169326926017, 42.233037973357021, 0.0 ], [ -88.329885721056371, 42.241033457975959, 0.0 ], [ -88.325882524108579, 42.241063125486981, 0.0 ], [ -88.328171606611278, 42.23870313702048, 0.0 ], [ -88.327193610206152, 42.238176058129312, 0.0 ] ] ] } },
{ "type": "Feature", "properties": { "precinct_id": "LAKE:ELA 89", "name": "LAKE:Ela 89" }, "geometry": { "type": "Polygon", "coordinates": [ [ [ -88.025577900793778, 42.219827891077166, 0.0 ], [ -88.025644900740929, 42.218906890400554, 0.0 ], [ -88.025204900524884, 42.217970890042224, 0.0 ], [ -88.024028900715081, 42.218251889927565, 0.0 ], [ -88.02301889968831, 42.218159889754752, 0.0 ], [ -88.020650898378562, 42.216933890349814, 0.0 ], [ -88.020998898533108, 42.216081890369509, 0.0 ], [ -88.020126898496926, 42.214932889929152, 0.0 ], [ -88.019980898907036, 42.214300889792405, 0.0 ], [ -88.020666899170394, 42.212552889955802, 0.0 ], [ -88.021714898933681, 42.212347889856986, 0.0 ], [ -88.022163899370568, 42.211927889442698, 0.0 ], [ -88.02903690152452, 42.21159788872631, 0.0 ], [ -88.029216900551262, 42.208533888160751, 0.0 ], [ -88.02949490128394, 42.208072888947996, 0.0 ], [ -88.03059790129879, 42.20807588853085, 0.0 ], [ -88.030600901671846, 42.208193888201009, 0.0 ], [ -88.031776901481635, 42.207815888445964, 0.0 ], [ -88.036276902302987, 42.209968888339105, 0.0 ], [ -88.037225902332054, 42.208203888343341, 0.0 ], [ -88.037221903032403, 42.207854887828226, 0.0 ], [ -88.036123903040419, 42.207001887704706, 0.0 ], [ -88.034314901772404, 42.204660887682529, 0.0 ], [ -88.035178902310989, 42.204522887287446, 0.0 ], [ -88.034359901978235, 42.20244388689742, 0.0 ], [ -88.038077903175079, 42.199539885991712, 0.0 ], [ -88.04090090387119, 42.200028886812476, 0.0 ], [ -88.042206904275645, 42.19888788566562, 0.0 ], [ -88.042473903341048, 42.19823188564407, 0.0 ], [ -88.042503903478249, 42.197279885625491, 0.0 ], [ -88.057909049634063, 42.197383809093054, 0.0 ], [ -88.057946908901201, 42.202368885274588, 0.0 ], [ -88.060200909509817, 42.202386885725417, 0.0 ], [ -88.060217910126582, 42.20132388543113, 0.0 ], [ -88.062912749525765, 42.201359704225581, 0.0 ], [ -88.062789, 42.204672, 0.0 ], [ -88.048378906097639, 42.204630886898975, 0.0 ], [ -88.048293906607157, 42.215081888564278, 0.0 ], [ -88.041751904889296, 42.212395887901529, 0.0 ], [ -88.04113090492325, 42.213076888664339, 0.0 ], [ -88.041476905428027, 42.213291888395268, 0.0 ], [ -88.04185890501941, 42.214292887922568, 0.0 ], [ -88.041103905159105, 42.214733888770226, 0.0 ], [ -88.039961903887843, 42.214894889569067, 0.0 ], [ -88.039533904265681, 42.21585888915056, 0.0 ], [ -88.039225904294085, 42.216108889174812, 0.0 ], [ -88.036844904362184, 42.21627088908253, 0.0 ], [ -88.036861903182299, 42.21771988947561, 0.0 ], [ -88.036507904078292, 42.21851188963349, 0.0 ], [ -88.034790903770102, 42.217897889410445, 0.0 ], [ -88.034432902671512, 42.218100889609538, 0.0 ], [ -88.034400903782753, 42.218560889563079, 0.0 ], [ -88.032118902686733, 42.218478890351932, 0.0 ], [ -88.031123901728577, 42.218190890023202, 0.0 ], [ -88.030271901783891, 42.218431889530954, 0.0 ], [ -88.027751901934778, 42.218662890299321, 0.0 ], [ -88.026939901274744, 42.219038889855135, 0.0 ], [ -88.026474901842647, 42.21964089016879, 0.0 ], [ -88.026035900553197, 42.219819890572907, 0.0 ], [ -88.025577900793778, 42.219827891077166, 0.0 ] ] ] } },
{ "type": "Feature", "properties": { "precinct_id": "LAKE:ELA 88", "name": "LAKE:Ela 88" }, "geometry": { "type": "Polygon", "coordinates": [ [ [ -88.057992910728586, 42.218882888534736, 0.0 ], [ -88.053975908882691, 42.217115888266839, 0.0 ], [ -88.048293906607157, 42.215081888564278, 0.0 ], [ -88.048378906097639, 42.204630886898975, 0.0 ], [ -88.057977513877958, 42.204710856623088, 0.0 ], [ -88.058292, 42.209519, 0.0 ], [ -88.057992, 42.212481, 0.0 ], [ -88.057992910728586, 42.218882888534736, 0.0 ] ] ] } },
{ "type": "Feature", "properties": { "precinct_id": "LAKE:ELA 90", "name": "LAKE:Ela 90" }, "geometry": { "type": "Polygon", "coordinates": [ [ [ -88.004233269514046, 42.233463876410603, 0.0 ], [ -88.004338245607158, 42.197266934901947, 0.0 ], [ -88.018240897236026, 42.197158886765713, 0.0 ], [ -88.042503903478249, 42.197279885625491, 0.0 ], [ -88.042473903341048, 42.19823188564407, 0.0 ], [ -88.042206904275645, 42.19888788566562, 0.0 ], [ -88.04090090387119, 42.200028886812476, 0.0 ], [ -88.038077903175079, 42.199539885991712, 0.0 ], [ -88.034359901978235, 42.20244388689742, 0.0 ], [ -88.035178902310989, 42.204522887287446, 0.0 ], [ -88.034314901772404, 42.204660887682529, 0.0 ], [ -88.036123903040419, 42.207001887704706, 0.0 ], [ -88.037221903032403, 42.207854887828226, 0.0 ], [ -88.037225902332054, 42.208203888343341, 0.0 ], [ -88.036276902302987, 42.209968888339105, 0.0 ], [ -88.031776901481635, 42.207815888445964, 0.0 ], [ -88.030600901671846, 42.208193888201009, 0.0 ], [ -88.03059790129879, 42.20807588853085, 0.0 ], [ -88.02949490128394, 42.208072888947996, 0.0 ], [ -88.029216900551262, 42.208533888160751, 0.0 ], [ -88.02903690152452, 42.21159788872631, 0.0 ], [ -88.022163899370568, 42.211927889442698, 0.0 ], [ -88.021714898933681, 42.212347889856986, 0.0 ], [ -88.020666899170394, 42.212552889955802, 0.0 ], [ -88.019980898907036, 42.214300889792405, 0.0 ], [ -88.020126898496926, 42.214932889929152, 0.0 ], [ -88.020998898533108, 42.216081890369509, 0.0 ], [ -88.020650898378562, 42.216933890349814, 0.0 ], [ -88.02301889968831, 42.218159889754752, 0.0 ], [ -88.024028900715081, 42.218251889927565, 0.0 ], [ -88.025204900524884, 42.217970890042224, 0.0 ], [ -88.025670900680211, 42.219235890276757, 0.0 ], [ -88.02535090101307, 42.22020789057661, 0.0 ], [ -88.024026900166945, 42.221083890479214, 0.0 ], [ -88.018934898793603, 42.218239890201879, 0.0 ], [ -88.018910900300781, 42.233498892498517, 0.0 ], [ -88.004233269514046, 42.233463876410603, 0.0 ] ] ] } },
{ "type": "Feature", "properties": { "precinct_id": "LAKE:ELA 87", "name": "LAKE:Ela 87" }, "geometry": { "type": "Polygon", "coordinates": [ [ [ -88.056932911269726, 42.227968889961943, 0.0 ], [ -88.054373910164259, 42.227950890149224, 0.0 ], [ -88.053067910658129, 42.227606890524605, 0.0 ], [ -88.053086909128069, 42.226322889632051, 0.0 ], [ -88.043353907366381, 42.22630489068041, 0.0 ], [ -88.04333690674963, 42.226883891193872, 0.0 ], [ -88.042571906843577, 42.226916891404436, 0.0 ], [ -88.042128906254476, 42.227184890923077, 0.0 ], [ -88.040763905400453, 42.22701489148443, 0.0 ], [ -88.040300906516492, 42.22680589062773, 0.0 ], [ -88.039831905988152, 42.226946890915627, 0.0 ], [ -88.03605890543804, 42.227047891626498, 0.0 ], [ -88.033638904249742, 42.226870891327927, 0.0 ], [ -88.033546904188228, 42.22720889096346, 0.0 ], [ -88.028783902702855, 42.223798891341154, 0.0 ], [ -88.024026900166945, 42.221083890479214, 0.0 ], [ -88.025263900076126, 42.220283890867357, 0.0 ], [ -88.025577900793778, 42.219827891077166, 0.0 ], [ -88.026320900958552, 42.219738890233607, 0.0 ], [ -88.026939901274744, 42.219038889855135, 0.0 ], [ -88.027886901653986, 42.21861988994381, 0.0 ], [ -88.030271901783891, 42.218431889530954, 0.0 ], [ -88.031172903030694, 42.218187889590148, 0.0 ], [ -88.032118902686733, 42.218478890351932, 0.0 ], [ -88.034400903782753, 42.218560889563079, 0.0 ], [ -88.034432902671512, 42.218100889609538, 0.0 ], [ -88.034790903770102, 42.217897889410445, 0.0 ], [ -88.036507904078292, 42.21851188963349, 0.0 ], [ -88.036861903182299, 42.21771988947561, 0.0 ], [ -88.036844904362184, 42.21627088908253, 0.0 ], [ -88.039225904294085, 42.216108889174812, 0.0 ], [ -88.039533904265681, 42.21585888915056, 0.0 ], [ -88.039961903887843, 42.214894889569067, 0.0 ], [ -88.041103905159105, 42.214733888770226, 0.0 ], [ -88.04185890501941, 42.214292887922568, 0.0 ], [ -88.041476905428027, 42.213291888395268, 0.0 ], [ -88.04113090492325, 42.213076888664339, 0.0 ], [ -88.041751904889296, 42.212395887901529, 0.0 ], [ -88.046443907127866, 42.214421888425797, 0.0 ], [ -88.055133909149149, 42.217573888877951, 0.0 ], [ -88.057992910728586, 42.218882888534736, 0.0 ], [ -88.057970910987279, 42.222621888433949, 0.0 ], [ -88.059646911287587, 42.222723888597336, 0.0 ], [ -88.057959912014937, 42.225829889586606, 0.0 ], [ -88.057762911473134, 42.226686890021732, 0.0 ], [ -88.056932911269726, 42.227968889961943, 0.0 ] ] ] } },
{ "type": "Feature", "properties": { "precinct_id": "LAKE:CUBA 70", "name": "LAKE:Cuba 70" }, "geometry": { "type": "Polygon", "coordinates": [ [ [ -88.14917393686936, 42.224470883822249, 0.0 ], [ -88.148623937946766, 42.223884884303949, 0.0 ], [ -88.148689938069012, 42.223232883773804, 0.0 ], [ -88.148909938177042, 42.223200884141733, 0.0 ], [ -88.149261936732913, 42.222320884245327, 0.0 ], [ -88.148894937210102, 42.221776883762821, 0.0 ], [ -88.14969393745136, 42.220639883763589, 0.0 ], [ -88.149663937314131, 42.218723883094931, 0.0 ], [ -88.14936393684016, 42.217838883032847, 0.0 ], [ -88.149928937628005, 42.216534882768677, 0.0 ], [ -88.148977936152463, 42.215507883097857, 0.0 ], [ -88.148768936813411, 42.21375088280012, 0.0 ], [ -88.147863936266972, 42.21306488196727, 0.0 ], [ -88.146930936131398, 42.212674882633166, 0.0 ], [ -88.147062936375875, 42.212239882812412, 0.0 ], [ -88.151360936632514, 42.212920882595924, 0.0 ], [ -88.152785057898782, 42.212560081879133, 0.0 ], [ -88.159704939047373, 42.212653881756204, 0.0 ], [ -88.159509940850342, 42.219981882956631, 0.0 ], [ -88.157506939413565, 42.219917883042022, 0.0 ], [ -88.157466939230588, 42.222181883322953, 0.0 ], [ -88.151444938993052, 42.225917884705133, 0.0 ], [ -88.14917393686936, 42.224470883822249, 0.0 ] ] ] } },
{ "type": "Feature", "properties": { "precinct_id": "LAKE:CUBA 71", "name": "LAKE:Cuba 71" }, "geometry": { "type": "Polygon", "coordinates": [ [ [ -88.144796936969996, 42.229291885426385, 0.0 ], [ -88.14302993553477, 42.226701885510003, 0.0 ], [ -88.136675934137884, 42.226570885235127, 0.0 ], [ -88.135734933606429, 42.228465885646344, 0.0 ], [ -88.133419933796745, 42.227051885434093, 0.0 ], [ -88.130844932797743, 42.225020885258054, 0.0 ], [ -88.134950933433771, 42.224995885236282, 0.0 ], [ -88.135091932102455, 42.213377883026133, 0.0 ], [ -88.136283933602414, 42.213372883032072, 0.0 ], [ -88.137638933512349, 42.214795883341033, 0.0 ], [ -88.138587933541444, 42.21468088329739, 0.0 ], [ -88.139798933511329, 42.214245882655447, 0.0 ], [ -88.140866933366112, 42.214248883275793, 0.0 ], [ -88.140921934516015, 42.213137882863101, 0.0 ], [ -88.141289933863717, 42.212088882756909, 0.0 ], [ -88.147062936375875, 42.212239882812412, 0.0 ], [ -88.146930936131398, 42.212674882633166, 0.0 ], [ -88.147863936266972, 42.21306488196727, 0.0 ], [ -88.148768936813411, 42.21375088280012, 0.0 ], [ -88.148977936152463, 42.215507883097857, 0.0 ], [ -88.149928937628005, 42.216534882768677, 0.0 ], [ -88.14936393684016, 42.217838883032847, 0.0 ], [ -88.149663937314131, 42.218723883094931, 0.0 ], [ -88.14969393745136, 42.220639883763589, 0.0 ], [ -88.148894937210102, 42.221776883762821, 0.0 ], [ -88.149261936732913, 42.222320884245327, 0.0 ], [ -88.148909938177042, 42.223200884141733, 0.0 ], [ -88.148689938069012, 42.223232883773804, 0.0 ], [ -88.148623937946766, 42.223884884303949, 0.0 ], [ -88.14917393686936, 42.224470883822249, 0.0 ], [ -88.151444938993052, 42.225917884705133, 0.0 ], [ -88.14923793734178, 42.22719388495257, 0.0 ], [ -88.144796936969996, 42.229291885426385, 0.0 ] ] ] } },
{ "type": "Feature", "properties": { "precinct_id": "LAKE:CUBA 69", "name": "LAKE:Cuba 69" }, "geometry": { "type": "Polygon", "coordinates": [ [ [ -88.149775425427407, 42.241307527526963, 0.0 ], [ -88.120198286899949, 42.241172822687162, 0.0 ], [ -88.120423225047077, 42.212282176256494, 0.0 ], [ -88.141289933863717, 42.212088882756909, 0.0 ], [ -88.140921934516015, 42.213137882863101, 0.0 ], [ -88.140866933366112, 42.214248883275793, 0.0 ], [ -88.139798933511329, 42.214245882655447, 0.0 ], [ -88.138587933541444, 42.21468088329739, 0.0 ], [ -88.137638933512349, 42.214795883341033, 0.0 ], [ -88.136283933602414, 42.213372883032072, 0.0 ], [ -88.135091932102455, 42.213377883026133, 0.0 ], [ -88.134950933433771, 42.224995885236282, 0.0 ], [ -88.130844932797743, 42.225020885258054, 0.0 ], [ -88.133764933578234, 42.227286885710171, 0.0 ], [ -88.139759935848232, 42.230849886070587, 0.0 ], [ -88.142342936344832, 42.231593886444081, 0.0 ], [ -88.142349936915835, 42.230282886114651, 0.0 ], [ -88.143462936078123, 42.230328885700288, 0.0 ], [ -88.143446937082913, 42.231895885369994, 0.0 ], [ -88.142939936919717, 42.231756886239886, 0.0 ], [ -88.142920936653141, 42.232757885720424, 0.0 ], [ -88.144293937004761, 42.232747885475199, 0.0 ], [ -88.143821937001647, 42.232257885486483, 0.0 ], [ -88.143850937313957, 42.232006885843226, 0.0 ], [ -88.145082937200257, 42.232344885914259, 0.0 ], [ -88.144979937268104, 42.234014885636171, 0.0 ], [ -88.14776493832936, 42.234146885430455, 0.0 ], [ -88.149775425427407, 42.241307527526963, 0.0 ] ] ] } },
{ "type": "Feature", "properties": { "precinct_id": "LAKE:CUBA 68", "name": "LAKE:Cuba 68" }, "geometry": { "type": "Polygon", "coordinates": [ [ [ -88.159229021491328, 42.241356326213015, 0.0 ], [ -88.149775425427407, 42.241307527526963, 0.0 ], [ -88.14776493832936, 42.234146885430455, 0.0 ], [ -88.144979937268104, 42.234014885636171, 0.0 ], [ -88.145082937200257, 42.232344885914259, 0.0 ], [ -88.143850937313957, 42.232006885843226, 0.0 ], [ -88.143821937001647, 42.232257885486483, 0.0 ], [ -88.144293937004761, 42.232747885475199, 0.0 ], [ -88.142920936653141, 42.232757885720424, 0.0 ], [ -88.142939936919717, 42.231756886239886, 0.0 ], [ -88.143446937082913, 42.231895885369994, 0.0 ], [ -88.143462936078123, 42.230328885700288, 0.0 ], [ -88.142349936915835, 42.230282886114651, 0.0 ], [ -88.142342936344832, 42.231593886444081, 0.0 ], [ -88.139759935848232, 42.230849886070587, 0.0 ], [ -88.135734933606429, 42.228465885646344, 0.0 ], [ -88.136675934137884, 42.226570885235127, 0.0 ], [ -88.14302993553477, 42.226701885510003, 0.0 ], [ -88.144796936969996, 42.229291885426385, 0.0 ], [ -88.14965593871483, 42.226975884642407, 0.0 ], [ -88.153089938432899, 42.224909883808486, 0.0 ], [ -88.160418939798134, 42.220310882554081, 0.0 ], [ -88.164460941758378, 42.217164881961438, 0.0 ], [ -88.164265942663036, 42.23462888542845, 0.0 ], [ -88.161747942463748, 42.234609885191873, 0.0 ], [ -88.161764943080499, 42.236862886143783, 0.0 ], [ -88.160499941785645, 42.236583885880684, 0.0 ], [ -88.159285942341, 42.236567885792454, 0.0 ], [ -88.159229021491328, 42.241356326213015, 0.0 ] ] ] } },
{ "type": "Feature", "properties": { "precinct_id": "LAKE:WAUCONDA 354", "name": "LAKE:Wauconda 354" }, "geometry": { "type": "Polygon", "coordinates": [ [ [ -88.137550937242082, 42.258831890577845, 0.0 ], [ -88.136336872173359, 42.25896778154825, 0.0 ], [ -88.136299937987516, 42.258199890449987, 0.0 ], [ -88.136023, 42.257994, 0.0 ], [ -88.132220936217351, 42.258001891334999, 0.0 ], [ -88.132195292267923, 42.25848250984032, 0.0 ], [ -88.129973936179738, 42.258476890969085, 0.0 ], [ -88.129935, 42.259261, 0.0 ], [ -88.120066236422218, 42.259203001389459, 0.0 ], [ -88.120342092803895, 42.255647381266577, 0.0 ], [ -88.120047792140383, 42.248470853468852, 0.0 ], [ -88.120198286899949, 42.241172822687162, 0.0 ], [ -88.149775425427407, 42.241307527526963, 0.0 ], [ -88.149820940367903, 42.243630887541983, 0.0 ], [ -88.149000940210271, 42.246839888428738, 0.0 ], [ -88.145341939462966, 42.251282888805306, 0.0 ], [ -88.143575939649281, 42.250654889120362, 0.0 ], [ -88.142827937665032, 42.251369889601619, 0.0 ], [ -88.142992939318106, 42.252113889423711, 0.0 ], [ -88.139109937366527, 42.252098889334334, 0.0 ], [ -88.139077937579472, 42.249406889026908, 0.0 ], [ -88.138433936250607, 42.249229888926102, 0.0 ], [ -88.138446937567707, 42.250767889322766, 0.0 ], [ -88.137874938005496, 42.250768889394251, 0.0 ], [ -88.137855936840594, 42.249069888674285, 0.0 ], [ -88.134858936067232, 42.248243889072903, 0.0 ], [ -88.134882936356661, 42.250463889459624, 0.0 ], [ -88.138515937164712, 42.25373489007081, 0.0 ], [ -88.139314938304253, 42.255194890273437, 0.0 ], [ -88.141364938698374, 42.255301889658504, 0.0 ], [ -88.140433938212652, 42.256978889993015, 0.0 ], [ -88.140994678148004, 42.257360271008515, 0.0 ], [ -88.13949, 42.258832, 0.0 ], [ -88.138833, 42.2593, 0.0 ], [ -88.137550937242082, 42.258831890577845, 0.0 ] ] ] } },
{ "type": "Feature", "properties": { "precinct_id": "LAKE:WAUCONDA 347", "name": "LAKE:Wauconda 347" }, "geometry": { "type": "Polygon", "coordinates": [ [ [ -88.169164, 42.262122, 0.0 ], [ -88.162345944660188, 42.260382889806422, 0.0 ], [ -88.162342945185458, 42.258149889422555, 0.0 ], [ -88.159425943879683, 42.257374889371249, 0.0 ], [ -88.159455943118616, 42.253302887995943, 0.0 ], [ -88.164235945220753, 42.253321887923164, 0.0 ], [ -88.164159945052759, 42.248613887359298, 0.0 ], [ -88.159219943117066, 42.248584887613355, 0.0 ], [ -88.159131944151824, 42.252202888506417, 0.0 ], [ -88.154460941829626, 42.252170888932874, 0.0 ], [ -88.154399941730276, 42.248562888599693, 0.0 ], [ -88.151764940456815, 42.248537888592899, 0.0 ], [ -88.151757940784123, 42.247763887576824, 0.0 ], [ -88.149565940998087, 42.247742887731377, 0.0 ], [ -88.149567939749602, 42.248016887951998, 0.0 ], [ -88.149198939678655, 42.248018888182195, 0.0 ], [ -88.149203939701536, 42.248512888576208, 0.0 ], [ -88.147737940361822, 42.248498888402914, 0.0 ], [ -88.14869593971342, 42.247339887506307, 0.0 ], [ -88.149379940326952, 42.245820888173661, 0.0 ], [ -88.149901940558763, 42.242995887456622, 0.0 ], [ -88.149775425427407, 42.241307527526963, 0.0 ], [ -88.198241666707816, 42.24155941258897, 0.0 ], [ -88.198333814093061, 42.258241613901809, 0.0 ], [ -88.196908955796715, 42.258604887005561, 0.0 ], [ -88.196421954826675, 42.258045886759589, 0.0 ], [ -88.195352954248676, 42.257364887043501, 0.0 ], [ -88.194662954685683, 42.257166887301352, 0.0 ], [ -88.193977954247259, 42.25735588734068, 0.0 ], [ -88.1935379540312, 42.256865886955808, 0.0 ], [ -88.192795953691345, 42.256498887150848, 0.0 ], [ -88.190630952771187, 42.256090887081733, 0.0 ], [ -88.189449952938517, 42.256207887459468, 0.0 ], [ -88.187044951818834, 42.255878887463865, 0.0 ], [ -88.185805952259855, 42.25624388758321, 0.0 ], [ -88.185101951554827, 42.25687288810888, 0.0 ], [ -88.184207951777339, 42.25825288797197, 0.0 ], [ -88.182276951208905, 42.258955888121719, 0.0 ], [ -88.182066951146652, 42.25938488823622, 0.0 ], [ -88.181544950914798, 42.259680888874691, 0.0 ], [ -88.181181951589949, 42.259631888287721, 0.0 ], [ -88.180754949996057, 42.260182889058569, 0.0 ], [ -88.179161950434732, 42.260168888151384, 0.0 ], [ -88.178967951164296, 42.26152688854031, 0.0 ], [ -88.17740595066681, 42.261500889116945, 0.0 ], [ -88.177134950505149, 42.262331889394197, 0.0 ], [ -88.175930949309631, 42.262427889219708, 0.0 ], [ -88.174008948962026, 42.262143889534052, 0.0 ], [ -88.174009949685257, 42.262425889446433, 0.0 ], [ -88.172540534118667, 42.262799546647351, 0.0 ], [ -88.169164, 42.262122, 0.0 ] ] ] } },
{ "type": "Feature", "properties": { "precinct_id": "LAKE:ELA 83", "name": "LAKE:Ela 83" }, "geometry": { "type": "Polygon", "coordinates": [ [ [ -88.04321796531444, 42.240848059083142, 0.0 ], [ -88.004265, 42.240696, 0.0 ], [ -88.004233269514046, 42.233463876410603, 0.0 ], [ -88.018910900300781, 42.233498892498517, 0.0 ], [ -88.018934898793603, 42.218239890201879, 0.0 ], [ -88.028783902702855, 42.223798891341154, 0.0 ], [ -88.033546904188228, 42.22720889096346, 0.0 ], [ -88.033638904249742, 42.226870891327927, 0.0 ], [ -88.03605890543804, 42.227047891626498, 0.0 ], [ -88.039831905988152, 42.226946890915627, 0.0 ], [ -88.040300906516492, 42.22680589062773, 0.0 ], [ -88.040763905400453, 42.22701489148443, 0.0 ], [ -88.042128906254476, 42.227184890923077, 0.0 ], [ -88.042571906843577, 42.226916891404436, 0.0 ], [ -88.04333690674963, 42.226883891193872, 0.0 ], [ -88.043270907525724, 42.233208891474369, 0.0 ], [ -88.045810908364601, 42.234787891384592, 0.0 ], [ -88.043251907259133, 42.235746892322865, 0.0 ], [ -88.04321796531444, 42.240848059083142, 0.0 ] ] ] } },
{ "type": "Feature", "properties": { "precinct_id": "LAKE:ELA 82", "name": "LAKE:Ela 82" }, "geometry": { "type": "Polygon", "coordinates": [ [ [ -88.080180437660289, 42.240967997305766, 0.0 ], [ -88.04321796531444, 42.240848059083142, 0.0 ], [ -88.043251907259133, 42.235746892322865, 0.0 ], [ -88.045810908364601, 42.234787891384592, 0.0 ], [ -88.043270907525724, 42.233208891474369, 0.0 ], [ -88.043353907366381, 42.22630489068041, 0.0 ], [ -88.053086909128069, 42.226322889632051, 0.0 ], [ -88.053067910658129, 42.227606890524605, 0.0 ], [ -88.054373910164259, 42.227950890149224, 0.0 ], [ -88.056932911269726, 42.227968889961943, 0.0 ], [ -88.057827911770445, 42.226570889891477, 0.0 ], [ -88.057959912014937, 42.225829889586606, 0.0 ], [ -88.059646911287587, 42.222723888597336, 0.0 ], [ -88.057970910987279, 42.222621888433949, 0.0 ], [ -88.057992910728586, 42.218882888534736, 0.0 ], [ -88.059413910760767, 42.219114888891767, 0.0 ], [ -88.065076609747223, 42.219289181329174, 0.0 ], [ -88.0676579136165, 42.220165888503466, 0.0 ], [ -88.067706914020349, 42.228551888881661, 0.0 ], [ -88.067988914950931, 42.229596889270901, 0.0 ], [ -88.068601914521039, 42.230368890200147, 0.0 ], [ -88.073521917263562, 42.233324890048543, 0.0 ], [ -88.075174917099332, 42.234821890447769, 0.0 ], [ -88.080180437660289, 42.240967997305766, 0.0 ] ] ] } },
{ "type": "Feature", "properties": { "precinct_id": "LAKE:FREMONT 118", "name": "LAKE:Fremont 118" }, "geometry": { "type": "Polygon", "coordinates": [ [ [ -88.03368, 42.269129, 0.0 ], [ -88.028677992240205, 42.263527710160353, 0.0 ], [ -88.028244904549226, 42.248375895011556, 0.0 ], [ -88.030505881891315, 42.24658083609831, 0.0 ], [ -88.035419006040101, 42.244542402242217, 0.0 ], [ -88.045135680698152, 42.240862247167072, 0.0 ], [ -88.053076803081098, 42.240884816149752, 0.0 ], [ -88.053923911699101, 42.243719893273479, 0.0 ], [ -88.054573911977442, 42.245152892871452, 0.0 ], [ -88.056717912981213, 42.248220893153309, 0.0 ], [ -88.071318916708549, 42.248216893370611, 0.0 ], [ -88.071468917394711, 42.249192893346702, 0.0 ], [ -88.073463918435564, 42.25071789304188, 0.0 ], [ -88.073796918521481, 42.251980893250028, 0.0 ], [ -88.073574917865329, 42.252701893573722, 0.0 ], [ -88.071438918155792, 42.253706894033982, 0.0 ], [ -88.070189918551065, 42.254616893513486, 0.0 ], [ -88.068465916773548, 42.254784893720625, 0.0 ], [ -88.066361916851065, 42.254670894056318, 0.0 ], [ -88.065788916565609, 42.254265893512503, 0.0 ], [ -88.065160915130264, 42.252945893758842, 0.0 ], [ -88.063805915220328, 42.252344893940055, 0.0 ], [ -88.062711914527966, 42.253212893757286, 0.0 ], [ -88.062521915455491, 42.253989893799215, 0.0 ], [ -88.063592914784977, 42.255317894304625, 0.0 ], [ -88.063889915784216, 42.256509894915453, 0.0 ], [ -88.062882915130515, 42.256930894593779, 0.0 ], [ -88.064399917218793, 42.259029895064955, 0.0 ], [ -88.052914, 42.259025, 0.0 ], [ -88.051575, 42.25997, 0.0 ], [ -88.049166, 42.260041, 0.0 ], [ -88.048861, 42.261926, 0.0 ], [ -88.050150206319969, 42.26263900187697, 0.0 ], [ -88.042918, 42.262641, 0.0 ], [ -88.042946, 42.266425, 0.0 ], [ -88.038661909619378, 42.266984897927088, 0.0 ], [ -88.037496, 42.267275, 0.0 ], [ -88.03368, 42.269129, 0.0 ] ] ] } },
{ "type": "Feature", "properties": { "precinct_id": "LAKE:ELA 80", "name": "LAKE:Ela 80" }, "geometry": { "type": "Polygon", "coordinates": [ [ [ -88.110958839318286, 42.241081206392913, 0.0 ], [ -88.092105889263962, 42.241004751642279, 0.0 ], [ -88.092037920932924, 42.226449887928602, 0.0 ], [ -88.087233919439669, 42.223897888110905, 0.0 ], [ -88.083865918047209, 42.221247888016826, 0.0 ], [ -88.082387917215286, 42.220737887600066, 0.0 ], [ -88.082608918046546, 42.21924388752862, 0.0 ], [ -88.086569918917604, 42.219247887152093, 0.0 ], [ -88.086551918475962, 42.21712188657353, 0.0 ], [ -88.090882919242901, 42.217130886028343, 0.0 ], [ -88.090835294159788, 42.214690578360887, 0.0 ], [ -88.092491116793965, 42.213790191406247, 0.0 ], [ -88.096640920788104, 42.213761885382098, 0.0 ], [ -88.096884921185577, 42.212004885746715, 0.0 ], [ -88.101378922159114, 42.212010885204165, 0.0 ], [ -88.101818923273498, 42.213183884961005, 0.0 ], [ -88.101804923928114, 42.216382885712136, 0.0 ], [ -88.104489924531961, 42.21640988505402, 0.0 ], [ -88.10450292405244, 42.219324885841822, 0.0 ], [ -88.101690923226982, 42.219299886225706, 0.0 ], [ -88.101741924178924, 42.231320887781543, 0.0 ], [ -88.101188923984964, 42.232269888534262, 0.0 ], [ -88.106058926498775, 42.235509888995544, 0.0 ], [ -88.108226927792003, 42.236687888018082, 0.0 ], [ -88.110770927930531, 42.237911889039431, 0.0 ], [ -88.11153892820964, 42.237705888519699, 0.0 ], [ -88.111611928004592, 42.240942889877147, 0.0 ], [ -88.110958839318286, 42.241081206392913, 0.0 ] ] ] } },
{ "type": "Feature", "properties": { "precinct_id": "LAKE:ELA 79", "name": "LAKE:Ela 79" }, "geometry": { "type": "Polygon", "coordinates": [ [ [ -88.120198286899949, 42.241172822687162, 0.0 ], [ -88.111222980842754, 42.2410826495368, 0.0 ], [ -88.111546928605563, 42.24102588939963, 0.0 ], [ -88.111623928598462, 42.240831889159267, 0.0 ], [ -88.11153892820964, 42.237705888519699, 0.0 ], [ -88.110770927930531, 42.237911889039431, 0.0 ], [ -88.108226927792003, 42.236687888018082, 0.0 ], [ -88.106058926498775, 42.235509888995544, 0.0 ], [ -88.101188923984964, 42.232269888534262, 0.0 ], [ -88.101741924178924, 42.231320887781543, 0.0 ], [ -88.101690923226982, 42.219299886225706, 0.0 ], [ -88.10450292405244, 42.219324885841822, 0.0 ], [ -88.104489924531961, 42.21640988505402, 0.0 ], [ -88.101804923928114, 42.216382885712136, 0.0 ], [ -88.101818923273498, 42.213183884961005, 0.0 ], [ -88.101378922159114, 42.212010885204165, 0.0 ], [ -88.120423225047077, 42.212282176256494, 0.0 ], [ -88.120198286899949, 42.241172822687162, 0.0 ] ] ] } },
{ "type": "Feature", "properties": { "precinct_id": "LAKE:ELA 81", "name": "LAKE:Ela 81" }, "geometry": { "type": "Polygon", "coordinates": [ [ [ -88.092039698698869, 42.241004584051218, 0.0 ], [ -88.080180437660289, 42.240967997305766, 0.0 ], [ -88.074452916850987, 42.23407288986273, 0.0 ], [ -88.073033915570306, 42.233006889652614, 0.0 ], [ -88.069108915582547, 42.230714889520421, 0.0 ], [ -88.068171914350714, 42.229899890171943, 0.0 ], [ -88.067706914020349, 42.228551888881661, 0.0 ], [ -88.0676579136165, 42.220165888503466, 0.0 ], [ -88.066788912156753, 42.219824888726066, 0.0 ], [ -88.073371913882468, 42.214713886559558, 0.0 ], [ -88.075621915191462, 42.215601887061467, 0.0 ], [ -88.083682315553986, 42.215517847410553, 0.0 ], [ -88.083587918212871, 42.216675886701168, 0.0 ], [ -88.088201918837015, 42.215549886273394, 0.0 ], [ -88.090835294159788, 42.214690578360887, 0.0 ], [ -88.090882919242901, 42.217130886028343, 0.0 ], [ -88.086551918475962, 42.21712188657353, 0.0 ], [ -88.086569918917604, 42.219247887152093, 0.0 ], [ -88.082608918046546, 42.21924388752862, 0.0 ], [ -88.082387917215286, 42.220737887600066, 0.0 ], [ -88.083865918047209, 42.221247888016826, 0.0 ], [ -88.087233919439669, 42.223897888110905, 0.0 ], [ -88.092037920932924, 42.226449887928602, 0.0 ], [ -88.092039698698869, 42.241004584051218, 0.0 ] ] ] } },
{ "type": "Feature", "properties": { "precinct_id": "LAKE:FREMONT 115", "name": "LAKE:Fremont 115" }, "geometry": { "type": "Polygon", "coordinates": [ [ [ -88.084414, 42.266204, 0.0 ], [ -88.069678, 42.266255, 0.0 ], [ -88.062882915130515, 42.256930894593779, 0.0 ], [ -88.063889915784216, 42.256509894915453, 0.0 ], [ -88.063592914784977, 42.255317894304625, 0.0 ], [ -88.062521915455491, 42.253989893799215, 0.0 ], [ -88.062591915775698, 42.253372894803555, 0.0 ], [ -88.063805915220328, 42.252344893940055, 0.0 ], [ -88.065160915130264, 42.252945893758842, 0.0 ], [ -88.065788916565609, 42.254265893512503, 0.0 ], [ -88.066608915824943, 42.254750893445703, 0.0 ], [ -88.068465916773548, 42.254784893720625, 0.0 ], [ -88.070189918551065, 42.254616893513486, 0.0 ], [ -88.071438918155792, 42.253706894033982, 0.0 ], [ -88.073574917865329, 42.252701893573722, 0.0 ], [ -88.073796918521481, 42.251980893250028, 0.0 ], [ -88.073636917789614, 42.251049892899125, 0.0 ], [ -88.073078917572786, 42.250371893009401, 0.0 ], [ -88.072213918107607, 42.249879893381092, 0.0 ], [ -88.071426917561936, 42.249143892589906, 0.0 ], [ -88.071318916708549, 42.248216893370611, 0.0 ], [ -88.056717912981213, 42.248220893153309, 0.0 ], [ -88.054573911977442, 42.245152892871452, 0.0 ], [ -88.053923911699101, 42.243719893273479, 0.0 ], [ -88.053076803081098, 42.240884816149752, 0.0 ], [ -88.120198286899949, 42.241172822687162, 0.0 ], [ -88.120047792140383, 42.248470853468852, 0.0 ], [ -88.120342092803895, 42.255647381266577, 0.0 ], [ -88.11979713422393, 42.262728806482677, 0.0 ], [ -88.091052924512098, 42.262544894460419, 0.0 ], [ -88.089067, 42.263115, 0.0 ], [ -88.084414, 42.266204, 0.0 ] ] ] } },
{ "type": "Feature", "properties": { "precinct_id": "LAKE:WAUCONDA 353", "name": "LAKE:Wauconda 353" }, "geometry": { "type": "Polygon", "coordinates": [ [ [ -88.162533945036898, 42.26052043609014, 0.0 ], [ -88.152305941853527, 42.257666889623479, 0.0 ], [ -88.146814941170334, 42.256797889961192, 0.0 ], [ -88.143084939379619, 42.256609890223039, 0.0 ], [ -88.141908938671506, 42.256881889875245, 0.0 ], [ -88.140994678148004, 42.257360271008515, 0.0 ], [ -88.140433938212652, 42.256978889993015, 0.0 ], [ -88.141364938698374, 42.255301889658504, 0.0 ], [ -88.139314938304253, 42.255194890273437, 0.0 ], [ -88.138515937164712, 42.25373489007081, 0.0 ], [ -88.134882936356661, 42.250463889459624, 0.0 ], [ -88.134858936067232, 42.248243889072903, 0.0 ], [ -88.137855936840594, 42.249069888674285, 0.0 ], [ -88.137874938005496, 42.250768889394251, 0.0 ], [ -88.138446937567707, 42.250767889322766, 0.0 ], [ -88.138433936250607, 42.249229888926102, 0.0 ], [ -88.139077937579472, 42.249406889026908, 0.0 ], [ -88.139109937366527, 42.252098889334334, 0.0 ], [ -88.142992939318106, 42.252113889423711, 0.0 ], [ -88.142827937665032, 42.251369889601619, 0.0 ], [ -88.143575939649281, 42.250654889120362, 0.0 ], [ -88.145341939462966, 42.251282888805306, 0.0 ], [ -88.147737940361822, 42.248498888402914, 0.0 ], [ -88.149203939701536, 42.248512888576208, 0.0 ], [ -88.149198939678655, 42.248018888182195, 0.0 ], [ -88.149567939749602, 42.248016887951998, 0.0 ], [ -88.149565940998087, 42.247742887731377, 0.0 ], [ -88.151757940784123, 42.247763887576824, 0.0 ], [ -88.151764940456815, 42.248537888592899, 0.0 ], [ -88.154399941730276, 42.248562888599693, 0.0 ], [ -88.154460941829626, 42.252170888932874, 0.0 ], [ -88.159131944151824, 42.252202888506417, 0.0 ], [ -88.159219943117066, 42.248584887613355, 0.0 ], [ -88.164159945052759, 42.248613887359298, 0.0 ], [ -88.164235945220753, 42.253321887923164, 0.0 ], [ -88.159455943118616, 42.253302887995943, 0.0 ], [ -88.159425943879683, 42.257374889371249, 0.0 ], [ -88.162342945185458, 42.258149889422555, 0.0 ], [ -88.162345944660188, 42.260382889806422, 0.0 ], [ -88.162533945036898, 42.26052043609014, 0.0 ] ] ] } },
{ "type": "Feature", "properties": { "precinct_id": "CITY OF CHICAGO:WARD 46 PRECINCT 08", "name": "CITY OF CHICAGO:Ward 46 Precinct 08" }, "geometry": { "type": "Polygon", "coordinates": [ [ [ -87.652019909367709, 41.9511611854699, 0.0 ], [ -87.656806, 41.951087, 0.0 ], [ -87.656792000350492, 41.954452000159733, 0.0 ], [ -87.652122999976413, 41.954521999790529, 0.0 ], [ -87.652019909367709, 41.9511611854699, 0.0 ] ] ] } },
{ "type": "Feature", "properties": { "precinct_id": "CITY OF CHICAGO:WARD 46 PRECINCT 07", "name": "CITY OF CHICAGO:Ward 46 Precinct 07" }, "geometry": { "type": "Polygon", "coordinates": [ [ [ -87.652019999723151, 41.951163999618927, 0.0 ], [ -87.652122999976413, 41.954521999790529, 0.0 ], [ -87.649699999755157, 41.954560999790374, 0.0 ], [ -87.649619999666044, 41.951198000083721, 0.0 ], [ -87.652019999723151, 41.951163999618927, 0.0 ] ] ] } },
{ "type": "Feature", "properties": { "precinct_id": "CITY OF CHICAGO:WARD 46 PRECINCT 06", "name": "CITY OF CHICAGO:Ward 46 Precinct 06" }, "geometry": { "type": "Polygon", "coordinates": [ [ [ -87.64961999966323, 41.951198000287548, 0.0 ], [ -87.649699999755157, 41.954560999790374, 0.0 ], [ -87.646648000205005, 41.954614000435811, 0.0 ], [ -87.646554000366777, 41.952933000257815, 0.0 ], [ -87.647896000200205, 41.952848999981427, 0.0 ], [ -87.647849000001344, 41.951642000035072, 0.0 ], [ -87.64961999966323, 41.951198000287548, 0.0 ] ] ] } },
{ "type": "Feature", "properties": { "precinct_id": "CITY OF CHICAGO:WARD 46 PRECINCT 14", "name": "CITY OF CHICAGO:Ward 46 Precinct 14" }, "geometry": { "type": "Polygon", "coordinates": [ [ [ -87.650531000305349, 41.954548000090206, 0.0 ], [ -87.653030000434114, 41.958449000121334, 0.0 ], [ -87.649815999708608, 41.958488000121172, 0.0 ], [ -87.649699999755157, 41.954560999790374, 0.0 ], [ -87.650531000305349, 41.954548000090206, 0.0 ] ] ] } },
{ "type": "Feature", "properties": { "precinct_id": "CITY OF CHICAGO:WARD 46 PRECINCT 16", "name": "CITY OF CHICAGO:Ward 46 Precinct 16" }, "geometry": { "type": "Polygon", "coordinates": [ [ [ -87.645818999747007, 41.958494000397884, 0.0 ], [ -87.64623099986072, 41.961988999692608, 0.0 ], [ -87.65474799962044, 41.961778999900957, 0.0 ], [ -87.654777000058459, 41.964445999683164, 0.0 ], [ -87.649988000445816, 41.96451300007493, 0.0 ], [ -87.650093999938122, 41.968250999783884, 0.0 ], [ -87.649380000286726, 41.968252999876093, 0.0 ], [ -87.649636000401074, 41.969175000126206, 0.0 ], [ -87.644200999776274, 41.969813999916191, 0.0 ], [ -87.641732000131654, 41.967655000178191, 0.0 ], [ -87.639202000371981, 41.966204999860906, 0.0 ], [ -87.636435999621639, 41.965522999886623, 0.0 ], [ -87.632419999971219, 41.965289999944517, 0.0 ], [ -87.631480000783753, 41.963478001510829, 0.0 ], [ -87.635932, 41.961412, 0.0 ], [ -87.635431000040569, 41.962403999944677, 0.0 ], [ -87.635834999785402, 41.962739000104825, 0.0 ], [ -87.63648199994428, 41.962865999666178, 0.0 ], [ -87.64141099971782, 41.962313000244819, 0.0 ], [ -87.642036999807644, 41.961988999692608, 0.0 ], [ -87.642323999552886, 41.961204000364376, 0.0 ], [ -87.641582000408945, 41.960364000298455, 0.0 ], [ -87.641716000293101, 41.95856900025921, 0.0 ], [ -87.641080466105279, 41.954852764349987, 0.0 ], [ -87.644186000001895, 41.954659, 0.0 ], [ -87.645818999747007, 41.958494000397884, 0.0 ] ] ] } },
{ "type": "Feature", "properties": { "precinct_id": "CITY OF CHICAGO:WARD 46 PRECINCT 13", "name": "CITY OF CHICAGO:Ward 46 Precinct 13" }, "geometry": { "type": "Polygon", "coordinates": [ [ [ -87.656927000280803, 41.958581999959392, 0.0 ], [ -87.65624600035261, 41.958619999913147, 0.0 ], [ -87.655863999823666, 41.958416000398131, 0.0 ], [ -87.653030000434114, 41.958449000121334, 0.0 ], [ -87.650531000305349, 41.954548000090206, 0.0 ], [ -87.656792000350492, 41.954452000159733, 0.0 ], [ -87.656927000280803, 41.958581999959392, 0.0 ] ] ] } },
{ "type": "Feature", "properties": { "precinct_id": "CITY OF CHICAGO:WARD 46 PRECINCT 12", "name": "CITY OF CHICAGO:Ward 46 Precinct 12" }, "geometry": { "type": "Polygon", "coordinates": [ [ [ -87.649699999755157, 41.954560999790374, 0.0 ], [ -87.649839999916026, 41.959299999795228, 0.0 ], [ -87.646678999835956, 41.959360999910238, 0.0 ], [ -87.645255999917822, 41.954637000001689, 0.0 ], [ -87.649699999755157, 41.954560999790374, 0.0 ] ] ] } },
{ "type": "Feature", "properties": { "precinct_id": "CITY OF CHICAGO:WARD 46 PRECINCT 15", "name": "CITY OF CHICAGO:Ward 46 Precinct 15" }, "geometry": { "type": "Polygon", "coordinates": [ [ [ -87.645255999917822, 41.954637000001689, 0.0 ], [ -87.646678999835956, 41.959360999910238, 0.0 ], [ -87.649839999916026, 41.959299999795228, 0.0 ], [ -87.649871000446282, 41.960368999629672, 0.0 ], [ -87.652154999653476, 41.960332999768191, 0.0 ], [ -87.652327000390699, 41.961809000385131, 0.0 ], [ -87.64623099986072, 41.961988999692608, 0.0 ], [ -87.645818999747007, 41.958494000397884, 0.0 ], [ -87.644186000001895, 41.954659, 0.0 ], [ -87.645255999917822, 41.954637000001689, 0.0 ] ] ] } },
{ "type": "Feature", "properties": { "precinct_id": "CITY OF CHICAGO:WARD 46 PRECINCT 11", "name": "CITY OF CHICAGO:Ward 46 Precinct 11" }, "geometry": { "type": "Polygon", "coordinates": [ [ [ -87.655975000445892, 41.958423999867762, 0.0 ], [ -87.65624600035261, 41.958619999913147, 0.0 ], [ -87.656927000280803, 41.958581999959392, 0.0 ], [ -87.657032999773094, 41.961751999555183, 0.0 ], [ -87.652327000390699, 41.961809000385131, 0.0 ], [ -87.652154999653476, 41.960332999768191, 0.0 ], [ -87.649871000446282, 41.960368999629672, 0.0 ], [ -87.649815999708608, 41.958488000121172, 0.0 ], [ -87.655975000445892, 41.958423999867762, 0.0 ] ] ] } },
{ "type": "Feature", "properties": { "precinct_id": "CITY OF CHICAGO:WARD 46 PRECINCT 10", "name": "CITY OF CHICAGO:Ward 46 Precinct 10" }, "geometry": { "type": "MultiPolygon", "coordinates": [ [ [ [ -87.667497, 41.9689, 0.0 ], [ -87.667292999872004, 41.968907000357824, 0.0 ], [ -87.66654919602351, 41.968916794677554, 0.0 ], [ -87.667497, 41.9689, 0.0 ] ] ], [ [ [ -87.666198999783987, 41.968923000196355, 0.0 ], [ -87.664432000136671, 41.968952999781152, 0.0 ], [ -87.663801999862358, 41.964946000257783, 0.0 ], [ -87.663735000369911, 41.961662999947521, 0.0 ], [ -87.657032999773094, 41.961751999555183, 0.0 ], [ -87.656792000350492, 41.954452000159733, 0.0 ], [ -87.662250000213547, 41.954378000344889, 0.0 ], [ -87.664258, 41.957621, 0.0 ], [ -87.665954, 41.961635, 0.0 ], [ -87.664935, 41.961647, 0.0 ], [ -87.665066, 41.963468, 0.0 ], [ -87.666198999783987, 41.968923000196355, 0.0 ] ] ] ] } },
{ "type": "Feature", "properties": { "precinct_id": "CITY OF CHICAGO:WARD 46 PRECINCT 17", "name": "CITY OF CHICAGO:Ward 46 Precinct 17" }, "geometry": { "type": "Polygon", "coordinates": [ [ [ -87.663735000369911, 41.961662999947521, 0.0 ], [ -87.663844000000537, 41.965308999910462, 0.0 ], [ -87.657474000324825, 41.96539999961032, 0.0 ], [ -87.655143999895628, 41.961772999624259, 0.0 ], [ -87.663735000369911, 41.961662999947521, 0.0 ] ] ] } },
{ "type": "Feature", "properties": { "precinct_id": "CITY OF CHICAGO:WARD 46 PRECINCT 19", "name": "CITY OF CHICAGO:Ward 46 Precinct 19" }, "geometry": { "type": "Polygon", "coordinates": [ [ [ -87.655143999895628, 41.961772999624259, 0.0 ], [ -87.659374999856311, 41.968362000406046, 0.0 ], [ -87.659669999970504, 41.969025000403512, 0.0 ], [ -87.654822000335002, 41.969089999803714, 0.0 ], [ -87.65474799962044, 41.961778999900957, 0.0 ], [ -87.655143999895628, 41.961772999624259, 0.0 ] ] ] } },
{ "type": "Feature", "properties": { "precinct_id": "CITY OF CHICAGO:WARD 46 PRECINCT 22", "name": "CITY OF CHICAGO:Ward 46 Precinct 22" }, "geometry": { "type": "Polygon", "coordinates": [ [ [ -87.654777000058459, 41.964445999683164, 0.0 ], [ -87.654791999850886, 41.96637399956046, 0.0 ], [ -87.650043000284185, 41.966446000182827, 0.0 ], [ -87.649988000445816, 41.96451300007493, 0.0 ], [ -87.654777000058459, 41.964445999683164, 0.0 ] ] ] } },
{ "type": "Feature", "properties": { "precinct_id": "CITY OF CHICAGO:WARD 46 PRECINCT 18", "name": "CITY OF CHICAGO:Ward 46 Precinct 18" }, "geometry": { "type": "Polygon", "coordinates": [ [ [ -87.663844000000537, 41.965308999910462, 0.0 ], [ -87.664432000136671, 41.968952999781152, 0.0 ], [ -87.659669999970504, 41.969025000403512, 0.0 ], [ -87.657474000324825, 41.96539999961032, 0.0 ], [ -87.663844000000537, 41.965308999910462, 0.0 ] ] ] } },
{ "type": "Feature", "properties": { "precinct_id": "CITY OF CHICAGO:WARD 46 PRECINCT 20", "name": "CITY OF CHICAGO:Ward 46 Precinct 20" }, "geometry": { "type": "Polygon", "coordinates": [ [ [ -87.650043000284185, 41.966446000182827, 0.0 ], [ -87.654791999850886, 41.96637399956046, 0.0 ], [ -87.654822000335002, 41.969089999803714, 0.0 ], [ -87.649636000401074, 41.969175000126206, 0.0 ], [ -87.649380000286726, 41.968252999876093, 0.0 ], [ -87.650093999938122, 41.968250999783884, 0.0 ], [ -87.650043000284185, 41.966446000182827, 0.0 ] ] ] } },
{ "type": "Feature", "properties": { "precinct_id": "CITY OF CHICAGO:WARD 46 PRECINCT 23", "name": "CITY OF CHICAGO:Ward 46 Precinct 23" }, "geometry": { "type": "Polygon", "coordinates": [ [ [ -87.661051999849846, 41.969019000126828, 0.0 ], [ -87.661106999688229, 41.971439000209728, 0.0 ], [ -87.654883999596834, 41.971580000416743, 0.0 ], [ -87.654822000335002, 41.969089999803714, 0.0 ], [ -87.661051999849846, 41.969019000126828, 0.0 ] ] ] } },
{ "type": "Feature", "properties": { "precinct_id": "CITY OF CHICAGO:WARD 46 PRECINCT 21", "name": "CITY OF CHICAGO:Ward 46 Precinct 21" }, "geometry": { "type": "Polygon", "coordinates": [ [ [ -87.654822000335002, 41.969089999803714, 0.0 ], [ -87.654883999596834, 41.971580000416743, 0.0 ], [ -87.650418999637097, 41.971639999586372, 0.0 ], [ -87.649636000401074, 41.969175000126206, 0.0 ], [ -87.654822000335002, 41.969089999803714, 0.0 ] ] ] } },
{ "type": "Feature", "properties": { "precinct_id": "CITY OF CHICAGO:WARD 47 PRECINCT 04", "name": "CITY OF CHICAGO:Ward 47 Precinct 04" }, "geometry": { "type": "Polygon", "coordinates": [ [ [ -87.672596999851621, 41.968842000058316, 0.0 ], [ -87.672729999689693, 41.973393000386693, 0.0 ], [ -87.669560000093895, 41.973435999671729, 0.0 ], [ -87.669576999978517, 41.974338999944962, 0.0 ], [ -87.668207999799336, 41.974366000290722, 0.0 ], [ -87.667497000286275, 41.968900000035035, 0.0 ], [ -87.672596999851621, 41.968842000058316, 0.0 ] ] ] } },
{ "type": "Feature", "properties": { "precinct_id": "CITY OF CHICAGO:WARD 47 PRECINCT 05", "name": "CITY OF CHICAGO:Ward 47 Precinct 05" }, "geometry": { "type": "Polygon", "coordinates": [ [ [ -87.667497000286275, 41.968900000035035, 0.0 ], [ -87.668417000444151, 41.976190999914763, 0.0 ], [ -87.664751999605087, 41.976247999845384, 0.0 ], [ -87.664653999582356, 41.972597999697996, 0.0 ], [ -87.661140000310752, 41.97265200038958, 0.0 ], [ -87.661051999849846, 41.969019000126828, 0.0 ], [ -87.667497000286275, 41.968900000035035, 0.0 ] ] ] } },
{ "type": "Feature", "properties": { "precinct_id": "CITY OF CHICAGO:WARD 48 PRECINCT 24", "name": "CITY OF CHICAGO:Ward 48 Precinct 24" }, "geometry": { "type": "Polygon", "coordinates": [ [ [ -87.652030000184297, 41.97644199979851, 0.0 ], [ -87.650931999911847, 41.976499999775228, 0.0 ], [ -87.649019553445115, 41.977042323384595, 0.0 ], [ -87.645645, 41.971431, 0.0 ], [ -87.644200999776274, 41.969813999916191, 0.0 ], [ -87.649636000401074, 41.969175000126206, 0.0 ], [ -87.650418999637097, 41.971639999586372, 0.0 ], [ -87.654883999596834, 41.971580000416743, 0.0 ], [ -87.654927999827294, 41.973313000294802, 0.0 ], [ -87.652178999860894, 41.973351000248499, 0.0 ], [ -87.652546999744231, 41.974334999760451, 0.0 ], [ -87.651372000417425, 41.974349000406107, 0.0 ], [ -87.652030000184297, 41.97644199979851, 0.0 ] ] ] } },
{ "type": "Feature", "properties": { "precinct_id": "CITY OF CHICAGO:WARD 48 PRECINCT 21", "name": "CITY OF CHICAGO:Ward 48 Precinct 21" }, "geometry": { "type": "Polygon", "coordinates": [ [ [ -87.661140000310752, 41.97265200038958, 0.0 ], [ -87.659767999993178, 41.972675999697692, 0.0 ], [ -87.659866000015825, 41.976322999706717, 0.0 ], [ -87.654993000126794, 41.976396000375189, 0.0 ], [ -87.654980999573425, 41.975281000218047, 0.0 ], [ -87.656384999568047, 41.975261000195069, 0.0 ], [ -87.656330999775776, 41.973293000271781, 0.0 ], [ -87.654927999827294, 41.973313000294802, 0.0 ], [ -87.654883999596834, 41.971580000416743, 0.0 ], [ -87.661106999688229, 41.971439000209728, 0.0 ], [ -87.661140000310752, 41.97265200038958, 0.0 ] ] ] } },
{ "type": "Feature", "properties": { "precinct_id": "CITY OF CHICAGO:WARD 48 PRECINCT 04", "name": "CITY OF CHICAGO:Ward 48 Precinct 04" }, "geometry": { "type": "Polygon", "coordinates": [ [ [ -87.656384999568047, 41.975261000195069, 0.0 ], [ -87.651735000070175, 41.975329999779717, 0.0 ], [ -87.651372000417425, 41.974349000406107, 0.0 ], [ -87.652546999744231, 41.974334999760451, 0.0 ], [ -87.652178999860894, 41.973351000248499, 0.0 ], [ -87.656330999775776, 41.973293000271781, 0.0 ], [ -87.656384999568047, 41.975261000195069, 0.0 ] ] ] } },
{ "type": "Feature", "properties": { "precinct_id": "CITY OF CHICAGO:WARD 47 PRECINCT 02", "name": "CITY OF CHICAGO:Ward 47 Precinct 02" }, "geometry": { "type": "MultiPolygon", "coordinates": [ [ [ [ -87.679239000379525, 41.970573999890235, 0.0 ], [ -87.679296000310117, 41.972398000367491, 0.0 ], [ -87.676309000160174, 41.972444999836902, 0.0 ], [ -87.676259, 41.970617, 0.0 ], [ -87.679239000379525, 41.970573999890235, 0.0 ] ] ], [ [ [ -87.674174000000917, 41.968822000030038, 0.0 ], [ -87.674173999729291, 41.968822000003151, 0.0 ], [ -87.674174, 41.968822, 0.0 ], [ -87.674174000000917, 41.968822000030038, 0.0 ] ] ] ] } },
{ "type": "Feature", "properties": { "precinct_id": "CITY OF CHICAGO:WARD 47 PRECINCT 03", "name": "CITY OF CHICAGO:Ward 47 Precinct 03" }, "geometry": { "type": "MultiPolygon", "coordinates": [ [ [ [ -87.676259001292877, 41.970617054483391, 0.0 ], [ -87.676314000390789, 41.972368999929472, 0.0 ], [ -87.676303928128107, 41.972510299399239, 0.0 ], [ -87.676259001292877, 41.970617054483391, 0.0 ] ] ], [ [ [ -87.676322999906446, 41.973314000340906, 0.0 ], [ -87.676322948615734, 41.973314001380473, 0.0 ], [ -87.676322999896726, 41.973314000002773, 0.0 ], [ -87.676322999906446, 41.973314000340906, 0.0 ] ] ], [ [ [ -87.674313, 41.973368, 0.0 ], [ -87.674747000073978, 41.973363999948674, 0.0 ], [ -87.672729999689693, 41.973393000386693, 0.0 ], [ -87.672596999851621, 41.968842000058316, 0.0 ], [ -87.674174000000917, 41.968822000030038, 0.0 ], [ -87.674313, 41.973368, 0.0 ] ] ] ] } },
{ "type": "Feature", "properties": { "precinct_id": "CITY OF CHICAGO:WARD 40 PRECINCT 19", "name": "CITY OF CHICAGO:Ward 40 Precinct 19" }, "geometry": { "type": "Polygon", "coordinates": [ [ [ -87.689150999718819, 41.975891999616117, 0.0 ], [ -87.686731999668638, 41.97592700000461, 0.0 ], [ -87.686535999636646, 41.970463000167392, 0.0 ], [ -87.688965, 41.970412, 0.0 ], [ -87.689150999718819, 41.975891999616117, 0.0 ] ] ] } },
{ "type": "Feature", "properties": { "precinct_id": "CITY OF CHICAGO:WARD 40 PRECINCT 20", "name": "CITY OF CHICAGO:Ward 40 Precinct 20" }, "geometry": { "type": "Polygon", "coordinates": [ [ [ -87.686535999636646, 41.970463000167392, 0.0 ], [ -87.686731999668638, 41.97592700000461, 0.0 ], [ -87.679403999894632, 41.976032999823126, 0.0 ], [ -87.679239000379525, 41.970573999890235, 0.0 ], [ -87.686535999636646, 41.970463000167392, 0.0 ] ] ] } },
{ "type": "Feature", "properties": { "precinct_id": "CITY OF CHICAGO:WARD 40 PRECINCT 21", "name": "CITY OF CHICAGO:Ward 40 Precinct 21" }, "geometry": { "type": "Polygon", "coordinates": [ [ [ -87.677146000087816, 41.976064000353396, 0.0 ], [ -87.668417000444151, 41.976190999914763, 0.0 ], [ -87.668207999799336, 41.974366000290722, 0.0 ], [ -87.669576999978517, 41.974338999944962, 0.0 ], [ -87.669560000093895, 41.973435999671729, 0.0 ], [ -87.677070000180322, 41.973299999695257, 0.0 ], [ -87.677146000087816, 41.976064000353396, 0.0 ] ] ] } },
{ "type": "Feature", "properties": { "precinct_id": "CITY OF CHICAGO:WARD 40 PRECINCT 14", "name": "CITY OF CHICAGO:Ward 40 Precinct 14" }, "geometry": { "type": "Polygon", "coordinates": [ [ [ -87.679296000310117, 41.972398000367491, 0.0 ], [ -87.679555999904963, 41.98183399613611, 0.0 ], [ -87.67907800005004, 41.983268999854623, 0.0 ], [ -87.674835999681591, 41.983322999656764, 0.0 ], [ -87.674635000304988, 41.976099000168794, 0.0 ], [ -87.677146000087816, 41.976064000353396, 0.0 ], [ -87.677070000180322, 41.973299999695257, 0.0 ], [ -87.676322999906446, 41.973314000340906, 0.0 ], [ -87.676309000160174, 41.972444999836902, 0.0 ], [ -87.679296000310117, 41.972398000367491, 0.0 ] ] ] } },
{ "type": "Feature", "properties": { "precinct_id": "CITY OF CHICAGO:WARD 40 PRECINCT 16", "name": "CITY OF CHICAGO:Ward 40 Precinct 16" }, "geometry": { "type": "Polygon", "coordinates": [ [ [ -87.674705999981882, 41.97974600017784, 0.0 ], [ -87.668279000375549, 41.979844000200508, 0.0 ], [ -87.668417000444151, 41.976190999914763, 0.0 ], [ -87.674635000304988, 41.976099000168794, 0.0 ], [ -87.674705999981882, 41.97974600017784, 0.0 ] ] ] } },
{ "type": "Feature", "properties": { "precinct_id": "CITY OF CHICAGO:WARD 40 PRECINCT 15", "name": "CITY OF CHICAGO:Ward 40 Precinct 15" }, "geometry": { "type": "Polygon", "coordinates": [ [ [ -87.674802999958445, 41.983323999702861, 0.0 ], [ -87.674609000005304, 41.983357000325391, 0.0 ], [ -87.6746449998668, 41.98462999967478, 0.0 ], [ -87.673049000011304, 41.984651999789996, 0.0 ], [ -87.673016000288158, 41.983423999817774, 0.0 ], [ -87.668756999935567, 41.983490000163442, 0.0 ], [ -87.668279000375549, 41.979844000200508, 0.0 ], [ -87.674738999705013, 41.979745000131686, 0.0 ], [ -87.674802999958445, 41.983323999702861, 0.0 ] ] ] } },
{ "type": "Feature", "properties": { "precinct_id": "CITY OF CHICAGO:WARD 40 PRECINCT 10", "name": "CITY OF CHICAGO:Ward 40 Precinct 10" }, "geometry": { "type": "Polygon", "coordinates": [ [ [ -87.675007000372716, 41.990758999927941, 0.0 ], [ -87.670028000092088, 41.990797999927786, 0.0 ], [ -87.669783999631804, 41.987923999592965, 0.0 ], [ -87.668756999935567, 41.983490000163442, 0.0 ], [ -87.673016000288158, 41.983423999817774, 0.0 ], [ -87.673049000011304, 41.984651999789996, 0.0 ], [ -87.6746449998668, 41.98462999967478, 0.0 ], [ -87.674609000005304, 41.983357000325391, 0.0 ], [ -87.674835999681591, 41.983322999656764, 0.0 ], [ -87.675007000372716, 41.990758999927941, 0.0 ] ] ] } },
{ "type": "Feature", "properties": { "precinct_id": "CITY OF CHICAGO:WARD 40 PRECINCT 05", "name": "CITY OF CHICAGO:Ward 40 Precinct 05" }, "geometry": { "type": "Polygon", "coordinates": [ [ [ -87.695750000067676, 41.990463999999605, 0.0 ], [ -87.695863999923645, 41.994021000169084, 0.0 ], [ -87.683613999786232, 41.994198000237581, 0.0 ], [ -87.683524000132479, 41.990609000205261, 0.0 ], [ -87.695750000067676, 41.990463999999605, 0.0 ] ] ] } },
{ "type": "Feature", "properties": { "precinct_id": "CITY OF CHICAGO:WARD 40 PRECINCT 06", "name": "CITY OF CHICAGO:Ward 40 Precinct 06" }, "geometry": { "type": "Polygon", "coordinates": [ [ [ -87.683524000132479, 41.990609000205261, 0.0 ], [ -87.683613999786232, 41.994198000237581, 0.0 ], [ -87.679926999731208, 41.994262999637783, 0.0 ], [ -87.679895000054159, 41.993088000310991, 0.0 ], [ -87.675325999794993, 41.99316600031073, 0.0 ], [ -87.675261027311436, 41.99075408091592, 0.0 ], [ -87.683524000132479, 41.990609000205261, 0.0 ] ] ] } },
{ "type": "Feature", "properties": { "precinct_id": "CITY OF CHICAGO:WARD 40 PRECINCT 07", "name": "CITY OF CHICAGO:Ward 40 Precinct 07" }, "geometry": { "type": "Polygon", "coordinates": [ [ [ -87.675261027311436, 41.99075408091592, 0.0 ], [ -87.675488000071098, 41.995552999771171, 0.0 ], [ -87.67019399965335, 41.995653999932188, 0.0 ], [ -87.670028000092088, 41.990797999927786, 0.0 ], [ -87.675261027311436, 41.99075408091592, 0.0 ] ] ] } },
{ "type": "Feature", "properties": { "precinct_id": "CITY OF CHICAGO:WARD 50 PRECINCT 20", "name": "CITY OF CHICAGO:Ward 50 Precinct 20" }, "geometry": { "type": "Polygon", "coordinates": [ [ [ -87.694646000412533, 41.994034999915357, 0.0 ], [ -87.694764999605013, 41.997646000062893, 0.0 ], [ -87.689883000200254, 41.997730000339288, 0.0 ], [ -87.689764000108482, 41.994092999892075, 0.0 ], [ -87.694646000412533, 41.994034999915357, 0.0 ] ] ] } },
{ "type": "Feature", "properties": { "precinct_id": "CITY OF CHICAGO:WARD 50 PRECINCT 21", "name": "CITY OF CHICAGO:Ward 50 Precinct 21" }, "geometry": { "type": "Polygon", "coordinates": [ [ [ -87.689764000108482, 41.994092999892075, 0.0 ], [ -87.689883000200254, 41.997730000339288, 0.0 ], [ -87.682573000343652, 41.997853999762341, 0.0 ], [ -87.682388999952366, 41.994219000306664, 0.0 ], [ -87.689764000108482, 41.994092999892075, 0.0 ] ] ] } },
{ "type": "Feature", "properties": { "precinct_id": "CITY OF CHICAGO:WARD 40 PRECINCT 03", "name": "CITY OF CHICAGO:Ward 40 Precinct 03" }, "geometry": { "type": "Polygon", "coordinates": [ [ [ -87.679895000054159, 41.993088000310991, 0.0 ], [ -87.679926999731208, 41.994262999637783, 0.0 ], [ -87.682388999952366, 41.994219000306664, 0.0 ], [ -87.682573000343652, 41.997853999762341, 0.0 ], [ -87.676837000227337, 41.997959000107805, 0.0 ], [ -87.679760000123835, 42.004305999622268, 0.0 ], [ -87.675196000095298, 42.004367999783419, 0.0 ], [ -87.675118000095608, 42.00164600016285, 0.0 ], [ -87.671856999900569, 42.001704000139576, 0.0 ], [ -87.670304000229407, 41.99694099992724, 0.0 ], [ -87.67019399965335, 41.995653999932188, 0.0 ], [ -87.675488000071098, 41.995552999771171, 0.0 ], [ -87.675325999794993, 41.99316600031073, 0.0 ], [ -87.679895000054159, 41.993088000310991, 0.0 ] ] ] } },
{ "type": "Feature", "properties": { "precinct_id": "CITY OF CHICAGO:WARD 47 PRECINCT 06", "name": "CITY OF CHICAGO:Ward 47 Precinct 06" }, "geometry": { "type": "Polygon", "coordinates": [ [ [ -87.664653999582356, 41.972597999697996, 0.0 ], [ -87.664751999605087, 41.976247999845384, 0.0 ], [ -87.659866000015825, 41.976322999706717, 0.0 ], [ -87.659767999993178, 41.972675999697692, 0.0 ], [ -87.664653999582356, 41.972597999697996, 0.0 ] ] ] } },
{ "type": "Feature", "properties": { "precinct_id": "CITY OF CHICAGO:WARD 48 PRECINCT 23", "name": "CITY OF CHICAGO:Ward 48 Precinct 23" }, "geometry": { "type": "Polygon", "coordinates": [ [ [ -87.654993000126794, 41.976396000375189, 0.0 ], [ -87.652152000414446, 41.976439999706258, 0.0 ], [ -87.651735000070175, 41.975329999779717, 0.0 ], [ -87.654980999573425, 41.975281000218047, 0.0 ], [ -87.654993000126794, 41.976396000375189, 0.0 ] ] ] } },
{ "type": "Feature", "properties": { "precinct_id": "CITY OF CHICAGO:WARD 48 PRECINCT 12", "name": "CITY OF CHICAGO:Ward 48 Precinct 12" }, "geometry": { "type": "Polygon", "coordinates": [ [ [ -87.659866000015825, 41.976322999706717, 0.0 ], [ -87.659968000222989, 41.979970999761861, 0.0 ], [ -87.656515000167076, 41.980026999646384, 0.0 ], [ -87.65646399961382, 41.97820200002235, 0.0 ], [ -87.655032000126639, 41.978223000091418, 0.0 ], [ -87.654993000126794, 41.976396000375189, 0.0 ], [ -87.659866000015825, 41.976322999706717, 0.0 ] ] ] } },
{ "type": "Feature", "properties": { "precinct_id": "CITY OF CHICAGO:WARD 48 PRECINCT 10", "name": "CITY OF CHICAGO:Ward 48 Precinct 10" }, "geometry": { "type": "Polygon", "coordinates": [ [ [ -87.668417000444151, 41.976190999914763, 0.0 ], [ -87.668352000144623, 41.980757000035553, 0.0 ], [ -87.664878000019655, 41.980810999827831, 0.0 ], [ -87.664751999605087, 41.976247999845384, 0.0 ], [ -87.668417000444151, 41.976190999914763, 0.0 ] ] ] } },
{ "type": "Feature", "properties": { "precinct_id": "CITY OF CHICAGO:WARD 48 PRECINCT 29", "name": "CITY OF CHICAGO:Ward 48 Precinct 29" }, "geometry": { "type": "Polygon", "coordinates": [ [ [ -87.653346999764196, 41.978562000436, 0.0 ], [ -87.655033000172821, 41.978563999628932, 0.0 ], [ -87.655078999596128, 41.979801000016217, 0.0 ], [ -87.653778999900894, 41.979833999739348, 0.0 ], [ -87.653346999764196, 41.978562000436, 0.0 ] ] ] } },
{ "type": "Feature", "properties": { "precinct_id": "CITY OF CHICAGO:WARD 48 PRECINCT 11", "name": "CITY OF CHICAGO:Ward 48 Precinct 11" }, "geometry": { "type": "Polygon", "coordinates": [ [ [ -87.664751999605087, 41.976247999845384, 0.0 ], [ -87.66495600001933, 41.983548000140161, 0.0 ], [ -87.66254999968271, 41.983585000047746, 0.0 ], [ -87.662346000167744, 41.976285999799131, 0.0 ], [ -87.664751999605087, 41.976247999845384, 0.0 ] ] ] } },
{ "type": "Feature", "properties": { "precinct_id": "CITY OF CHICAGO:WARD 48 PRECINCT 19", "name": "CITY OF CHICAGO:Ward 48 Precinct 19" }, "geometry": { "type": "Polygon", "coordinates": [ [ [ -87.662346000167744, 41.976285999799131, 0.0 ], [ -87.66254999968271, 41.983585000047746, 0.0 ], [ -87.660069000383999, 41.983621999955396, 0.0 ], [ -87.659866000015825, 41.976322999706717, 0.0 ], [ -87.662346000167744, 41.976285999799131, 0.0 ] ] ] } },
{ "type": "Feature", "properties": { "precinct_id": "CITY OF CHICAGO:WARD 48 PRECINCT 14", "name": "CITY OF CHICAGO:Ward 48 Precinct 14" }, "geometry": { "type": "Polygon", "coordinates": [ [ [ -87.656515000167076, 41.980026999646384, 0.0 ], [ -87.657914999977208, 41.980004000384383, 0.0 ], [ -87.657964999585019, 41.98183200014676, 0.0 ], [ -87.655139999711196, 41.981878999616185, 0.0 ], [ -87.655032000126639, 41.978223000091418, 0.0 ], [ -87.65646399961382, 41.97820200002235, 0.0 ], [ -87.656515000167076, 41.980026999646384, 0.0 ] ] ] } },
{ "type": "Feature", "properties": { "precinct_id": "CITY OF CHICAGO:WARD 48 PRECINCT 17", "name": "CITY OF CHICAGO:Ward 48 Precinct 17" }, "geometry": { "type": "Polygon", "coordinates": [ [ [ -87.655033000172821, 41.978563999628932, 0.0 ], [ -87.653346999764196, 41.978562000436, 0.0 ], [ -87.653942000223068, 41.980749999712764, 0.0 ], [ -87.655105999941895, 41.980725000358518, 0.0 ], [ -87.655124999918755, 41.981367000286866, 0.0 ], [ -87.654322999806553, 41.981361000010168, 0.0 ], [ -87.654459999829086, 41.983842000208199, 0.0 ], [ -87.652012865007308, 41.983904461753902, 0.0 ], [ -87.649907, 41.978518, 0.0 ], [ -87.649019553445115, 41.977042323384595, 0.0 ], [ -87.651074000164954, 41.976476999613915, 0.0 ], [ -87.654993000126794, 41.976396000375189, 0.0 ], [ -87.655033000172821, 41.978563999628932, 0.0 ] ] ] } },
{ "type": "Feature", "properties": { "precinct_id": "CITY OF CHICAGO:WARD 48 PRECINCT 09", "name": "CITY OF CHICAGO:Ward 48 Precinct 09" }, "geometry": { "type": "Polygon", "coordinates": [ [ [ -87.655105999941895, 41.980725000358518, 0.0 ], [ -87.653942000223068, 41.980749999712764, 0.0 ], [ -87.653778999900894, 41.979833999739348, 0.0 ], [ -87.655078999596128, 41.979801000016217, 0.0 ], [ -87.655105999941895, 41.980725000358518, 0.0 ] ] ] } },
{ "type": "Feature", "properties": { "precinct_id": "CITY OF CHICAGO:WARD 48 PRECINCT 20", "name": "CITY OF CHICAGO:Ward 48 Precinct 20" }, "geometry": { "type": "Polygon", "coordinates": [ [ [ -87.655139999711196, 41.981878999616185, 0.0 ], [ -87.654368000083082, 41.981889000077324, 0.0 ], [ -87.654322999806553, 41.981361000010168, 0.0 ], [ -87.655124999918755, 41.981367000286866, 0.0 ], [ -87.655139999711196, 41.981878999616185, 0.0 ] ] ] } },
{ "type": "Feature", "properties": { "precinct_id": "CITY OF CHICAGO:WARD 48 PRECINCT 06", "name": "CITY OF CHICAGO:Ward 48 Precinct 06" }, "geometry": { "type": "Polygon", "coordinates": [ [ [ -87.659968000222989, 41.979970999761861, 0.0 ], [ -87.660069000383999, 41.983621999955396, 0.0 ], [ -87.655192000310521, 41.98380200016225, 0.0 ], [ -87.655139999711196, 41.981878999616185, 0.0 ], [ -87.657964999585019, 41.98183200014676, 0.0 ], [ -87.657914999977208, 41.980004000384383, 0.0 ], [ -87.659968000222989, 41.979970999761861, 0.0 ] ] ] } },
{ "type": "Feature", "properties": { "precinct_id": "CITY OF CHICAGO:WARD 48 PRECINCT 07", "name": "CITY OF CHICAGO:Ward 48 Precinct 07" }, "geometry": { "type": "Polygon", "coordinates": [ [ [ -87.668352000144623, 41.980757000035553, 0.0 ], [ -87.669179999657217, 41.985430999740906, 0.0 ], [ -87.665009999811616, 41.985496000040428, 0.0 ], [ -87.664878000019655, 41.980810999827831, 0.0 ], [ -87.668352000144623, 41.980757000035553, 0.0 ] ] ] } },
{ "type": "Feature", "properties": { "precinct_id": "CITY OF CHICAGO:WARD 48 PRECINCT 05", "name": "CITY OF CHICAGO:Ward 48 Precinct 05" }, "geometry": { "type": "Polygon", "coordinates": [ [ [ -87.655241999918289, 41.985521000294, 0.0 ], [ -87.653592000270578, 41.985440000155954, 0.0 ], [ -87.653111999718988, 41.984955000273089, 0.0 ], [ -87.653062000111149, 41.98387399988524, 0.0 ], [ -87.654459999829086, 41.983842000208199, 0.0 ], [ -87.654368000083082, 41.981889000077324, 0.0 ], [ -87.655139999711196, 41.981878999616185, 0.0 ], [ -87.655241999918289, 41.985521000294, 0.0 ] ] ] } },
{ "type": "Feature", "properties": { "precinct_id": "CITY OF CHICAGO:WARD 48 PRECINCT 03", "name": "CITY OF CHICAGO:Ward 48 Precinct 03" }, "geometry": { "type": "Polygon", "coordinates": [ [ [ -87.660069000383999, 41.983621999955396, 0.0 ], [ -87.660126000314619, 41.985462000271127, 0.0 ], [ -87.655241999918289, 41.985521000294, 0.0 ], [ -87.655192000310521, 41.98380200016225, 0.0 ], [ -87.660069000383999, 41.983621999955396, 0.0 ] ] ] } },
{ "type": "Feature", "properties": { "precinct_id": "CITY OF CHICAGO:WARD 48 PRECINCT 31", "name": "CITY OF CHICAGO:Ward 48 Precinct 31" }, "geometry": { "type": "Polygon", "coordinates": [ [ [ -87.66495600001933, 41.983548000140161, 0.0 ], [ -87.665075000111131, 41.987728000446907, 0.0 ], [ -87.661414000355819, 41.985737000362349, 0.0 ], [ -87.661404999940785, 41.9854079995796, 0.0 ], [ -87.660126000314619, 41.985462000271127, 0.0 ], [ -87.660069000383999, 41.983621999955396, 0.0 ], [ -87.66495600001933, 41.983548000140161, 0.0 ] ] ] } },
{ "type": "Feature", "properties": { "precinct_id": "CITY OF CHICAGO:WARD 48 PRECINCT 26", "name": "CITY OF CHICAGO:Ward 48 Precinct 26" }, "geometry": { "type": "Polygon", "coordinates": [ [ [ -87.653111999718988, 41.984955000273089, 0.0 ], [ -87.653592000270578, 41.985440000155954, 0.0 ], [ -87.655241999918289, 41.985521000294, 0.0 ], [ -87.655286000148749, 41.986906000311706, 0.0 ], [ -87.654258999553122, 41.986935999896495, 0.0 ], [ -87.654339999691217, 41.988083999776848, 0.0 ], [ -87.653645579727524, 41.988080681675179, 0.0 ], [ -87.652012865007308, 41.983904461753902, 0.0 ], [ -87.653062000111149, 41.98387399988524, 0.0 ], [ -87.653111999718988, 41.984955000273089, 0.0 ] ] ] } },
{ "type": "Feature", "properties": { "precinct_id": "CITY OF CHICAGO:WARD 48 PRECINCT 15", "name": "CITY OF CHICAGO:Ward 48 Precinct 15" }, "geometry": { "type": "Polygon", "coordinates": [ [ [ -87.660181000152988, 41.987270000010547, 0.0 ], [ -87.655303000033385, 41.987357000425284, 0.0 ], [ -87.655241999918289, 41.985521000294, 0.0 ], [ -87.660126000314619, 41.985462000271127, 0.0 ], [ -87.660181000152988, 41.987270000010547, 0.0 ] ] ] } },
{ "type": "Feature", "properties": { "precinct_id": "CITY OF CHICAGO:WARD 48 PRECINCT 28", "name": "CITY OF CHICAGO:Ward 48 Precinct 28" }, "geometry": { "type": "Polygon", "coordinates": [ [ [ -87.669179999657217, 41.985430999740906, 0.0 ], [ -87.669987, 41.989717999586048, 0.0 ], [ -87.667343000379091, 41.988079000445566, 0.0 ], [ -87.665085999719054, 41.988095000284083, 0.0 ], [ -87.665009999811616, 41.985496000040428, 0.0 ], [ -87.669179999657217, 41.985430999740906, 0.0 ] ] ] } },
{ "type": "Feature", "properties": { "precinct_id": "CITY OF CHICAGO:WARD 48 PRECINCT 01", "name": "CITY OF CHICAGO:Ward 48 Precinct 01" }, "geometry": { "type": "Polygon", "coordinates": [ [ [ -87.661513999571397, 41.985735000270104, 0.0 ], [ -87.665075000111131, 41.987728000446907, 0.0 ], [ -87.665164999764897, 41.990855999904511, 0.0 ], [ -87.660293999968076, 41.990915999973474, 0.0 ], [ -87.660126000314619, 41.985462000271127, 0.0 ], [ -87.661404999940785, 41.9854079995796, 0.0 ], [ -87.661513999571397, 41.985735000270104, 0.0 ] ] ] } },
{ "type": "Feature", "properties": { "precinct_id": "CITY OF CHICAGO:WARD 48 PRECINCT 08", "name": "CITY OF CHICAGO:Ward 48 Precinct 08" }, "geometry": { "type": "Polygon", "coordinates": [ [ [ -87.655286000148749, 41.986906000311706, 0.0 ], [ -87.655386000263661, 41.990106000391677, 0.0 ], [ -87.654375000405935, 41.990113999861251, 0.0 ], [ -87.653645579727524, 41.988080681675179, 0.0 ], [ -87.654339999691217, 41.988083999776848, 0.0 ], [ -87.654258999553122, 41.986935999896495, 0.0 ], [ -87.655286000148749, 41.986906000311706, 0.0 ] ] ] } },
{ "type": "Feature", "properties": { "precinct_id": "CITY OF CHICAGO:WARD 48 PRECINCT 16", "name": "CITY OF CHICAGO:Ward 48 Precinct 16" }, "geometry": { "type": "Polygon", "coordinates": [ [ [ -87.660181000152988, 41.987270000010547, 0.0 ], [ -87.660339000244619, 41.99228600019881, 0.0 ], [ -87.657584000001577, 41.992327000290857, 0.0 ], [ -87.657428000002142, 41.98731899957221, 0.0 ], [ -87.660181000152988, 41.987270000010547, 0.0 ] ] ] } },
{ "type": "Feature", "properties": { "precinct_id": "CITY OF CHICAGO:WARD 48 PRECINCT 18", "name": "CITY OF CHICAGO:Ward 48 Precinct 18" }, "geometry": { "type": "Polygon", "coordinates": [ [ [ -87.657428000002142, 41.98731899957221, 0.0 ], [ -87.657584000001577, 41.992327000290857, 0.0 ], [ -87.65545699994054, 41.992358999967898, 0.0 ], [ -87.655303000033385, 41.987357000425284, 0.0 ], [ -87.657428000002142, 41.98731899957221, 0.0 ] ] ] } },
{ "type": "Feature", "properties": { "precinct_id": "CITY OF CHICAGO:WARD 48 PRECINCT 33", "name": "CITY OF CHICAGO:Ward 48 Precinct 33" }, "geometry": { "type": "Polygon", "coordinates": [ [ [ -87.655444000240379, 41.991957000315388, 0.0 ], [ -87.654500583303019, 41.991841716856968, 0.0 ], [ -87.654375000405935, 41.990113999861251, 0.0 ], [ -87.655386000263661, 41.990106000391677, 0.0 ], [ -87.655444000240379, 41.991957000315388, 0.0 ] ] ] } },
{ "type": "Feature", "properties": { "precinct_id": "CITY OF CHICAGO:WARD 48 PRECINCT 35", "name": "CITY OF CHICAGO:Ward 48 Precinct 35" }, "geometry": { "type": "Polygon", "coordinates": [ [ [ -87.669987, 41.989717999586048, 0.0 ], [ -87.670151000368321, 41.994439999706287, 0.0 ], [ -87.66528099971832, 41.994496999636851, 0.0 ], [ -87.665085999719054, 41.988095000284083, 0.0 ], [ -87.667343000379091, 41.988079000445566, 0.0 ], [ -87.669987, 41.989717999586048, 0.0 ] ] ] } },
{ "type": "Feature", "properties": { "precinct_id": "CITY OF CHICAGO:WARD 48 PRECINCT 22", "name": "CITY OF CHICAGO:Ward 48 Precinct 22" }, "geometry": { "type": "Polygon", "coordinates": [ [ [ -87.655346000217719, 41.992360000014052, 0.0 ], [ -87.654593827801563, 41.992371102362341, 0.0 ], [ -87.654500583303019, 41.991841716856968, 0.0 ], [ -87.655444000240379, 41.991957000315388, 0.0 ], [ -87.655346000217719, 41.992360000014052, 0.0 ] ] ] } },
{ "type": "Feature", "properties": { "precinct_id": "CITY OF CHICAGO:WARD 48 PRECINCT 30", "name": "CITY OF CHICAGO:Ward 48 Precinct 30" }, "geometry": { "type": "Polygon", "coordinates": [ [ [ -87.665164999764897, 41.990855999904511, 0.0 ], [ -87.66528099971832, 41.994496999636851, 0.0 ], [ -87.660405999737065, 41.994553000420694, 0.0 ], [ -87.660293999968076, 41.990915999973474, 0.0 ], [ -87.665164999764897, 41.990855999904511, 0.0 ] ] ] } },
{ "type": "Feature", "properties": { "precinct_id": "CITY OF CHICAGO:WARD 48 PRECINCT 32", "name": "CITY OF CHICAGO:Ward 48 Precinct 32" }, "geometry": { "type": "Polygon", "coordinates": [ [ [ -87.660405999737065, 41.994553000420694, 0.0 ], [ -87.655525000378418, 41.994597999797911, 0.0 ], [ -87.65545699994054, 41.992358999967898, 0.0 ], [ -87.660339000244619, 41.99228600019881, 0.0 ], [ -87.660405999737065, 41.994553000420694, 0.0 ] ] ] } },
{ "type": "Feature", "properties": { "precinct_id": "CITY OF CHICAGO:WARD 48 PRECINCT 13", "name": "CITY OF CHICAGO:Ward 48 Precinct 13" }, "geometry": { "type": "Polygon", "coordinates": [ [ [ -87.65545699994054, 41.992358999967898, 0.0 ], [ -87.655525000378418, 41.994597999797911, 0.0 ], [ -87.654984952370725, 41.994591669590143, 0.0 ], [ -87.654593827801563, 41.992371102362341, 0.0 ], [ -87.65545699994054, 41.992358999967898, 0.0 ] ] ] } },
{ "type": "Feature", "properties": { "precinct_id": "CITY OF CHICAGO:WARD 48 PRECINCT 34", "name": "CITY OF CHICAGO:Ward 48 Precinct 34" }, "geometry": { "type": "Polygon", "coordinates": [ [ [ -87.670151000368321, 41.994439999706287, 0.0 ], [ -87.670622999651684, 41.998075000061249, 0.0 ], [ -87.665435999671601, 41.998136000176309, 0.0 ], [ -87.66528099971832, 41.994496999636851, 0.0 ], [ -87.670151000368321, 41.994439999706287, 0.0 ] ] ] } },
{ "type": "Feature", "properties": { "precinct_id": "CITY OF CHICAGO:WARD 48 PRECINCT 25", "name": "CITY OF CHICAGO:Ward 48 Precinct 25" }, "geometry": { "type": "Polygon", "coordinates": [ [ [ -87.66528099971832, 41.994496999636851, 0.0 ], [ -87.665435999671601, 41.998136000176309, 0.0 ], [ -87.660553000220759, 41.998188999922434, 0.0 ], [ -87.660405999737065, 41.994553000420694, 0.0 ], [ -87.66528099971832, 41.994496999636851, 0.0 ] ] ] } },
{ "type": "Feature", "properties": { "precinct_id": "CITY OF CHICAGO:WARD 48 PRECINCT 27", "name": "CITY OF CHICAGO:Ward 48 Precinct 27" }, "geometry": { "type": "Polygon", "coordinates": [ [ [ -87.660405999737065, 41.994553000420694, 0.0 ], [ -87.660553000220759, 41.998188999922434, 0.0 ], [ -87.656200000029912, 41.998232000106782, 0.0 ], [ -87.65572899989337, 41.997981000223035, 0.0 ], [ -87.655525000378418, 41.994597999797911, 0.0 ], [ -87.660405999737065, 41.994553000420694, 0.0 ] ] ] } },
{ "type": "Feature", "properties": { "precinct_id": "CITY OF CHICAGO:WARD 48 PRECINCT 02", "name": "CITY OF CHICAGO:Ward 48 Precinct 02" }, "geometry": { "type": "Polygon", "coordinates": [ [ [ -87.655525000378418, 41.994597999797911, 0.0 ], [ -87.655678000239504, 41.997907000407785, 0.0 ], [ -87.656200000029912, 41.998232000106782, 0.0 ], [ -87.655626150118394, 41.998232000106782, 0.0 ], [ -87.654984952370725, 41.994591669590143, 0.0 ], [ -87.655525000378418, 41.994597999797911, 0.0 ] ] ] } },
{ "type": "Feature", "properties": { "precinct_id": "CITY OF CHICAGO:WARD 49 PRECINCT 08", "name": "CITY OF CHICAGO:Ward 49 Precinct 08" }, "geometry": { "type": "Polygon", "coordinates": [ [ [ -87.670622999651684, 41.998075000061249, 0.0 ], [ -87.672479999852087, 42.003515000017273, 0.0 ], [ -87.665681000177983, 42.003623999647914, 0.0 ], [ -87.665435999671601, 41.998136000176309, 0.0 ], [ -87.670622999651684, 41.998075000061249, 0.0 ] ] ] } },
{ "type": "Feature", "properties": { "precinct_id": "CITY OF CHICAGO:WARD 49 PRECINCT 06", "name": "CITY OF CHICAGO:Ward 49 Precinct 06" }, "geometry": { "type": "Polygon", "coordinates": [ [ [ -87.660553000220759, 41.998188999922434, 0.0 ], [ -87.660820999989127, 42.003680999578535, 0.0 ], [ -87.660152999761067, 42.003694000178037, 0.0 ], [ -87.65997599969262, 42.001542999909596, 0.0 ], [ -87.656899999935035, 42.001580999863272, 0.0 ], [ -87.65693099956593, 42.002112000068792, 0.0 ], [ -87.656598000397366, 42.002129999999568, 0.0 ], [ -87.656192999707102, 42.001266999772277, 0.0 ], [ -87.656341000236935, 42.001036999957655, 0.0 ], [ -87.655977703408752, 42.000227905700655, 0.0 ], [ -87.655626150118394, 41.998232000106782, 0.0 ], [ -87.660553000220759, 41.998188999922434, 0.0 ] ] ] } },
{ "type": "Feature", "properties": { "precinct_id": "CITY OF CHICAGO:WARD 49 PRECINCT 07", "name": "CITY OF CHICAGO:Ward 49 Precinct 07" }, "geometry": { "type": "Polygon", "coordinates": [ [ [ -87.665435999671601, 41.998136000176309, 0.0 ], [ -87.665676999993522, 42.003471999832989, 0.0 ], [ -87.663575000186086, 42.00350400040935, 0.0 ], [ -87.663646999909076, 42.005496999686834, 0.0 ], [ -87.660920000057899, 42.005539999871132, 0.0 ], [ -87.660553000220759, 41.998188999922434, 0.0 ], [ -87.665435999671601, 41.998136000176309, 0.0 ] ] ] } },
{ "type": "Feature", "properties": { "precinct_id": "CITY OF CHICAGO:WARD 49 PRECINCT 05", "name": "CITY OF CHICAGO:Ward 49 Precinct 05" }, "geometry": { "type": "Polygon", "coordinates": [ [ [ -87.65997599969262, 42.001542999909596, 0.0 ], [ -87.660152999761067, 42.003694000178037, 0.0 ], [ -87.660820999989127, 42.003680999578535, 0.0 ], [ -87.660920000057899, 42.005539999871132, 0.0 ], [ -87.663646999909076, 42.005496999686834, 0.0 ], [ -87.663689000047256, 42.006731999981866, 0.0 ], [ -87.661295000264033, 42.006766999797257, 0.0 ], [ -87.661691999686013, 42.00797899993097, 0.0 ], [ -87.65832625760406, 42.008020725686158, 0.0 ], [ -87.657656, 42.006969, 0.0 ], [ -87.657318000325404, 42.005242999664738, 0.0 ], [ -87.656898596080111, 42.004221183131705, 0.0 ], [ -87.657288999887385, 42.004183000245291, 0.0 ], [ -87.656598000397366, 42.002129999999568, 0.0 ], [ -87.65693099956593, 42.002112000068792, 0.0 ], [ -87.656899999935035, 42.001580999863272, 0.0 ], [ -87.65997599969262, 42.001542999909596, 0.0 ] ] ] } },
{ "type": "Feature", "properties": { "precinct_id": "CITY OF CHICAGO:WARD 49 PRECINCT 17", "name": "CITY OF CHICAGO:Ward 49 Precinct 17" }, "geometry": { "type": "Polygon", "coordinates": [ [ [ -87.665681000177983, 42.003623999647914, 0.0 ], [ -87.670542999559757, 42.003548999786581, 0.0 ], [ -87.670822999881509, 42.007825000023786, 0.0 ], [ -87.667862000031207, 42.007873999585449, 0.0 ], [ -87.667821999985279, 42.00665399998217, 0.0 ], [ -87.663689000047256, 42.006731999981866, 0.0 ], [ -87.663575000186086, 42.00350400040935, 0.0 ], [ -87.665676999993522, 42.003471999832989, 0.0 ], [ -87.665681000177983, 42.003623999647914, 0.0 ] ] ] } },
{ "type": "Feature", "properties": { "precinct_id": "CITY OF CHICAGO:WARD 49 PRECINCT 16", "name": "CITY OF CHICAGO:Ward 49 Precinct 16" }, "geometry": { "type": "Polygon", "coordinates": [ [ [ -87.667821999985279, 42.00665399998217, 0.0 ], [ -87.667862000031207, 42.007873999585449, 0.0 ], [ -87.67220000042964, 42.007801999862465, 0.0 ], [ -87.672241999668529, 42.009012999950016, 0.0 ], [ -87.662089000007313, 42.009182999695724, 0.0 ], [ -87.661295000264033, 42.006766999797257, 0.0 ], [ -87.667821999985279, 42.00665399998217, 0.0 ] ] ] } },
{ "type": "Feature", "properties": { "precinct_id": "CITY OF CHICAGO:WARD 49 PRECINCT 04", "name": "CITY OF CHICAGO:Ward 49 Precinct 04" }, "geometry": { "type": "Polygon", "coordinates": [ [ [ -87.662089000007313, 42.009182999695724, 0.0 ], [ -87.665779000200644, 42.009127999857355, 0.0 ], [ -87.665923999692765, 42.012787000419792, 0.0 ], [ -87.66132547274421, 42.01286145825091, 0.0 ], [ -87.65832625760406, 42.008020725686158, 0.0 ], [ -87.661691999686013, 42.00797899993097, 0.0 ], [ -87.662089000007313, 42.009182999695724, 0.0 ] ] ] } },
{ "type": "Feature", "properties": { "precinct_id": "CITY OF CHICAGO:WARD 49 PRECINCT 15", "name": "CITY OF CHICAGO:Ward 49 Precinct 15" }, "geometry": { "type": "Polygon", "coordinates": [ [ [ -87.672241999668529, 42.009012999950016, 0.0 ], [ -87.672406000036844, 42.01380000036977, 0.0 ], [ -87.668066999592327, 42.013877000323362, 0.0 ], [ -87.66802700044569, 42.012751999705074, 0.0 ], [ -87.665923999692765, 42.012787000419792, 0.0 ], [ -87.665779000200644, 42.009127999857355, 0.0 ], [ -87.672241999668529, 42.009012999950016, 0.0 ] ] ] } },
{ "type": "Feature", "properties": { "precinct_id": "CITY OF CHICAGO:WARD 49 PRECINCT 03", "name": "CITY OF CHICAGO:Ward 49 Precinct 03" }, "geometry": { "type": "Polygon", "coordinates": [ [ [ -87.66802700044569, 42.012751999705074, 0.0 ], [ -87.668175000076118, 42.017118999642157, 0.0 ], [ -87.663364421529792, 42.017196999641897, 0.0 ], [ -87.66132547274421, 42.01286145825091, 0.0 ], [ -87.66802700044569, 42.012751999705074, 0.0 ] ] ] } },
{ "type": "Feature", "properties": { "precinct_id": "CITY OF CHICAGO:WARD 49 PRECINCT 02", "name": "CITY OF CHICAGO:Ward 49 Precinct 02" }, "geometry": { "type": "Polygon", "coordinates": [ [ [ -87.668175000076118, 42.017118999642157, 0.0 ], [ -87.668244999706914, 42.019364999794959, 0.0 ], [ -87.666345000221554, 42.020270000160451, 0.0 ], [ -87.666852000219592, 42.022253999922221, 0.0 ], [ -87.665925315597789, 42.022642385179701, 0.0 ], [ -87.663364421529792, 42.017196999641897, 0.0 ], [ -87.668175000076118, 42.017118999642157, 0.0 ] ] ] } },
{ "type": "Feature", "properties": { "precinct_id": "COOK:7503004", "name": "COOK:Evanston Ward 3 Precinct 4" }, "geometry": { "type": "Polygon", "coordinates": [ [ [ -87.666064417013288, 42.02293816501922, 0.0 ], [ -87.672657454264609, 42.022996511254689, 0.0 ], [ -87.672095777227611, 42.026665876753952, 0.0 ], [ -87.672151778035484, 42.029363877491043, 0.0 ], [ -87.673677778051371, 42.029375876500474, 0.0 ], [ -87.674027778558624, 42.032098877298935, 0.0 ], [ -87.674890778677977, 42.032104877473266, 0.0 ], [ -87.675257778485985, 42.033916877444881, 0.0 ], [ -87.669706000964652, 42.033824079467244, 0.0 ], [ -87.668982, 42.029142, 0.0 ], [ -87.666064417013288, 42.02293816501922, 0.0 ] ] ] } },
{ "type": "Feature", "properties": { "precinct_id": "CITY OF CHICAGO:WARD 40 PRECINCT 04", "name": "CITY OF CHICAGO:Ward 40 Precinct 04" }, "geometry": { "type": "MultiPolygon", "coordinates": [ [ [ [ -87.703039999896006, 41.990422999721716, 0.0 ], [ -87.702868048212537, 41.990422999721716, 0.0 ], [ -87.70303996635883, 41.99042200740918, 0.0 ], [ -87.703039999896006, 41.990422999721716, 0.0 ] ] ], [ [ [ -87.700615999628667, 41.99043600032121, 0.0 ], [ -87.700614935950497, 41.990436004698701, 0.0 ], [ -87.700616706484993, 41.990435994479164, 0.0 ], [ -87.700615999628667, 41.99043600032121, 0.0 ] ] ], [ [ [ -87.698181000607406, 41.990450024907538, 0.0 ], [ -87.698299999845062, 41.99399299977717, 0.0 ], [ -87.695863999923645, 41.994021000169084, 0.0 ], [ -87.695750000067676, 41.990463999999605, 0.0 ], [ -87.698181000607406, 41.990450024907538, 0.0 ] ] ] ] } },
{ "type": "Feature", "properties": { "precinct_id": "CITY OF CHICAGO:WARD 50 PRECINCT 23", "name": "CITY OF CHICAGO:Ward 50 Precinct 23" }, "geometry": { "type": "Polygon", "coordinates": [ [ [ -87.709165000052167, 41.990383999999381, 0.0 ], [ -87.710124000122448, 41.993811000377434, 0.0 ], [ -87.698299999845062, 41.99399299977717, 0.0 ], [ -87.698181000607406, 41.990450024907538, 0.0 ], [ -87.709165000052167, 41.990383999999381, 0.0 ] ] ] } },
{ "type": "Feature", "properties": { "precinct_id": "CITY OF CHICAGO:WARD 50 PRECINCT 24", "name": "CITY OF CHICAGO:Ward 50 Precinct 24" }, "geometry": { "type": "MultiPolygon", "coordinates": [ [ [ [ -87.720296999806635, 41.997278000179612, 0.0 ], [ -87.720296898815135, 41.997278000179612, 0.0 ], [ -87.720297049777272, 41.997277999773331, 0.0 ], [ -87.720296999806635, 41.997278000179612, 0.0 ] ] ], [ [ [ -87.719436999717729, 41.997280000271864, 0.0 ], [ -87.71922119166085, 41.997279909718948, 0.0 ], [ -87.719794259393765, 41.997278892438949, 0.0 ], [ -87.719436999717729, 41.997280000271864, 0.0 ] ] ], [ [ [ -87.719064999649959, 41.997281000317969, 0.0 ], [ -87.711715999793512, 41.997347999810415, 0.0 ], [ -87.711987999746327, 41.996478000159634, 0.0 ], [ -87.714094999784365, 41.994448000075174, 0.0 ], [ -87.713984044414502, 41.990324690040673, 0.0 ], [ -87.718861999961604, 41.990263000438951, 0.0 ], [ -87.718402, 41.99552, 0.0 ], [ -87.717477, 41.99659, 0.0 ], [ -87.718607, 41.997281, 0.0 ], [ -87.719064999649959, 41.997281000317969, 0.0 ] ] ] ] } },
{ "type": "Feature", "properties": { "precinct_id": "CITY OF CHICAGO:WARD 50 PRECINCT 25", "name": "CITY OF CHICAGO:Ward 50 Precinct 25" }, "geometry": { "type": "Polygon", "coordinates": [ [ [ -87.713984044414502, 41.990324690040673, 0.0 ], [ -87.714007000222864, 41.994624000097588, 0.0 ], [ -87.711987999746327, 41.996478000159634, 0.0 ], [ -87.711715999793512, 41.997347999810415, 0.0 ], [ -87.710679999682199, 41.997365999741127, 0.0 ], [ -87.710026000099788, 41.993321000264011, 0.0 ], [ -87.709165000052167, 41.990383999999381, 0.0 ], [ -87.713984044414502, 41.990324690040673, 0.0 ] ] ] } },
{ "type": "Feature", "properties": { "precinct_id": "CITY OF CHICAGO:WARD 50 PRECINCT 26", "name": "CITY OF CHICAGO:Ward 50 Precinct 26" }, "geometry": { "type": "Polygon", "coordinates": [ [ [ -87.710679999682199, 41.997365999741127, 0.0 ], [ -87.704514000420772, 41.997476000317192, 0.0 ], [ -87.704375000305959, 41.993904000169543, 0.0 ], [ -87.710124000122448, 41.993811000377434, 0.0 ], [ -87.710679999682199, 41.997365999741127, 0.0 ] ] ] } },
{ "type": "Feature", "properties": { "precinct_id": "CITY OF CHICAGO:WARD 50 PRECINCT 17", "name": "CITY OF CHICAGO:Ward 50 Precinct 17" }, "geometry": { "type": "Polygon", "coordinates": [ [ [ -87.704375000305959, 41.993904000169543, 0.0 ], [ -87.704514000420772, 41.997476000317192, 0.0 ], [ -87.699641999678519, 41.997560999740415, 0.0 ], [ -87.699516000163214, 41.993977999984729, 0.0 ], [ -87.704375000305959, 41.993904000169543, 0.0 ] ] ] } },
{ "type": "Feature", "properties": { "precinct_id": "CITY OF CHICAGO:WARD 50 PRECINCT 19", "name": "CITY OF CHICAGO:Ward 50 Precinct 19" }, "geometry": { "type": "Polygon", "coordinates": [ [ [ -87.699516000163214, 41.993977999984729, 0.0 ], [ -87.699641999678519, 41.997560999740415, 0.0 ], [ -87.694764999605013, 41.997646000062893, 0.0 ], [ -87.694646000412533, 41.994034999915357, 0.0 ], [ -87.699516000163214, 41.993977999984729, 0.0 ] ] ] } },
{ "type": "Feature", "properties": { "precinct_id": "CITY OF CHICAGO:WARD 50 PRECINCT 10", "name": "CITY OF CHICAGO:Ward 50 Precinct 10" }, "geometry": { "type": "Polygon", "coordinates": [ [ [ -87.709344000125441, 41.997388999902455, 0.0 ], [ -87.709347000263804, 42.004657999667018, 0.0 ], [ -87.704603000028371, 42.004753999597476, 0.0 ], [ -87.704514000420772, 41.997476000317192, 0.0 ], [ -87.709344000125441, 41.997388999902455, 0.0 ] ] ] } },
{ "type": "Feature", "properties": { "precinct_id": "CITY OF CHICAGO:WARD 50 PRECINCT 22", "name": "CITY OF CHICAGO:Ward 50 Precinct 22" }, "geometry": { "type": "Polygon", "coordinates": [ [ [ -87.704514000420772, 41.997476000317192, 0.0 ], [ -87.704603000028371, 42.004753999597476, 0.0 ], [ -87.699829000208183, 42.004850999574046, 0.0 ], [ -87.699641999678519, 41.997560999740415, 0.0 ], [ -87.704514000420772, 41.997476000317192, 0.0 ] ] ] } },
{ "type": "Feature", "properties": { "precinct_id": "CITY OF CHICAGO:WARD 50 PRECINCT 13", "name": "CITY OF CHICAGO:Ward 50 Precinct 13" }, "geometry": { "type": "Polygon", "coordinates": [ [ [ -87.699641999678519, 41.997560999740415, 0.0 ], [ -87.699829000208183, 42.004850999574046, 0.0 ], [ -87.694946999904047, 42.004947000403781, 0.0 ], [ -87.694764999605013, 41.997646000062893, 0.0 ], [ -87.699641999678519, 41.997560999740415, 0.0 ] ] ] } },
{ "type": "Feature", "properties": { "precinct_id": "COOK:8200052", "name": "COOK:Niles Precinct 52" }, "geometry": { "type": "Polygon", "coordinates": [ [ [ -87.728666792067898, 42.008116870219993, 0.0 ], [ -87.728913934477987, 41.997305194938178, 0.0 ], [ -87.73903256855921, 41.997316870299493, 0.0 ], [ -87.742472796936454, 42.0081488686142, 0.0 ], [ -87.737063794537562, 42.008138869325066, 0.0 ], [ -87.734859794507443, 42.008288869606403, 0.0 ], [ -87.73460279401101, 42.008085869717732, 0.0 ], [ -87.73411279359172, 42.008201870036572, 0.0 ], [ -87.728666792067898, 42.008116870219993, 0.0 ] ] ] } },
{ "type": "Feature", "properties": { "precinct_id": "COOK:8200004", "name": "COOK:Niles Precinct 4" }, "geometry": { "type": "Polygon", "coordinates": [ [ [ -87.719227623680382, 41.997319033865473, 0.0 ], [ -87.728913934477987, 41.997305194938178, 0.0 ], [ -87.728666792067898, 42.008116870219993, 0.0 ], [ -87.719498789396823, 42.00816887052757, 0.0 ], [ -87.718993790026758, 42.008835870070286, 0.0 ], [ -87.718941789183091, 42.007404870533961, 0.0 ], [ -87.718702789869056, 42.006863870212186, 0.0 ], [ -87.718974789046158, 42.006520870070823, 0.0 ], [ -87.719227623680382, 41.997319033865473, 0.0 ] ] ] } },
{ "type": "Feature", "properties": { "precinct_id": "COOK:8200056", "name": "COOK:Niles Precinct 56" }, "geometry": { "type": "Polygon", "coordinates": [ [ [ -87.742472796936454, 42.0081488686142, 0.0 ], [ -87.73903256855921, 41.997316870299493, 0.0 ], [ -87.749971087852259, 41.997342882730756, 0.0 ], [ -87.749250797400151, 41.999107866935098, 0.0 ], [ -87.748273796676543, 42.000081867276208, 0.0 ], [ -87.74814879750808, 42.004545868351116, 0.0 ], [ -87.748619797723833, 42.004547867843733, 0.0 ], [ -87.748583797304519, 42.007278869065182, 0.0 ], [ -87.748911798258575, 42.008719868645898, 0.0 ], [ -87.750311799259606, 42.011803869253555, 0.0 ], [ -87.747962798429668, 42.011778869479983, 0.0 ], [ -87.748048798247439, 42.008162869642895, 0.0 ], [ -87.742472796936454, 42.0081488686142, 0.0 ] ] ] } },
{ "type": "Feature", "properties": { "precinct_id": "COOK:8200005", "name": "COOK:Niles Precinct 5" }, "geometry": { "type": "Polygon", "coordinates": [ [ [ -87.714385830814791, 41.997315724919858, 0.0 ], [ -87.719227113144484, 41.997319032934897, 0.0 ], [ -87.718974789046158, 42.006520870070823, 0.0 ], [ -87.718702789869056, 42.006863870212186, 0.0 ], [ -87.718941789183091, 42.007404870533961, 0.0 ], [ -87.719056788986251, 42.008898870552166, 0.0 ], [ -87.717488789216674, 42.011796871251406, 0.0 ], [ -87.716826789570106, 42.011800871323963, 0.0 ], [ -87.716626788704048, 42.004593869967906, 0.0 ], [ -87.714205787200058, 42.004619870180143, 0.0 ], [ -87.714385830814791, 41.997315724919858, 0.0 ] ] ] } },
{ "type": "Feature", "properties": { "precinct_id": "COOK:8200029", "name": "COOK:Niles Precinct 29" }, "geometry": { "type": "Polygon", "coordinates": [ [ [ -87.714292787122574, 41.997316868992712, 0.0 ], [ -87.714205787200058, 42.004619870180143, 0.0 ], [ -87.716626788704048, 42.004593869967906, 0.0 ], [ -87.716826789570106, 42.011800871323963, 0.0 ], [ -87.709070606236835, 42.011868747571782, 0.0 ], [ -87.709349785740926, 42.004925870838669, 0.0 ], [ -87.709349851487104, 41.997397110269198, 0.0 ], [ -87.714292787122574, 41.997316868992712, 0.0 ] ] ] } },
{ "type": "Feature", "properties": { "precinct_id": "CITY OF CHICAGO:WARD 50 PRECINCT 14", "name": "CITY OF CHICAGO:Ward 50 Precinct 14" }, "geometry": { "type": "Polygon", "coordinates": [ [ [ -87.709347000263804, 42.004657999667018, 0.0 ], [ -87.709289000287072, 42.0067469997743, 0.0 ], [ -87.706250000437137, 42.006761000419885, 0.0 ], [ -87.706194999699434, 42.004720999874273, 0.0 ], [ -87.709347000263804, 42.004657999667018, 0.0 ] ] ] } },
{ "type": "Feature", "properties": { "precinct_id": "CITY OF CHICAGO:WARD 50 PRECINCT 18", "name": "CITY OF CHICAGO:Ward 50 Precinct 18" }, "geometry": { "type": "Polygon", "coordinates": [ [ [ -87.706194999699434, 42.004720999874273, 0.0 ], [ -87.706250000437137, 42.006761000419885, 0.0 ], [ -87.706988000295951, 42.006744999682041, 0.0 ], [ -87.706988000295951, 42.008303999629952, 0.0 ], [ -87.704527000120933, 42.008358000321493, 0.0 ], [ -87.704603000028371, 42.004753999597476, 0.0 ], [ -87.706194999699434, 42.004720999874273, 0.0 ] ] ] } },
{ "type": "Feature", "properties": { "precinct_id": "CITY OF CHICAGO:WARD 50 PRECINCT 27", "name": "CITY OF CHICAGO:Ward 50 Precinct 27" }, "geometry": { "type": "Polygon", "coordinates": [ [ [ -87.709289000287072, 42.0067469997743, 0.0 ], [ -87.709248000195018, 42.008328999883467, 0.0 ], [ -87.706988000295951, 42.008303999629952, 0.0 ], [ -87.706988000295951, 42.006744999682041, 0.0 ], [ -87.709289000287072, 42.0067469997743, 0.0 ] ] ] } },
{ "type": "Feature", "properties": { "precinct_id": "CITY OF CHICAGO:WARD 50 PRECINCT 11", "name": "CITY OF CHICAGO:Ward 50 Precinct 11" }, "geometry": { "type": "Polygon", "coordinates": [ [ [ -87.704603000028371, 42.004753999597476, 0.0 ], [ -87.704453000305691, 42.011964000238493, 0.0 ], [ -87.699718999632054, 42.012067999638532, 0.0 ], [ -87.699829000208183, 42.004850999574046, 0.0 ], [ -87.704603000028371, 42.004753999597476, 0.0 ] ] ] } },
{ "type": "Feature", "properties": { "precinct_id": "CITY OF CHICAGO:WARD 50 PRECINCT 05", "name": "CITY OF CHICAGO:Ward 50 Precinct 05" }, "geometry": { "type": "Polygon", "coordinates": [ [ [ -87.699829000208183, 42.004850999574046, 0.0 ], [ -87.699718999632054, 42.012067999638532, 0.0 ], [ -87.694985999903949, 42.012176000122338, 0.0 ], [ -87.694946999904047, 42.004947000403781, 0.0 ], [ -87.699829000208183, 42.004850999574046, 0.0 ] ] ] } },
{ "type": "Feature", "properties": { "precinct_id": "CITY OF CHICAGO:WARD 50 PRECINCT 09", "name": "CITY OF CHICAGO:Ward 50 Precinct 09" }, "geometry": { "type": "Polygon", "coordinates": [ [ [ -87.709248000195018, 42.008328999883467, 0.0 ], [ -87.709203999964586, 42.009987999946297, 0.0 ], [ -87.707297000156402, 42.010040999692428, 0.0 ], [ -87.707028000341893, 42.009471000386377, 0.0 ], [ -87.706988000295951, 42.008303999629952, 0.0 ], [ -87.709248000195018, 42.008328999883467, 0.0 ] ] ] } },
{ "type": "Feature", "properties": { "precinct_id": "CITY OF CHICAGO:WARD 50 PRECINCT 12", "name": "CITY OF CHICAGO:Ward 50 Precinct 12" }, "geometry": { "type": "Polygon", "coordinates": [ [ [ -87.707056999880592, 42.010046999969113, 0.0 ], [ -87.707052999696145, 42.011890000423243, 0.0 ], [ -87.707269999810592, 42.011897999892817, 0.0 ], [ -87.704453000305691, 42.011964000238493, 0.0 ], [ -87.704527000120933, 42.008358000321493, 0.0 ], [ -87.706988000295951, 42.008303999629952, 0.0 ], [ -87.707028000341893, 42.009471000386377, 0.0 ], [ -87.707297000156402, 42.010040999692428, 0.0 ], [ -87.707056999880592, 42.010046999969113, 0.0 ] ] ] } },
{ "type": "Feature", "properties": { "precinct_id": "CITY OF CHICAGO:WARD 50 PRECINCT 16", "name": "CITY OF CHICAGO:Ward 50 Precinct 16" }, "geometry": { "type": "Polygon", "coordinates": [ [ [ -87.709203999964586, 42.009987999946297, 0.0 ], [ -87.709057000380199, 42.011860999985231, 0.0 ], [ -87.707052999696145, 42.011890000423243, 0.0 ], [ -87.707056999880592, 42.010046999969113, 0.0 ], [ -87.709203999964586, 42.009987999946297, 0.0 ] ] ] } },
{ "type": "Feature", "properties": { "precinct_id": "CITY OF CHICAGO:WARD 50 PRECINCT 08", "name": "CITY OF CHICAGO:Ward 50 Precinct 08" }, "geometry": { "type": "Polygon", "coordinates": [ [ [ -87.689883000200254, 41.997730000339288, 0.0 ], [ -87.689930999715841, 41.999544000355399, 0.0 ], [ -87.687495999840522, 41.999585999594274, 0.0 ], [ -87.687508000393848, 42.0000349996156, 0.0 ], [ -87.680210000191309, 42.000144000145546, 0.0 ], [ -87.680215000421867, 42.000314999937366, 0.0 ], [ -87.677937999738845, 42.000357000075553, 0.0 ], [ -87.676837000227337, 41.997959000107805, 0.0 ], [ -87.689883000200254, 41.997730000339288, 0.0 ] ] ] } },
{ "type": "Feature", "properties": { "precinct_id": "CITY OF CHICAGO:WARD 50 PRECINCT 15", "name": "CITY OF CHICAGO:Ward 50 Precinct 15" }, "geometry": { "type": "Polygon", "coordinates": [ [ [ -87.694764999605013, 41.997646000062893, 0.0 ], [ -87.694946999904047, 42.004947000403781, 0.0 ], [ -87.690679000035786, 42.005023000311269, 0.0 ], [ -87.690703000243204, 42.005919000261713, 0.0 ], [ -87.690091999945821, 42.005927999777441, 0.0 ], [ -87.689883000200254, 41.997730000339288, 0.0 ], [ -87.694764999605013, 41.997646000062893, 0.0 ] ] ] } },
{ "type": "Feature", "properties": { "precinct_id": "CITY OF CHICAGO:WARD 40 PRECINCT 02", "name": "CITY OF CHICAGO:Ward 40 Precinct 02" }, "geometry": { "type": "Polygon", "coordinates": [ [ [ -87.689930999715841, 41.999544000355399, 0.0 ], [ -87.690070999876696, 42.005032999873102, 0.0 ], [ -87.683816000108251, 42.005143000449152, 0.0 ], [ -87.68385500010811, 42.006374999706502, 0.0 ], [ -87.688015000391957, 42.006293000421699, 0.0 ], [ -87.688083999976584, 42.00814000016095, 0.0 ], [ -87.682421999675512, 42.008385999814088, 0.0 ], [ -87.682658999812929, 42.008927999627531, 0.0 ], [ -87.681891000369333, 42.008961000250004, 0.0 ], [ -87.677937999738845, 42.000357000075553, 0.0 ], [ -87.680215000421867, 42.000314999937366, 0.0 ], [ -87.680210000191309, 42.000144000145546, 0.0 ], [ -87.687508000393848, 42.0000349996156, 0.0 ], [ -87.687495999840522, 41.999585999594274, 0.0 ], [ -87.689930999715841, 41.999544000355399, 0.0 ] ] ] } },
{ "type": "Feature", "properties": { "precinct_id": "CITY OF CHICAGO:WARD 40 PRECINCT 01", "name": "CITY OF CHICAGO:Ward 40 Precinct 01" }, "geometry": { "type": "Polygon", "coordinates": [ [ [ -87.694946999904047, 42.004947000403781, 0.0 ], [ -87.694965999880935, 42.008558999698153, 0.0 ], [ -87.690162999622714, 42.008654999628561, 0.0 ], [ -87.69014699978419, 42.00805099965396, 0.0 ], [ -87.688083999976584, 42.00814000016095, 0.0 ], [ -87.688015000391957, 42.006293000421699, 0.0 ], [ -87.68385500010811, 42.006374999706502, 0.0 ], [ -87.683816000108251, 42.005143000449152, 0.0 ], [ -87.690070999876696, 42.005032999873102, 0.0 ], [ -87.690091999945821, 42.005927999777441, 0.0 ], [ -87.690703000243204, 42.005919000261713, 0.0 ], [ -87.690679000035786, 42.005023000311269, 0.0 ], [ -87.694946999904047, 42.004947000403781, 0.0 ] ] ] } },
{ "type": "Feature", "properties": { "precinct_id": "CITY OF CHICAGO:WARD 49 PRECINCT 09", "name": "CITY OF CHICAGO:Ward 49 Precinct 09" }, "geometry": { "type": "Polygon", "coordinates": [ [ [ -87.675118000095608, 42.00164600016285, 0.0 ], [ -87.675360999610405, 42.010189000222226, 0.0 ], [ -87.67342700035573, 42.010213999576479, 0.0 ], [ -87.673835000284996, 42.012650000397223, 0.0 ], [ -87.672365999990859, 42.012674999751475, 0.0 ], [ -87.67220000042964, 42.007801999862465, 0.0 ], [ -87.670822999881509, 42.007825000023786, 0.0 ], [ -87.670542999559757, 42.003548999786581, 0.0 ], [ -87.672479999852087, 42.003515000017273, 0.0 ], [ -87.671856999900569, 42.001704000139576, 0.0 ], [ -87.675118000095608, 42.00164600016285, 0.0 ] ] ] } },
{ "type": "Feature", "properties": { "precinct_id": "CITY OF CHICAGO:WARD 49 PRECINCT 10", "name": "CITY OF CHICAGO:Ward 49 Precinct 10" }, "geometry": { "type": "Polygon", "coordinates": [ [ [ -87.679760000123835, 42.004305999622268, 0.0 ], [ -87.682287999791299, 42.010058999623205, 0.0 ], [ -87.679879000215635, 42.010100999761391, 0.0 ], [ -87.679899000238592, 42.010707999874342, 0.0 ], [ -87.678123000176285, 42.010737000312368, 0.0 ], [ -87.678103000153271, 42.01013300033776, 0.0 ], [ -87.675360999610405, 42.010189000222226, 0.0 ], [ -87.675196000095298, 42.004367999783419, 0.0 ], [ -87.679760000123835, 42.004305999622268, 0.0 ] ] ] } },
{ "type": "Feature", "properties": { "precinct_id": "CITY OF CHICAGO:WARD 50 PRECINCT 06", "name": "CITY OF CHICAGO:Ward 50 Precinct 06" }, "geometry": { "type": "Polygon", "coordinates": [ [ [ -87.694965999880935, 42.008558999698153, 0.0 ], [ -87.694985999903949, 42.012176000122338, 0.0 ], [ -87.690246999899102, 42.012280000421754, 0.0 ], [ -87.690162999622714, 42.008654999628561, 0.0 ], [ -87.694965999880935, 42.008558999698153, 0.0 ] ] ] } },
{ "type": "Feature", "properties": { "precinct_id": "CITY OF CHICAGO:WARD 50 PRECINCT 07", "name": "CITY OF CHICAGO:Ward 50 Precinct 07" }, "geometry": { "type": "Polygon", "coordinates": [ [ [ -87.69014699978419, 42.00805099965396, 0.0 ], [ -87.690197000291278, 42.017436999917656, 0.0 ], [ -87.687546000347595, 42.01741799994079, 0.0 ], [ -87.687556999955504, 42.012253000075923, 0.0 ], [ -87.683496999786655, 42.012210999937736, 0.0 ], [ -87.683085999719083, 42.012322999706726, 0.0 ], [ -87.681891000369333, 42.008961000250004, 0.0 ], [ -87.682658999812929, 42.008927999627531, 0.0 ], [ -87.682421999675512, 42.008385999814088, 0.0 ], [ -87.69014699978419, 42.00805099965396, 0.0 ] ] ] } },
{ "type": "Feature", "properties": { "precinct_id": "CITY OF CHICAGO:WARD 49 PRECINCT 11", "name": "CITY OF CHICAGO:Ward 49 Precinct 11" }, "geometry": { "type": "Polygon", "coordinates": [ [ [ -87.682287999791299, 42.010058999623205, 0.0 ], [ -87.683085999719083, 42.012322999706726, 0.0 ], [ -87.683496999786655, 42.012210999937736, 0.0 ], [ -87.687556999955504, 42.012253000075923, 0.0 ], [ -87.687521000094009, 42.015636999647882, 0.0 ], [ -87.684182999945449, 42.015575000386036, 0.0 ], [ -87.684082999830537, 42.015150999718912, 0.0 ], [ -87.680484000236376, 42.015122000180213, 0.0 ], [ -87.680183999891653, 42.01009600043011, 0.0 ], [ -87.682287999791299, 42.010058999623205, 0.0 ] ] ] } },
{ "type": "Feature", "properties": { "precinct_id": "CITY OF CHICAGO:WARD 49 PRECINCT 13", "name": "CITY OF CHICAGO:Ward 49 Precinct 13" }, "geometry": { "type": "Polygon", "coordinates": [ [ [ -87.680183999891653, 42.01009600043011, 0.0 ], [ -87.680300999891173, 42.013475999817615, 0.0 ], [ -87.68049399979823, 42.013742000393052, 0.0 ], [ -87.680448000374881, 42.019446999979095, 0.0 ], [ -87.676307000067936, 42.019402999748699, 0.0 ], [ -87.675390000048424, 42.017023999757839, 0.0 ], [ -87.674638000443323, 42.01263499970554, 0.0 ], [ -87.673835000284996, 42.012650000397223, 0.0 ], [ -87.67342700035573, 42.010213999576479, 0.0 ], [ -87.678103000153271, 42.01013300033776, 0.0 ], [ -87.678123000176285, 42.010737000312368, 0.0 ], [ -87.679899000238592, 42.010707999874342, 0.0 ], [ -87.679879000215635, 42.010100999761391, 0.0 ], [ -87.680183999891653, 42.01009600043011, 0.0 ] ] ] } },
{ "type": "Feature", "properties": { "precinct_id": "COOK:8200030", "name": "COOK:Niles Precinct 30" }, "geometry": { "type": "Polygon", "coordinates": [ [ [ -87.736939794480122, 42.015387870205629, 0.0 ], [ -87.72849379245433, 42.015377871371001, 0.0 ], [ -87.728666792067898, 42.008116870219993, 0.0 ], [ -87.73411279359172, 42.008201870036572, 0.0 ], [ -87.73460279401101, 42.008085869717732, 0.0 ], [ -87.734859794507443, 42.008288869606403, 0.0 ], [ -87.737063794537562, 42.008138869325066, 0.0 ], [ -87.736939794480122, 42.015387870205629, 0.0 ] ] ] } },
{ "type": "Feature", "properties": { "precinct_id": "COOK:8200051", "name": "COOK:Niles Precinct 51" }, "geometry": { "type": "Polygon", "coordinates": [ [ [ -87.717488789216674, 42.011796871251406, 0.0 ], [ -87.719498789396823, 42.00816887052757, 0.0 ], [ -87.728666792067898, 42.008116870219993, 0.0 ], [ -87.72849379245433, 42.015377871371001, 0.0 ], [ -87.723643790747232, 42.015416871960682, 0.0 ], [ -87.723736791252207, 42.011765871167917, 0.0 ], [ -87.717488789216674, 42.011796871251406, 0.0 ] ] ] } },
{ "type": "Feature", "properties": { "precinct_id": "COOK:8200046", "name": "COOK:Niles Precinct 46" }, "geometry": { "type": "Polygon", "coordinates": [ [ [ -87.750270799238947, 42.015430869596472, 0.0 ], [ -87.736939794480122, 42.015387870205629, 0.0 ], [ -87.737063794537562, 42.008138869325066, 0.0 ], [ -87.748048798247439, 42.008162869642895, 0.0 ], [ -87.747962798429668, 42.011778869479983, 0.0 ], [ -87.750311799259606, 42.011803869253555, 0.0 ], [ -87.750270799238947, 42.015430869596472, 0.0 ] ] ] } },
{ "type": "Feature", "properties": { "precinct_id": "COOK:8200034", "name": "COOK:Niles Precinct 34" }, "geometry": { "type": "Polygon", "coordinates": [ [ [ -87.761994803535899, 42.019145869219813, 0.0 ], [ -87.746065797758945, 42.019026871350697, 0.0 ], [ -87.744884798017523, 42.015295870834969, 0.0 ], [ -87.750270799238947, 42.015430869596472, 0.0 ], [ -87.750311799259606, 42.011803869253555, 0.0 ], [ -87.750577799013257, 42.011807869651157, 0.0 ], [ -87.751506798975328, 42.012872869349543, 0.0 ], [ -87.753362800278822, 42.014355869648874, 0.0 ], [ -87.761994803535899, 42.019145869219813, 0.0 ] ] ] } },
{ "type": "Feature", "properties": { "precinct_id": "COOK:8200025", "name": "COOK:Niles Precinct 25" }, "geometry": { "type": "Polygon", "coordinates": [ [ [ -87.736939794480122, 42.015387870205629, 0.0 ], [ -87.744884798017523, 42.015295870834969, 0.0 ], [ -87.746065797758945, 42.019026871350697, 0.0 ], [ -87.736841795550902, 42.019007871620218, 0.0 ], [ -87.736939794480122, 42.015387870205629, 0.0 ] ] ] } },
{ "type": "Feature", "properties": { "precinct_id": "COOK:8200061", "name": "COOK:Niles Precinct 61" }, "geometry": { "type": "Polygon", "coordinates": [ [ [ -87.741179797863467, 42.022402871515006, 0.0 ], [ -87.730754795248046, 42.02239087192909, 0.0 ], [ -87.730906793321864, 42.015375871238838, 0.0 ], [ -87.736939794480122, 42.015387870205629, 0.0 ], [ -87.736841795550902, 42.019007871620218, 0.0 ], [ -87.746065797758945, 42.019026871350697, 0.0 ], [ -87.746561798667244, 42.02073387145164, 0.0 ], [ -87.742829797810231, 42.020829871221842, 0.0 ], [ -87.742769797956228, 42.022650871673051, 0.0 ], [ -87.741179797863467, 42.022402871515006, 0.0 ] ] ] } },
{ "type": "Feature", "properties": { "precinct_id": "COOK:8200055", "name": "COOK:Niles Precinct 55" }, "geometry": { "type": "Polygon", "coordinates": [ [ [ -87.730754795248046, 42.02239087192909, 0.0 ], [ -87.737953795506925, 42.022381872749946, 0.0 ], [ -87.737854795888481, 42.026249872144021, 0.0 ], [ -87.73060879435603, 42.026254873341927, 0.0 ], [ -87.730708794721366, 42.022665872766552, 0.0 ], [ -87.730754795248046, 42.02239087192909, 0.0 ] ] ] } },
{ "type": "Feature", "properties": { "precinct_id": "COOK:8200015", "name": "COOK:Niles Precinct 15" }, "geometry": { "type": "Polygon", "coordinates": [ [ [ -87.747431799336766, 42.02940287342475, 0.0 ], [ -87.747393799124026, 42.027877872804559, 0.0 ], [ -87.746860799437954, 42.026273872257356, 0.0 ], [ -87.748369799383354, 42.026268871748634, 0.0 ], [ -87.746065797758945, 42.019026871350697, 0.0 ], [ -87.748623799316903, 42.019035870776122, 0.0 ], [ -87.755944802540611, 42.024811871099217, 0.0 ], [ -87.754641802090745, 42.026333872084933, 0.0 ], [ -87.757381802416077, 42.026352871895988, 0.0 ], [ -87.75714580220388, 42.03224887275902, 0.0 ], [ -87.756039802945594, 42.031090872326921, 0.0 ], [ -87.754612801318871, 42.02786587162835, 0.0 ], [ -87.753537802006463, 42.029599871488863, 0.0 ], [ -87.751556801815354, 42.02941387203866, 0.0 ], [ -87.747431799336766, 42.02940287342475, 0.0 ] ] ] } },
{ "type": "Feature", "properties": { "precinct_id": "COOK:8200024", "name": "COOK:Niles Precinct 24" }, "geometry": { "type": "Polygon", "coordinates": [ [ [ -87.737854795888481, 42.026249872144021, 0.0 ], [ -87.737953795506925, 42.022381872749946, 0.0 ], [ -87.741179797863467, 42.022402871515006, 0.0 ], [ -87.742769797956228, 42.022650871673051, 0.0 ], [ -87.742829797810231, 42.020829871221842, 0.0 ], [ -87.746561798667244, 42.02073387145164, 0.0 ], [ -87.748369799383354, 42.026268871748634, 0.0 ], [ -87.746860799437954, 42.026273872257356, 0.0 ], [ -87.74744079983293, 42.028139871703871, 0.0 ], [ -87.747347800617774, 42.031703873460167, 0.0 ], [ -87.74252779889764, 42.031703873718811, 0.0 ], [ -87.74267679815091, 42.026259872514125, 0.0 ], [ -87.737854795888481, 42.026249872144021, 0.0 ] ] ] } },
{ "type": "Feature", "properties": { "precinct_id": "COOK:8200044", "name": "COOK:Niles Precinct 44" }, "geometry": { "type": "Polygon", "coordinates": [ [ [ -87.723159792624941, 42.033567874705078, 0.0 ], [ -87.723446792385275, 42.022420873065897, 0.0 ], [ -87.730754795248046, 42.02239087192909, 0.0 ], [ -87.73060879435603, 42.026254873341927, 0.0 ], [ -87.728191794411671, 42.026255873265313, 0.0 ], [ -87.727990793981121, 42.033519874048054, 0.0 ], [ -87.723159792624941, 42.033567874705078, 0.0 ] ] ] } },
{ "type": "Feature", "properties": { "precinct_id": "CITY OF CHICAGO:WARD 50 PRECINCT 04", "name": "CITY OF CHICAGO:Ward 50 Precinct 04" }, "geometry": { "type": "Polygon", "coordinates": [ [ [ -87.694985999903949, 42.012176000122338, 0.0 ], [ -87.695002999788571, 42.013077000303383, 0.0 ], [ -87.697338999595104, 42.013029999934588, 0.0 ], [ -87.697326999941083, 42.01393500030008, 0.0 ], [ -87.697288999987336, 42.015751999555157, 0.0 ], [ -87.694928999973342, 42.01580500020065, 0.0 ], [ -87.694879000365518, 42.019429000048369, 0.0 ], [ -87.690174000129943, 42.019528000117191, 0.0 ], [ -87.690246999899102, 42.012280000421754, 0.0 ], [ -87.694985999903949, 42.012176000122338, 0.0 ] ] ] } },
{ "type": "Feature", "properties": { "precinct_id": "CITY OF CHICAGO:WARD 49 PRECINCT 14", "name": "CITY OF CHICAGO:Ward 49 Precinct 14" }, "geometry": { "type": "Polygon", "coordinates": [ [ [ -87.674638000443323, 42.01263499970554, 0.0 ], [ -87.675390000048424, 42.017023999757839, 0.0 ], [ -87.676307000067936, 42.019402999748699, 0.0 ], [ -87.668244999706914, 42.019364999794959, 0.0 ], [ -87.668066999592327, 42.013877000323362, 0.0 ], [ -87.672406000036844, 42.01380000036977, 0.0 ], [ -87.672365999990859, 42.012674999751475, 0.0 ], [ -87.674638000443323, 42.01263499970554, 0.0 ] ] ] } },
{ "type": "Feature", "properties": { "precinct_id": "CITY OF CHICAGO:WARD 49 PRECINCT 12", "name": "CITY OF CHICAGO:Ward 49 Precinct 12" }, "geometry": { "type": "Polygon", "coordinates": [ [ [ -87.680484000236376, 42.015122000180213, 0.0 ], [ -87.684082999830537, 42.015150999718912, 0.0 ], [ -87.684182999945449, 42.015575000386036, 0.0 ], [ -87.687521000094009, 42.015636999647882, 0.0 ], [ -87.687513999771213, 42.017402000102265, 0.0 ], [ -87.690197000291278, 42.017436999917656, 0.0 ], [ -87.690174000129943, 42.019528000117191, 0.0 ], [ -87.680448000374881, 42.019446999979095, 0.0 ], [ -87.680484000236376, 42.015122000180213, 0.0 ] ] ] } },
{ "type": "Feature", "properties": { "precinct_id": "COOK:7508003", "name": "COOK:Evanston Ward 8 Precinct 3" }, "geometry": { "type": "Polygon", "coordinates": [ [ [ -87.682803779520569, 42.021904874566481, 0.0 ], [ -87.678201778439444, 42.021787875174518, 0.0 ], [ -87.676489778299057, 42.021305875157665, 0.0 ], [ -87.674136778026536, 42.02006487485032, 0.0 ], [ -87.673532436632598, 42.019397883073424, 0.0 ], [ -87.682816779770008, 42.019474874441713, 0.0 ], [ -87.682803779520569, 42.021904874566481, 0.0 ] ] ] } },
{ "type": "Feature", "properties": { "precinct_id": "CITY OF CHICAGO:WARD 49 PRECINCT 01", "name": "CITY OF CHICAGO:Ward 49 Precinct 01" }, "geometry": { "type": "Polygon", "coordinates": [ [ [ -87.668244999706914, 42.019364999794959, 0.0 ], [ -87.67318420228905, 42.019386007957962, 0.0 ], [ -87.676304682515024, 42.022011636228058, 0.0 ], [ -87.677049716870897, 42.023029628314752, 0.0 ], [ -87.666060616808522, 42.02293008441162, 0.0 ], [ -87.665925315597789, 42.022642385179701, 0.0 ], [ -87.666717000289268, 42.022404999691041, 0.0 ], [ -87.666864999919767, 42.022147000383832, 0.0 ], [ -87.666345000221554, 42.020270000160451, 0.0 ], [ -87.668244999706914, 42.019364999794959, 0.0 ] ] ] } },
{ "type": "Feature", "properties": { "precinct_id": "COOK:7508005", "name": "COOK:Evanston Ward 8 Precinct 5" }, "geometry": { "type": "Polygon", "coordinates": [ [ [ -87.680435779372687, 42.021896874549327, 0.0 ], [ -87.682803779520569, 42.021904874566481, 0.0 ], [ -87.682816779770008, 42.019474874441713, 0.0 ], [ -87.689996966057976, 42.019539167807061, 0.0 ], [ -87.696454783365397, 42.019402873209494, 0.0 ], [ -87.696421784049136, 42.022316874691157, 0.0 ], [ -87.693014782757047, 42.022350874054538, 0.0 ], [ -87.688593781655115, 42.021923874902193, 0.0 ], [ -87.688580781319402, 42.022598874144904, 0.0 ], [ -87.685000781112251, 42.02257487512658, 0.0 ], [ -87.68505378039076, 42.023029874529705, 0.0 ], [ -87.684387780927935, 42.023023875571035, 0.0 ], [ -87.684292780606157, 42.022169874247773, 0.0 ], [ -87.680434779276098, 42.022127875544349, 0.0 ], [ -87.680435779372687, 42.021896874549327, 0.0 ] ] ] } },
{ "type": "Feature", "properties": { "precinct_id": "COOK:7508002", "name": "COOK:Evanston Ward 8 Precinct 2" }, "geometry": { "type": "Polygon", "coordinates": [ [ [ -87.67855558173882, 42.026570586886663, 0.0 ], [ -87.677724379916938, 42.022966386444871, 0.0 ], [ -87.677049133411657, 42.023028667734479, 0.0 ], [ -87.676246531286267, 42.02193562308733, 0.0 ], [ -87.67318457179023, 42.019386372739127, 0.0 ], [ -87.673530472525556, 42.019385117518887, 0.0 ], [ -87.674136778026536, 42.02006487485032, 0.0 ], [ -87.675606777579276, 42.02089587572204, 0.0 ], [ -87.677588778163297, 42.021671875334995, 0.0 ], [ -87.680435779372687, 42.021896874549327, 0.0 ], [ -87.680434779276098, 42.022127875544349, 0.0 ], [ -87.684292780606157, 42.022169874247773, 0.0 ], [ -87.684387780927935, 42.023023875571035, 0.0 ], [ -87.68505378039076, 42.023029874529705, 0.0 ], [ -87.685331781943546, 42.025527874789169, 0.0 ], [ -87.680409779332152, 42.025488875355656, 0.0 ], [ -87.680401779874259, 42.026578875648362, 0.0 ], [ -87.67855558173882, 42.026570586886663, 0.0 ] ] ] } },
{ "type": "Feature", "properties": { "precinct_id": "COOK:7508004", "name": "COOK:Evanston Ward 8 Precinct 4" }, "geometry": { "type": "Polygon", "coordinates": [ [ [ -87.685339781183586, 42.025601874857927, 0.0 ], [ -87.685000781112251, 42.02257487512658, 0.0 ], [ -87.688580781319402, 42.022598874144904, 0.0 ], [ -87.688593781655115, 42.021923874902193, 0.0 ], [ -87.692464783213339, 42.022318874550145, 0.0 ], [ -87.694894783037824, 42.022352874371194, 0.0 ], [ -87.694806783943818, 42.024887874662738, 0.0 ], [ -87.690111782980424, 42.024964874690134, 0.0 ], [ -87.690102782554078, 42.025653875441684, 0.0 ], [ -87.685339781183586, 42.025601874857927, 0.0 ] ] ] } },
{ "type": "Feature", "properties": { "precinct_id": "COOK:7509005", "name": "COOK:Evanston Ward 9 Precinct 5" }, "geometry": { "type": "Polygon", "coordinates": [ [ [ -87.679208207169751, 42.02940695693156, 0.0 ], [ -87.67855558173882, 42.026570586886663, 0.0 ], [ -87.680401779874259, 42.026578875648362, 0.0 ], [ -87.680409779332152, 42.025488875355656, 0.0 ], [ -87.685331781943546, 42.025527874789169, 0.0 ], [ -87.685710781919099, 42.028822875896495, 0.0 ], [ -87.680358780471423, 42.02878487626559, 0.0 ], [ -87.680348779904008, 42.029427876303394, 0.0 ], [ -87.679208207169751, 42.02940695693156, 0.0 ] ] ] } },
{ "type": "Feature", "properties": { "precinct_id": "COOK:7503003", "name": "COOK:Evanston Ward 3 Precinct 3" }, "geometry": { "type": "Polygon", "coordinates": [ [ [ -87.674890778677977, 42.032104877473266, 0.0 ], [ -87.674027778558624, 42.032098877298935, 0.0 ], [ -87.673677778051371, 42.029375876500474, 0.0 ], [ -87.672151778035484, 42.029363877491043, 0.0 ], [ -87.672095777227611, 42.026665876753952, 0.0 ], [ -87.672657454264609, 42.022996511254689, 0.0 ], [ -87.677724379916938, 42.022966386444871, 0.0 ], [ -87.679208207169751, 42.02940695693156, 0.0 ], [ -87.676860778638513, 42.02940087718919, 0.0 ], [ -87.677397779744609, 42.032123876708809, 0.0 ], [ -87.675753778977366, 42.032110877461584, 0.0 ], [ -87.676077779412381, 42.033924877475322, 0.0 ], [ -87.675257778485985, 42.033916877444881, 0.0 ], [ -87.674890778677977, 42.032104877473266, 0.0 ] ] ] } },
{ "type": "Feature", "properties": { "precinct_id": "CITY OF CHICAGO:WARD 50 PRECINCT 01", "name": "CITY OF CHICAGO:Ward 50 Precinct 01" }, "geometry": { "type": "Polygon", "coordinates": [ [ [ -87.709057000380199, 42.011860999985231, 0.0 ], [ -87.708746000427539, 42.015499999625312, 0.0 ], [ -87.699647999955175, 42.015700999901298, 0.0 ], [ -87.699718999632054, 42.012067999638532, 0.0 ], [ -87.709057000380199, 42.011860999985231, 0.0 ] ] ] } },
{ "type": "Feature", "properties": { "precinct_id": "CITY OF CHICAGO:WARD 50 PRECINCT 03", "name": "CITY OF CHICAGO:Ward 50 Precinct 03" }, "geometry": { "type": "Polygon", "coordinates": [ [ [ -87.699718999632054, 42.012067999638532, 0.0 ], [ -87.699589999978457, 42.019325999795115, 0.0 ], [ -87.694879000365518, 42.019429000048369, 0.0 ], [ -87.694928999973342, 42.01580500020065, 0.0 ], [ -87.697288999987336, 42.015751999555157, 0.0 ], [ -87.697326999941083, 42.01393500030008, 0.0 ], [ -87.697338999595104, 42.013029999934588, 0.0 ], [ -87.695002999788571, 42.013077000303383, 0.0 ], [ -87.694985999903949, 42.012176000122338, 0.0 ], [ -87.699718999632054, 42.012067999638532, 0.0 ] ] ] } },
{ "type": "Feature", "properties": { "precinct_id": "CITY OF CHICAGO:WARD 50 PRECINCT 02", "name": "CITY OF CHICAGO:Ward 50 Precinct 02" }, "geometry": { "type": "Polygon", "coordinates": [ [ [ -87.708746000427539, 42.015499999625312, 0.0 ], [ -87.708662000151151, 42.019144000395322, 0.0 ], [ -87.699589999978457, 42.019325999795115, 0.0 ], [ -87.699647999955175, 42.015700999901298, 0.0 ], [ -87.708746000427539, 42.015499999625312, 0.0 ] ] ] } },
{ "type": "Feature", "properties": { "precinct_id": "COOK:8200042", "name": "COOK:Niles Precinct 42" }, "geometry": { "type": "Polygon", "coordinates": [ [ [ -87.708848788357813, 42.026402874177805, 0.0 ], [ -87.709070606236835, 42.011868747571782, 0.0 ], [ -87.723736791252207, 42.011765871167917, 0.0 ], [ -87.723643790747232, 42.015416871960682, 0.0 ], [ -87.730906793321864, 42.015375871238838, 0.0 ], [ -87.730754795248046, 42.02239087192909, 0.0 ], [ -87.723446792385275, 42.022420873065897, 0.0 ], [ -87.723362792619255, 42.02629487345245, 0.0 ], [ -87.708848788357813, 42.026402874177805, 0.0 ] ] ] } },
{ "type": "Feature", "properties": { "precinct_id": "COOK:7508001", "name": "COOK:Evanston Ward 8 Precinct 1" }, "geometry": { "type": "MultiPolygon", "coordinates": [ [ [ [ -87.70863673970635, 42.01915249280853, 0.0 ], [ -87.708649667177141, 42.01915223454732, 0.0 ], [ -87.708636725624203, 42.019152698004966, 0.0 ], [ -87.70863673970635, 42.01915249280853, 0.0 ] ] ], [ [ [ -87.708500234129232, 42.019156791603983, 0.0 ], [ -87.709032787535719, 42.019141872928891, 0.0 ], [ -87.708848788357813, 42.026402874177805, 0.0 ], [ -87.699463200156089, 42.026607795808957, 0.0 ], [ -87.699480784722027, 42.026063875038666, 0.0 ], [ -87.696347904164298, 42.026109776265919, 0.0 ], [ -87.696368045064602, 42.024855517301418, 0.0 ], [ -87.694806783943818, 42.024887874662738, 0.0 ], [ -87.694894783037824, 42.022352874371194, 0.0 ], [ -87.696421784049136, 42.022316874691157, 0.0 ], [ -87.696454783365397, 42.019402873209494, 0.0 ], [ -87.70414878600269, 42.019234873060697, 0.0 ], [ -87.704509786212114, 42.0192428735607, 0.0 ], [ -87.708132441687468, 42.019164886897698, 0.0 ], [ -87.708500234129232, 42.019156791603983, 0.0 ] ] ] ] } },
{ "type": "Feature", "properties": { "precinct_id": "COOK:7509002", "name": "COOK:Evanston Ward 9 Precinct 2" }, "geometry": { "type": "Polygon", "coordinates": [ [ [ -87.699379122159826, 42.029834376037812, 0.0 ], [ -87.694729784053948, 42.029897875211091, 0.0 ], [ -87.694750784319098, 42.028970875430346, 0.0 ], [ -87.69004678269792, 42.02904687603808, 0.0 ], [ -87.690032783021408, 42.029942875613393, 0.0 ], [ -87.685858781940311, 42.029920875880421, 0.0 ], [ -87.685342780856089, 42.025620875019847, 0.0 ], [ -87.690102782554078, 42.025653875441684, 0.0 ], [ -87.690111782980424, 42.024964874690134, 0.0 ], [ -87.696368045064602, 42.024855517301418, 0.0 ], [ -87.696347904164298, 42.026109776265919, 0.0 ], [ -87.699480784722027, 42.026063875038666, 0.0 ], [ -87.699463200156089, 42.026607795808957, 0.0 ], [ -87.708848788357813, 42.026402874177805, 0.0 ], [ -87.708751563206519, 42.03014428910474, 0.0 ], [ -87.699371398811962, 42.030249239816342, 0.0 ], [ -87.699379122159826, 42.029834376037812, 0.0 ] ] ] } },
{ "type": "Feature", "properties": { "precinct_id": "COOK:8200012", "name": "COOK:Niles Precinct 12" }, "geometry": { "type": "Polygon", "coordinates": [ [ [ -87.708666788801793, 42.033683875620703, 0.0 ], [ -87.708848788357813, 42.026402874177805, 0.0 ], [ -87.723362792619255, 42.02629487345245, 0.0 ], [ -87.723159792624941, 42.033567874705078, 0.0 ], [ -87.708666788801793, 42.033683875620703, 0.0 ] ] ] } },
{ "type": "Feature", "properties": { "precinct_id": "COOK:7502005", "name": "COOK:Evanston Ward 2 Precinct 5" }, "geometry": { "type": "Polygon", "coordinates": [ [ [ -87.699371398811962, 42.030249239816342, 0.0 ], [ -87.708751563206519, 42.03014428910474, 0.0 ], [ -87.708666788801793, 42.033683875620703, 0.0 ], [ -87.699303768333493, 42.033881260794111, 0.0 ], [ -87.699371398811962, 42.030249239816342, 0.0 ] ] ] } },
{ "type": "Feature", "properties": { "precinct_id": "COOK:8200033", "name": "COOK:Niles Precinct 33" }, "geometry": { "type": "Polygon", "coordinates": [ [ [ -87.709878789601831, 42.035339875243579, 0.0 ], [ -87.709909788765003, 42.033692875607031, 0.0 ], [ -87.727990793981121, 42.033519874048054, 0.0 ], [ -87.727890794924562, 42.037149874802466, 0.0 ], [ -87.715813791346946, 42.037252875502979, 0.0 ], [ -87.715860790938095, 42.03544587603831, 0.0 ], [ -87.710883788727628, 42.035504876139584, 0.0 ], [ -87.709878789601831, 42.035339875243579, 0.0 ] ] ] } },
{ "type": "Feature", "properties": { "precinct_id": "COOK:7502004", "name": "COOK:Evanston Ward 2 Precinct 4" }, "geometry": { "type": "Polygon", "coordinates": [ [ [ -87.694586784527687, 42.038746876476054, 0.0 ], [ -87.692984784377515, 42.038772876749128, 0.0 ], [ -87.69306042080099, 42.033991796971307, 0.0 ], [ -87.709909788765003, 42.033692875607031, 0.0 ], [ -87.70978679025086, 42.039037876102014, 0.0 ], [ -87.694580785357886, 42.039397876813965, 0.0 ], [ -87.694586784527687, 42.038746876476054, 0.0 ] ] ] } },
{ "type": "Feature", "properties": { "precinct_id": "COOK:8200040", "name": "COOK:Niles Precinct 40" }, "geometry": { "type": "Polygon", "coordinates": [ [ [ -87.728191794411671, 42.026255873265313, 0.0 ], [ -87.736646796558318, 42.026250872416604, 0.0 ], [ -87.736440797640341, 42.033517874771441, 0.0 ], [ -87.727990793981121, 42.033519874048054, 0.0 ], [ -87.728191794411671, 42.026255873265313, 0.0 ] ] ] } },
{ "type": "Feature", "properties": { "precinct_id": "COOK:8200017", "name": "COOK:Niles Precinct 17" }, "geometry": { "type": "Polygon", "coordinates": [ [ [ -87.736440797640341, 42.033517874771441, 0.0 ], [ -87.736646796558318, 42.026250872416604, 0.0 ], [ -87.74267679815091, 42.026259872514125, 0.0 ], [ -87.74252779889764, 42.031703873718811, 0.0 ], [ -87.747347800617774, 42.031703873460167, 0.0 ], [ -87.747300799847537, 42.03352387338451, 0.0 ], [ -87.740059797576322, 42.03351987317825, 0.0 ], [ -87.740071798614068, 42.033073873139813, 0.0 ], [ -87.738867797755319, 42.033074873182002, 0.0 ], [ -87.738855797273487, 42.033518873479089, 0.0 ], [ -87.736440797640341, 42.033517874771441, 0.0 ] ] ] } },
{ "type": "Feature", "properties": { "precinct_id": "COOK:8200016", "name": "COOK:Niles Precinct 16" }, "geometry": { "type": "Polygon", "coordinates": [ [ [ -87.752724802775461, 42.04081387402983, 0.0 ], [ -87.750611801256426, 42.033545872627158, 0.0 ], [ -87.747300799847537, 42.03352387338451, 0.0 ], [ -87.747431799336766, 42.02940287342475, 0.0 ], [ -87.751556801815354, 42.02941387203866, 0.0 ], [ -87.753537802006463, 42.029599871488863, 0.0 ], [ -87.754612801318871, 42.02786587162835, 0.0 ], [ -87.756039802945594, 42.031090872326921, 0.0 ], [ -87.75717080359658, 42.03243487277949, 0.0 ], [ -87.756865803736019, 42.040855874101013, 0.0 ], [ -87.752724802775461, 42.04081387402983, 0.0 ] ] ] } },
{ "type": "Feature", "properties": { "precinct_id": "COOK:8200045", "name": "COOK:Niles Precinct 45" }, "geometry": { "type": "Polygon", "coordinates": [ [ [ -87.727890794924562, 42.037149874802466, 0.0 ], [ -87.727990793981121, 42.033519874048054, 0.0 ], [ -87.738855797273487, 42.033518873479089, 0.0 ], [ -87.738867797755319, 42.033074873182002, 0.0 ], [ -87.740071798614068, 42.033073873139813, 0.0 ], [ -87.740059797576322, 42.03351987317825, 0.0 ], [ -87.747300799847537, 42.03352387338451, 0.0 ], [ -87.747247801053788, 42.035323873918514, 0.0 ], [ -87.74248979869607, 42.035317873986941, 0.0 ], [ -87.742266799169656, 42.040760874896321, 0.0 ], [ -87.732617797104055, 42.040769875857528, 0.0 ], [ -87.732715796138734, 42.037144875437257, 0.0 ], [ -87.727890794924562, 42.037149874802466, 0.0 ] ] ] } },
{ "type": "Feature", "properties": { "precinct_id": "COOK:8200027", "name": "COOK:Niles Precinct 27" }, "geometry": { "type": "Polygon", "coordinates": [ [ [ -87.752724802775461, 42.04081387402983, 0.0 ], [ -87.746508800969764, 42.040755874541802, 0.0 ], [ -87.746516800212987, 42.038017874632168, 0.0 ], [ -87.746085799323311, 42.035321873418489, 0.0 ], [ -87.747247801053788, 42.035323873918514, 0.0 ], [ -87.747300799847537, 42.03352387338451, 0.0 ], [ -87.750611801256426, 42.033545872627158, 0.0 ], [ -87.752724802775461, 42.04081387402983, 0.0 ] ] ] } },
{ "type": "Feature", "properties": { "precinct_id": "COOK:8200014", "name": "COOK:Niles Precinct 14" }, "geometry": { "type": "Polygon", "coordinates": [ [ [ -87.715813791346946, 42.037252875502979, 0.0 ], [ -87.732715796138734, 42.037144875437257, 0.0 ], [ -87.732617797104055, 42.040769875857528, 0.0 ], [ -87.715723790873071, 42.040869876939901, 0.0 ], [ -87.715813791346946, 42.037252875502979, 0.0 ] ] ] } },
{ "type": "Feature", "properties": { "precinct_id": "COOK:8200048", "name": "COOK:Niles Precinct 48" }, "geometry": { "type": "Polygon", "coordinates": [ [ [ -87.749346801634104, 42.046210875926242, 0.0 ], [ -87.74335880038501, 42.046192875868542, 0.0 ], [ -87.74347279910414, 42.040759874855411, 0.0 ], [ -87.742266799169656, 42.040760874896321, 0.0 ], [ -87.74248979869607, 42.035317873986941, 0.0 ], [ -87.746085799323311, 42.035321873418489, 0.0 ], [ -87.746516800212987, 42.038017874632168, 0.0 ], [ -87.746508800969764, 42.040755874541802, 0.0 ], [ -87.750648801793361, 42.040792873770528, 0.0 ], [ -87.750625802989418, 42.041695874780132, 0.0 ], [ -87.74944380190307, 42.041683874300254, 0.0 ], [ -87.749346801634104, 42.046210875926242, 0.0 ] ] ] } },
{ "type": "Feature", "properties": { "precinct_id": "COOK:8200047", "name": "COOK:Niles Precinct 47" }, "geometry": { "type": "Polygon", "coordinates": [ [ [ -87.737144798213222, 42.04076587561746, 0.0 ], [ -87.74347279910414, 42.040759874855411, 0.0 ], [ -87.74335880038501, 42.046192875868542, 0.0 ], [ -87.738872798788407, 42.046197876009103, 0.0 ], [ -87.738653798579023, 42.04604187530127, 0.0 ], [ -87.73733179776579, 42.046043876141979, 0.0 ], [ -87.737429797726719, 42.042585875458315, 0.0 ], [ -87.737096797602916, 42.042586874912871, 0.0 ], [ -87.737144798213222, 42.04076587561746, 0.0 ] ] ] } },
{ "type": "Feature", "properties": { "precinct_id": "COOK:8200023", "name": "COOK:Niles Precinct 23" }, "geometry": { "type": "Polygon", "coordinates": [ [ [ -87.732617797104055, 42.040769875857528, 0.0 ], [ -87.737090798186117, 42.040765875105102, 0.0 ], [ -87.737096797602916, 42.042586874912871, 0.0 ], [ -87.737429797726719, 42.042585875458315, 0.0 ], [ -87.73733179776579, 42.046043876141979, 0.0 ], [ -87.738653798579023, 42.04604187530127, 0.0 ], [ -87.738872798788407, 42.046197876009103, 0.0 ], [ -87.746977801458101, 42.046191875916541, 0.0 ], [ -87.746941802459403, 42.048002876428541, 0.0 ], [ -87.732456797276569, 42.048012876401231, 0.0 ], [ -87.732617797104055, 42.040769875857528, 0.0 ] ] ] } },
{ "type": "Feature", "properties": { "precinct_id": "COOK:8200019", "name": "COOK:Niles Precinct 19" }, "geometry": { "type": "Polygon", "coordinates": [ [ [ -87.725377794576886, 42.040788875885177, 0.0 ], [ -87.732617797104055, 42.040769875857528, 0.0 ], [ -87.732456797276569, 42.048012876401231, 0.0 ], [ -87.723358794823938, 42.048064877777733, 0.0 ], [ -87.723384794554605, 42.046254876726373, 0.0 ], [ -87.724288794403904, 42.046121876740493, 0.0 ], [ -87.724501794086706, 42.045774876910272, 0.0 ], [ -87.7245667945148, 42.043111876519568, 0.0 ], [ -87.723995793994106, 42.043114875905182, 0.0 ], [ -87.723990794073359, 42.042613876027886, 0.0 ], [ -87.725336794513382, 42.042602876346749, 0.0 ], [ -87.725377794576886, 42.040788875885177, 0.0 ] ] ] } },
{ "type": "Feature", "properties": { "precinct_id": "COOK:7509001", "name": "COOK:Evanston Ward 9 Precinct 1" }, "geometry": { "type": "Polygon", "coordinates": [ [ [ -87.679316058154143, 42.029406182333794, 0.0 ], [ -87.680348779904008, 42.029427876303394, 0.0 ], [ -87.680358780471423, 42.02878487626559, 0.0 ], [ -87.684151780486815, 42.028812875965272, 0.0 ], [ -87.684096781813849, 42.031734876563867, 0.0 ], [ -87.680305779736869, 42.031697876713729, 0.0 ], [ -87.680291065953128, 42.032768727479258, 0.0 ], [ -87.679983398221012, 42.032770681354734, 0.0 ], [ -87.679316058154143, 42.029406182333794, 0.0 ] ] ] } },
{ "type": "Feature", "properties": { "precinct_id": "COOK:7509003", "name": "COOK:Evanston Ward 9 Precinct 3" }, "geometry": { "type": "Polygon", "coordinates": [ [ [ -87.684056782157143, 42.034001876758907, 0.0 ], [ -87.68406778163866, 42.033400876931879, 0.0 ], [ -87.680339268906778, 42.033370854273542, 0.0 ], [ -87.680289780735222, 42.032554876667817, 0.0 ], [ -87.680305779736869, 42.031697876713729, 0.0 ], [ -87.684096781813849, 42.031734876563867, 0.0 ], [ -87.684151780486815, 42.028812875965272, 0.0 ], [ -87.685710781919099, 42.028822875896495, 0.0 ], [ -87.685858781940311, 42.029920875880421, 0.0 ], [ -87.690032783021408, 42.029942875613393, 0.0 ], [ -87.689960782488427, 42.03403587655405, 0.0 ], [ -87.684056782157143, 42.034001876758907, 0.0 ] ] ] } },
{ "type": "Feature", "properties": { "precinct_id": "COOK:7509004", "name": "COOK:Evanston Ward 9 Precinct 4" }, "geometry": { "type": "Polygon", "coordinates": [ [ [ -87.689960782488427, 42.03403587655405, 0.0 ], [ -87.69004678269792, 42.02904687603808, 0.0 ], [ -87.694750784319098, 42.028970875430346, 0.0 ], [ -87.694729784053948, 42.029897875211091, 0.0 ], [ -87.699379122159826, 42.029834376037812, 0.0 ], [ -87.699303768333493, 42.033881260794111, 0.0 ], [ -87.689960782488427, 42.03403587655405, 0.0 ] ] ] } },
{ "type": "Feature", "properties": { "precinct_id": "COOK:7503005", "name": "COOK:Evanston Ward 3 Precinct 5" }, "geometry": { "type": "Polygon", "coordinates": [ [ [ -87.676106779543062, 42.033872877335469, 0.0 ], [ -87.675753778977366, 42.032110877461584, 0.0 ], [ -87.677397779744609, 42.032123876708809, 0.0 ], [ -87.676860778638513, 42.02940087718919, 0.0 ], [ -87.679208207169751, 42.02940695693156, 0.0 ], [ -87.680255168631334, 42.033956064856547, 0.0 ], [ -87.676106779543062, 42.033872877335469, 0.0 ] ] ] } },
{ "type": "Feature", "properties": { "precinct_id": "COOK:7504005", "name": "COOK:Evanston Ward 4 Precinct 5" }, "geometry": { "type": "Polygon", "coordinates": [ [ [ -87.693031974185047, 42.035837906389709, 0.0 ], [ -87.683694781629455, 42.035812877139641, 0.0 ], [ -87.683721780956631, 42.033999876779106, 0.0 ], [ -87.69306042080099, 42.033991796971307, 0.0 ], [ -87.693031974185047, 42.035837906389709, 0.0 ] ] ] } },
{ "type": "Feature", "properties": { "precinct_id": "COOK:7503002", "name": "COOK:Evanston Ward 3 Precinct 2" }, "geometry": { "type": "Polygon", "coordinates": [ [ [ -87.669706000964652, 42.033824079467244, 0.0 ], [ -87.680255168631334, 42.033956064856547, 0.0 ], [ -87.680673617121116, 42.035774263969884, 0.0 ], [ -87.675009779136772, 42.035647877585127, 0.0 ], [ -87.675015779470726, 42.03751387872601, 0.0 ], [ -87.670267027056909, 42.037452208261527, 0.0 ], [ -87.669706000964652, 42.033824079467244, 0.0 ] ] ] } },
{ "type": "Feature", "properties": { "precinct_id": "COOK:7504002", "name": "COOK:Evanston Ward 4 Precinct 2" }, "geometry": { "type": "Polygon", "coordinates": [ [ [ -87.688357783971568, 42.041280877234108, 0.0 ], [ -87.68511578271702, 42.041240878392436, 0.0 ], [ -87.685164782520729, 42.037615876954852, 0.0 ], [ -87.681090521240876, 42.037581119951007, 0.0 ], [ -87.679983398221012, 42.032770681354734, 0.0 ], [ -87.680291065953128, 42.032768727479258, 0.0 ], [ -87.680339268906778, 42.033370854273542, 0.0 ], [ -87.68406778163866, 42.033400876931879, 0.0 ], [ -87.684056782157143, 42.034001876758907, 0.0 ], [ -87.683721780956631, 42.033999876779106, 0.0 ], [ -87.683694781629455, 42.035812877139641, 0.0 ], [ -87.687184782713871, 42.03585587696427, 0.0 ], [ -87.688357783971568, 42.041280877234108, 0.0 ] ] ] } },
{ "type": "Feature", "properties": { "precinct_id": "COOK:7503001", "name": "COOK:Evanston Ward 3 Precinct 1" }, "geometry": { "type": "Polygon", "coordinates": [ [ [ -87.68192778093092, 42.041205877841868, 0.0 ], [ -87.670828331296789, 42.041082135823196, 0.0 ], [ -87.670267023994299, 42.037452188455909, 0.0 ], [ -87.675015779470726, 42.03751387872601, 0.0 ], [ -87.675009779136772, 42.035647877585127, 0.0 ], [ -87.680673617121116, 42.035774263969884, 0.0 ], [ -87.68192778093092, 42.041205877841868, 0.0 ] ] ] } },
{ "type": "Feature", "properties": { "precinct_id": "COOK:7504001", "name": "COOK:Evanston Ward 4 Precinct 1" }, "geometry": { "type": "Polygon", "coordinates": [ [ [ -87.68511578271702, 42.041240878392436, 0.0 ], [ -87.68192778093092, 42.041205877841868, 0.0 ], [ -87.681090521240876, 42.037581119951007, 0.0 ], [ -87.685164782520729, 42.037615876954852, 0.0 ], [ -87.68511578271702, 42.041240878392436, 0.0 ] ] ] } },
{ "type": "Feature", "properties": { "precinct_id": "COOK:7504004", "name": "COOK:Evanston Ward 4 Precinct 4" }, "geometry": { "type": "Polygon", "coordinates": [ [ [ -87.688792784488157, 42.048530879175757, 0.0 ], [ -87.688623784030753, 42.045640878755243, 0.0 ], [ -87.686876784677466, 42.045619879130328, 0.0 ], [ -87.686956782321872, 42.041261877708799, 0.0 ], [ -87.688357783971568, 42.041280877234108, 0.0 ], [ -87.687184782713871, 42.03585587696427, 0.0 ], [ -87.693035784739209, 42.035837877229746, 0.0 ], [ -87.692984784377515, 42.038772876749128, 0.0 ], [ -87.69366878499828, 42.038762877292413, 0.0 ], [ -87.693641786312853, 42.047146879332011, 0.0 ], [ -87.6919957854995, 42.047136878597051, 0.0 ], [ -87.691974785715388, 42.048569879312325, 0.0 ], [ -87.688792784488157, 42.048530879175757, 0.0 ] ] ] } },
{ "type": "Feature", "properties": { "precinct_id": "COOK:7504007", "name": "COOK:Evanston Ward 4 Precinct 7" }, "geometry": { "type": "Polygon", "coordinates": [ [ [ -87.682857782926604, 42.044121878732824, 0.0 ], [ -87.676841780681613, 42.044042879618601, 0.0 ], [ -87.676934779777383, 42.041151878411632, 0.0 ], [ -87.682164782179328, 42.041205877636955, 0.0 ], [ -87.682857782926604, 42.044121878732824, 0.0 ] ] ] } },
{ "type": "Feature", "properties": { "precinct_id": "COOK:7504003", "name": "COOK:Evanston Ward 4 Precinct 3" }, "geometry": { "type": "Polygon", "coordinates": [ [ [ -87.679660782414629, 42.04622287877249, 0.0 ], [ -87.680501781527866, 42.044090878210881, 0.0 ], [ -87.682857782926604, 42.044121878732824, 0.0 ], [ -87.682164782179328, 42.041205877636955, 0.0 ], [ -87.683606781604951, 42.041220878643138, 0.0 ], [ -87.683547781910548, 42.044126879315165, 0.0 ], [ -87.685051783435355, 42.044144879089046, 0.0 ], [ -87.684996783150922, 42.047064879114686, 0.0 ], [ -87.682478782900773, 42.046973879185778, 0.0 ], [ -87.679660782414629, 42.04622287877249, 0.0 ] ] ] } },
{ "type": "Feature", "properties": { "precinct_id": "COOK:7504006", "name": "COOK:Evanston Ward 4 Precinct 6" }, "geometry": { "type": "Polygon", "coordinates": [ [ [ -87.683399783411872, 42.048476878665355, 0.0 ], [ -87.683439783432149, 42.047026879541093, 0.0 ], [ -87.684996783150922, 42.047064879114686, 0.0 ], [ -87.685051783435355, 42.044144879089046, 0.0 ], [ -87.683547781910548, 42.044126879315165, 0.0 ], [ -87.683606781604951, 42.041220878643138, 0.0 ], [ -87.686956782321872, 42.041261877708799, 0.0 ], [ -87.686876784677466, 42.045619879130328, 0.0 ], [ -87.688623784030753, 42.045640878755243, 0.0 ], [ -87.688792784488157, 42.048530879175757, 0.0 ], [ -87.683399783411872, 42.048476878665355, 0.0 ] ] ] } },
{ "type": "Feature", "properties": { "precinct_id": "COOK:7501004", "name": "COOK:Evanston Ward 1 Precinct 4" }, "geometry": { "type": "Polygon", "coordinates": [ [ [ -87.673142101392628, 42.047942336435646, 0.0 ], [ -87.672126963831985, 42.045376076521329, 0.0 ], [ -87.671798948292178, 42.043921871396769, 0.0 ], [ -87.671085, 42.042742, 0.0 ], [ -87.670828448080542, 42.041082891058061, 0.0 ], [ -87.676934779777383, 42.041151878411632, 0.0 ], [ -87.676841780681613, 42.044042879618601, 0.0 ], [ -87.680501781527866, 42.044090878210881, 0.0 ], [ -87.68029178128802, 42.044889879012189, 0.0 ], [ -87.678091780977113, 42.049457879306438, 0.0 ], [ -87.674478779725845, 42.048488879771192, 0.0 ], [ -87.673142101392628, 42.047942336435646, 0.0 ] ] ] } },
{ "type": "Feature", "properties": { "precinct_id": "COOK:7502001", "name": "COOK:Evanston Ward 2 Precinct 1" }, "geometry": { "type": "Polygon", "coordinates": [ [ [ -87.683732812726319, 42.053102633042698, 0.0 ], [ -87.683630072788631, 42.052110110715169, 0.0 ], [ -87.683287573353198, 42.052104724031601, 0.0 ], [ -87.683399783411872, 42.048476878665355, 0.0 ], [ -87.691974785715388, 42.048569879312325, 0.0 ], [ -87.6919957854995, 42.047136878597051, 0.0 ], [ -87.693641786312853, 42.047146879332011, 0.0 ], [ -87.693585291051861, 42.04426366230242, 0.0 ], [ -87.697761786027385, 42.044239877816111, 0.0 ], [ -87.697699787654443, 42.045571877431371, 0.0 ], [ -87.699054787253885, 42.045613877417836, 0.0 ], [ -87.698998787999983, 42.048373879114351, 0.0 ], [ -87.697449786867224, 42.048415879057188, 0.0 ], [ -87.697412786598832, 42.050232878246689, 0.0 ], [ -87.691148627493391, 42.050332777854841, 0.0 ], [ -87.691119785463812, 42.052227879841524, 0.0 ], [ -87.684736783310356, 42.052119879821767, 0.0 ], [ -87.684720783902776, 42.05310587994623, 0.0 ], [ -87.683732812726319, 42.053102633042698, 0.0 ] ] ] } },
{ "type": "Feature", "properties": { "precinct_id": "COOK:7501002", "name": "COOK:Evanston Ward 1 Precinct 2" }, "geometry": { "type": "Polygon", "coordinates": [ [ [ -87.681716782661724, 42.053897880113858, 0.0 ], [ -87.679723781999087, 42.053876880586984, 0.0 ], [ -87.679758782845809, 42.052068879769877, 0.0 ], [ -87.681746408606713, 42.052083810593921, 0.0 ], [ -87.681844783038358, 42.048460879650442, 0.0 ], [ -87.680770782836447, 42.048254879313646, 0.0 ], [ -87.681523782136281, 42.046711879465768, 0.0 ], [ -87.682714782076943, 42.047014878869263, 0.0 ], [ -87.683439783432149, 42.047026879541093, 0.0 ], [ -87.683287573353198, 42.052104724031601, 0.0 ], [ -87.681760367463994, 42.052080693724562, 0.0 ], [ -87.681716782661724, 42.053897880113858, 0.0 ] ] ] } },
{ "type": "Feature", "properties": { "precinct_id": "COOK:7501001", "name": "COOK:Evanston Ward 1 Precinct 1" }, "geometry": { "type": "Polygon", "coordinates": [ [ [ -87.677190781493309, 42.055022881145071, 0.0 ], [ -87.673708940022536, 42.054995217387834, 0.0 ], [ -87.673911279504708, 42.054506344466439, 0.0 ], [ -87.673388403306276, 42.054053730104904, 0.0 ], [ -87.671585246666538, 42.05388381168563, 0.0 ], [ -87.671517376821427, 42.052895246866562, 0.0 ], [ -87.670887041630181, 42.052271036615934, 0.0 ], [ -87.673142101392628, 42.047942336435646, 0.0 ], [ -87.674433985264301, 42.048474700139451, 0.0 ], [ -87.678091780977113, 42.049457879306438, 0.0 ], [ -87.679660782414629, 42.04622287877249, 0.0 ], [ -87.681530663438906, 42.046713777697676, 0.0 ], [ -87.68077413779271, 42.048255887835801, 0.0 ], [ -87.681844783038358, 42.048460879650442, 0.0 ], [ -87.681754782945163, 42.052083879745211, 0.0 ], [ -87.679758782845809, 42.052068879769877, 0.0 ], [ -87.679723781999087, 42.053876880586984, 0.0 ], [ -87.67721278175523, 42.053847880523648, 0.0 ], [ -87.677190781493309, 42.055022881145071, 0.0 ] ] ] } },
{ "type": "Feature", "properties": { "precinct_id": "COOK:7505003", "name": "COOK:Evanston Ward 5 Precinct 3" }, "geometry": { "type": "Polygon", "coordinates": [ [ [ -87.693410786247455, 42.058344879811699, 0.0 ], [ -87.688152784534125, 42.052148879706451, 0.0 ], [ -87.691119785463812, 42.052227879841524, 0.0 ], [ -87.691148627493391, 42.050332777854841, 0.0 ], [ -87.697412786598832, 42.050232878246689, 0.0 ], [ -87.697449786867224, 42.048415879057188, 0.0 ], [ -87.70132878798556, 42.048345877804223, 0.0 ], [ -87.701319787895713, 42.048800878449505, 0.0 ], [ -87.700738787899596, 42.04880987774996, 0.0 ], [ -87.700687788450693, 42.051600879042368, 0.0 ], [ -87.697383788200568, 42.051559878723886, 0.0 ], [ -87.697373787012452, 42.05211487933127, 0.0 ], [ -87.698922788611185, 42.052085878410232, 0.0 ], [ -87.69885178824984, 42.055640879927815, 0.0 ], [ -87.699192788625126, 42.056874880163384, 0.0 ], [ -87.694407583751612, 42.059100021447904, 0.0 ], [ -87.693737945399121, 42.058303338998215, 0.0 ], [ -87.693410786247455, 42.058344879811699, 0.0 ] ] ] } },
{ "type": "Feature", "properties": { "precinct_id": "COOK:7505002", "name": "COOK:Evanston Ward 5 Precinct 2" }, "geometry": { "type": "Polygon", "coordinates": [ [ [ -87.681760367463994, 42.052080693724562, 0.0 ], [ -87.683630072788631, 42.052110110715169, 0.0 ], [ -87.683732812726319, 42.053102633042698, 0.0 ], [ -87.684720783902776, 42.05310587994623, 0.0 ], [ -87.684736783310356, 42.052119879821767, 0.0 ], [ -87.688152784534125, 42.052148879706451, 0.0 ], [ -87.693410786247455, 42.058344879811699, 0.0 ], [ -87.681649784008187, 42.058431881037755, 0.0 ], [ -87.681760367463994, 42.052080693724562, 0.0 ] ] ] } },
{ "type": "Feature", "properties": { "precinct_id": "COOK:7507003", "name": "COOK:Evanston Ward 7 Precinct 3" }, "geometry": { "type": "Polygon", "coordinates": [ [ [ -87.670933768008567, 42.05233487157394, 0.0 ], [ -87.670981207134119, 42.052591968208155, 0.0 ], [ -87.671276818541543, 42.052598472526327, 0.0 ], [ -87.671517376821427, 42.052895246866562, 0.0 ], [ -87.671585246666538, 42.05388381168563, 0.0 ], [ -87.673388403306276, 42.054053730104904, 0.0 ], [ -87.673911279504708, 42.054506344466439, 0.0 ], [ -87.673708940022536, 42.054995217387834, 0.0 ], [ -87.677190781493309, 42.055022881145071, 0.0 ], [ -87.677092782048447, 42.061638882812609, 0.0 ], [ -87.673478380948552, 42.061552770909458, 0.0 ], [ -87.671462, 42.058334, 0.0 ], [ -87.670512, 42.05298, 0.0 ], [ -87.670933768008567, 42.05233487157394, 0.0 ] ] ] } },
{ "type": "Feature", "properties": { "precinct_id": "CITY OF CHICAGO:WARD 41 PRECINCT 28", "name": "CITY OF CHICAGO:Ward 41 Precinct 28" }, "geometry": { "type": "MultiPolygon", "coordinates": [ [ [ [ -87.821115999603649, 42.007225000233632, 0.0 ], [ -87.821252999626196, 42.011357000125493, 0.0 ], [ -87.816415999598689, 42.011456000194308, 0.0 ], [ -87.81645100031335, 42.005993000076955, 0.0 ], [ -87.814372999814069, 42.006065999846044, 0.0 ], [ -87.814389015894193, 42.004220229000381, 0.0 ], [ -87.816482, 42.00415, 0.0 ], [ -87.81725, 42.003473, 0.0 ], [ -87.821321, 42.006049, 0.0 ], [ -87.821115999603649, 42.007225000233632, 0.0 ] ] ], [ [ [ -87.814195493054441, 42.004226777098296, 0.0 ], [ -87.813364000048523, 42.004256000014436, 0.0 ], [ -87.812810912621501, 42.004273626184727, 0.0 ], [ -87.814195493054441, 42.004226777098296, 0.0 ] ] ], [ [ [ -87.812232000006745, 42.004292999922086, 0.0 ], [ -87.812185819649571, 42.004293982520458, 0.0 ], [ -87.812326934839703, 42.004290001838086, 0.0 ], [ -87.812232000006745, 42.004292999922086, 0.0 ] ] ], [ [ [ -87.812184577374694, 42.004294017563474, 0.0 ], [ -87.811877999869751, 42.004303000383231, 0.0 ], [ -87.811766637190075, 42.004305807131445, 0.0 ], [ -87.812184577374694, 42.004294017563474, 0.0 ] ] ] ] } },
{ "type": "Feature", "properties": { "precinct_id": "COOK:8200006", "name": "COOK:Niles Precinct 6" }, "geometry": { "type": "Polygon", "coordinates": [ [ [ -87.749971087852259, 41.997342882730756, 0.0 ], [ -87.753068253641558, 41.997395267684183, 0.0 ], [ -87.762268327127202, 42.001691790895137, 0.0 ], [ -87.761952999831067, 42.002657000020569, 0.0 ], [ -87.761814633111285, 42.004660866952015, 0.0 ], [ -87.757866799668122, 42.004618867562947, 0.0 ], [ -87.757767800878483, 42.008246867794085, 0.0 ], [ -87.750462799140308, 42.008183868833818, 0.0 ], [ -87.750291799466481, 42.011473869738921, 0.0 ], [ -87.749121798828853, 42.009354869302328, 0.0 ], [ -87.748583797304519, 42.007278869065182, 0.0 ], [ -87.748619797723833, 42.004547867843733, 0.0 ], [ -87.74814879750808, 42.004545868351116, 0.0 ], [ -87.748273796676543, 42.000081867276208, 0.0 ], [ -87.749250797400151, 41.999107866935098, 0.0 ], [ -87.749971087852259, 41.997342882730756, 0.0 ] ] ] } },
{ "type": "Feature", "properties": { "precinct_id": "COOK:8000020", "name": "COOK:Maine Precinct 20" }, "geometry": { "type": "Polygon", "coordinates": [ [ [ -87.843115827312502, 42.016570865629248, 0.0 ], [ -87.835710824363431, 42.012405864650255, 0.0 ], [ -87.835863824051316, 42.012275864758237, 0.0 ], [ -87.835864824486308, 42.011015864227588, 0.0 ], [ -87.841935562536491, 42.010874944290912, 0.0 ], [ -87.843131, 42.014581, 0.0 ], [ -87.843115827312502, 42.016570865629248, 0.0 ] ] ] } },
{ "type": "Feature", "properties": { "precinct_id": "COOK:8200001", "name": "COOK:Niles Precinct 1" }, "geometry": { "type": "Polygon", "coordinates": [ [ [ -87.789509810489022, 42.012914867003261, 0.0 ], [ -87.782451000072754, 42.004814999838146, 0.0 ], [ -87.782705053336301, 42.004249900373637, 0.0 ], [ -87.786914808417023, 42.002495865781412, 0.0 ], [ -87.790771658101164, 42.000538925208474, 0.0 ], [ -87.791172096424532, 42.000988007578357, 0.0 ], [ -87.795552878170369, 42.000957901521858, 0.0 ], [ -87.795546, 42.001404, 0.0 ], [ -87.797121, 42.001392, 0.0 ], [ -87.797147779145902, 42.000012963781998, 0.0 ], [ -87.799482776182757, 41.999993235514061, 0.0 ], [ -87.800926813075009, 42.006808865773976, 0.0 ], [ -87.801293813754853, 42.011066866284281, 0.0 ], [ -87.801648814443084, 42.011881866780833, 0.0 ], [ -87.798212813128572, 42.012566867369102, 0.0 ], [ -87.791499810865176, 42.011943867467714, 0.0 ], [ -87.789509810489022, 42.012914867003261, 0.0 ] ] ] } },
{ "type": "Feature", "properties": { "precinct_id": "CITY OF CHICAGO:WARD 41 PRECINCT 29", "name": "CITY OF CHICAGO:Ward 41 Precinct 29" }, "geometry": { "type": "Polygon", "coordinates": [ [ [ -87.814372999814069, 42.006065999846044, 0.0 ], [ -87.81645100031335, 42.005993000076955, 0.0 ], [ -87.816415999598689, 42.011456000194308, 0.0 ], [ -87.80663800014355, 42.011713000354739, 0.0 ], [ -87.806718000235477, 42.004474000175044, 0.0 ], [ -87.814400000159807, 42.004220000152941, 0.0 ], [ -87.814372999814069, 42.006065999846044, 0.0 ] ] ] } },
{ "type": "Feature", "properties": { "precinct_id": "COOK:8200009", "name": "COOK:Niles Precinct 9" }, "geometry": { "type": "Polygon", "coordinates": [ [ [ -87.801648814443084, 42.011881866780833, 0.0 ], [ -87.801293813754853, 42.011066866284281, 0.0 ], [ -87.800926813075009, 42.006808865773976, 0.0 ], [ -87.799819812955505, 42.001536864556833, 0.0 ], [ -87.806749911935242, 42.001512781475839, 0.0 ], [ -87.806563974576079, 42.017823467497735, 0.0 ], [ -87.801373814272537, 42.011956866256106, 0.0 ], [ -87.801648814443084, 42.011881866780833, 0.0 ] ] ] } },
{ "type": "Feature", "properties": { "precinct_id": "CITY OF CHICAGO:WARD 41 PRECINCT 31", "name": "CITY OF CHICAGO:Ward 41 Precinct 31" }, "geometry": { "type": "Polygon", "coordinates": [ [ [ -87.819987999746317, 42.01138000028687, 0.0 ], [ -87.820065999746078, 42.015545999948017, 0.0 ], [ -87.821224000087497, 42.015520999694445, 0.0 ], [ -87.821212999580197, 42.018639999636321, 0.0 ], [ -87.813880999608386, 42.018801999912405, 0.0 ], [ -87.813940999677357, 42.011520999594488, 0.0 ], [ -87.819987999746317, 42.01138000028687, 0.0 ] ] ] } },
{ "type": "Feature", "properties": { "precinct_id": "CITY OF CHICAGO:WARD 41 PRECINCT 30", "name": "CITY OF CHICAGO:Ward 41 Precinct 30" }, "geometry": { "type": "Polygon", "coordinates": [ [ [ -87.813940999677357, 42.011520999594488, 0.0 ], [ -87.813880999608386, 42.018801999912405, 0.0 ], [ -87.8065470004437, 42.018965000234623, 0.0 ], [ -87.80663800014355, 42.011713000354739, 0.0 ], [ -87.813940999677357, 42.011520999594488, 0.0 ] ] ] } },
{ "type": "Feature", "properties": { "precinct_id": "COOK:8000043", "name": "COOK:Maine Precinct 43" }, "geometry": { "type": "Polygon", "coordinates": [ [ [ -87.816320819343971, 42.02056486789963, 0.0 ], [ -87.820420820636429, 42.020475867034364, 0.0 ], [ -87.821234820986476, 42.020072866491887, 0.0 ], [ -87.824677821229415, 42.019993866676288, 0.0 ], [ -87.824820822017259, 42.023769867229063, 0.0 ], [ -87.824660821546018, 42.025831867800086, 0.0 ], [ -87.816274819903143, 42.026000868411316, 0.0 ], [ -87.816320819343971, 42.02056486789963, 0.0 ] ] ] } },
{ "type": "Feature", "properties": { "precinct_id": "COOK:8000059", "name": "COOK:Maine Precinct 59" }, "geometry": { "type": "Polygon", "coordinates": [ [ [ -87.806552816743448, 42.018972867223717, 0.0 ], [ -87.81633281912805, 42.018756923728539, 0.0 ], [ -87.816274819903143, 42.026000868411316, 0.0 ], [ -87.81399281939926, 42.026048868991928, 0.0 ], [ -87.8097428168915, 42.021345867963667, 0.0 ], [ -87.808974817886167, 42.021416867368899, 0.0 ], [ -87.808876818554879, 42.029815868595186, 0.0 ], [ -87.806429817555554, 42.029863869399549, 0.0 ], [ -87.806552816743448, 42.018972867223717, 0.0 ] ] ] } },
{ "type": "Feature", "properties": { "precinct_id": "COOK:8200013", "name": "COOK:Niles Precinct 13" }, "geometry": { "type": "Polygon", "coordinates": [ [ [ -87.79590981455668, 42.026416869928333, 0.0 ], [ -87.802327815751227, 42.026385868886813, 0.0 ], [ -87.803012815645999, 42.022278868471197, 0.0 ], [ -87.802976815090801, 42.020790868310449, 0.0 ], [ -87.798360813735883, 42.020853868725276, 0.0 ], [ -87.798406813771308, 42.01905586752715, 0.0 ], [ -87.806552816743448, 42.018972867223717, 0.0 ], [ -87.806428817257114, 42.029985869931693, 0.0 ], [ -87.795978814119238, 42.030031870128312, 0.0 ], [ -87.796133814491014, 42.027279869402619, 0.0 ], [ -87.79590981455668, 42.026416869928333, 0.0 ] ] ] } },
{ "type": "Feature", "properties": { "precinct_id": "COOK:8000039", "name": "COOK:Maine Precinct 39" }, "geometry": { "type": "Polygon", "coordinates": [ [ [ -87.82036582153232, 42.033201869356269, 0.0 ], [ -87.81732182093765, 42.029620868300015, 0.0 ], [ -87.808876818554879, 42.029815868595186, 0.0 ], [ -87.809004817371104, 42.021380868192963, 0.0 ], [ -87.8097428168915, 42.021345867963667, 0.0 ], [ -87.81399281939926, 42.026048868991928, 0.0 ], [ -87.821173820957966, 42.025904867802701, 0.0 ], [ -87.821082821743502, 42.033189868707602, 0.0 ], [ -87.82036582153232, 42.033201869356269, 0.0 ] ] ] } },
{ "type": "Feature", "properties": { "precinct_id": "COOK:8000055", "name": "COOK:Maine Precinct 55" }, "geometry": { "type": "Polygon", "coordinates": [ [ [ -87.810105818417227, 42.029787869520767, 0.0 ], [ -87.81732182093765, 42.029620868300015, 0.0 ], [ -87.821217821884048, 42.034185868601561, 0.0 ], [ -87.821040822664955, 42.036823870125673, 0.0 ], [ -87.816126820523792, 42.036942869782607, 0.0 ], [ -87.816173820520206, 42.033291868913402, 0.0 ], [ -87.810055818281995, 42.033421869742256, 0.0 ], [ -87.810105818417227, 42.029787869520767, 0.0 ] ] ] } },
{ "type": "Feature", "properties": { "precinct_id": "COOK:8200026", "name": "COOK:Niles Precinct 26" }, "geometry": { "type": "Polygon", "coordinates": [ [ [ -87.78088780969523, 42.026450870309844, 0.0 ], [ -87.767088804633644, 42.026438871292882, 0.0 ], [ -87.766976805607243, 42.026075870437055, 0.0 ], [ -87.767688805633256, 42.024953870910416, 0.0 ], [ -87.767029804141956, 42.023684870500219, 0.0 ], [ -87.766998805064347, 42.022889870190376, 0.0 ], [ -87.764680804470657, 42.022782870472078, 0.0 ], [ -87.764689803992312, 42.021888870230875, 0.0 ], [ -87.765689804494372, 42.021873870639617, 0.0 ], [ -87.764860804140923, 42.021155870029986, 0.0 ], [ -87.761446803673138, 42.019159870009752, 0.0 ], [ -87.761994803535899, 42.019145869219813, 0.0 ], [ -87.753362800278822, 42.014355869648874, 0.0 ], [ -87.751506798975328, 42.012872869349543, 0.0 ], [ -87.750577799013257, 42.011807869651157, 0.0 ], [ -87.750311799259606, 42.011803869253555, 0.0 ], [ -87.750462799140308, 42.008183868833818, 0.0 ], [ -87.757767800878483, 42.008246867794085, 0.0 ], [ -87.757866799668122, 42.004618867562947, 0.0 ], [ -87.761814633111285, 42.004660866952015, 0.0 ], [ -87.761619, 42.011881, 0.0 ], [ -87.767348036173189, 42.011938011060778, 0.0 ], [ -87.767147804750792, 42.01917587005115, 0.0 ], [ -87.777137807022072, 42.019215869157293, 0.0 ], [ -87.78088780969523, 42.026450870309844, 0.0 ] ] ] } },
{ "type": "Feature", "properties": { "precinct_id": "COOK:8200002", "name": "COOK:Niles Precinct 2" }, "geometry": { "type": "Polygon", "coordinates": [ [ [ -87.779392807685454, 42.023592869550512, 0.0 ], [ -87.777137807022072, 42.019215869157293, 0.0 ], [ -87.767147804750792, 42.01917587005115, 0.0 ], [ -87.767348036173189, 42.011938011060778, 0.0 ], [ -87.776943943577649, 42.011989783573398, 0.0 ], [ -87.776944467700631, 42.015595667697276, 0.0 ], [ -87.779166558720291, 42.015619786888365, 0.0 ], [ -87.779272052299774, 42.011999594170028, 0.0 ], [ -87.788728810106036, 42.012004867682663, 0.0 ], [ -87.789509810489022, 42.012914867003261, 0.0 ], [ -87.791684811229061, 42.011928867885572, 0.0 ], [ -87.798212813128572, 42.012566867369102, 0.0 ], [ -87.801373814272537, 42.011956866256106, 0.0 ], [ -87.806563974576079, 42.017823467497735, 0.0 ], [ -87.806552816743448, 42.018972867223717, 0.0 ], [ -87.798406813771308, 42.01905586752715, 0.0 ], [ -87.798360813735883, 42.020853868725276, 0.0 ], [ -87.802976815090801, 42.020790868310449, 0.0 ], [ -87.803012815645999, 42.022278868471197, 0.0 ], [ -87.802327815751227, 42.026385868886813, 0.0 ], [ -87.791741812569938, 42.026452869374914, 0.0 ], [ -87.792848811937603, 42.025859869197596, 0.0 ], [ -87.791920812220411, 42.025248869359167, 0.0 ], [ -87.791567812204946, 42.025459869464349, 0.0 ], [ -87.790418812274055, 42.025463869543096, 0.0 ], [ -87.790413811293917, 42.024674869429575, 0.0 ], [ -87.789531812065405, 42.024653868986555, 0.0 ], [ -87.789553811404986, 42.023722869256879, 0.0 ], [ -87.786481811376518, 42.023753869581249, 0.0 ], [ -87.786486811393218, 42.023568869311568, 0.0 ], [ -87.78285781039672, 42.023437868840475, 0.0 ], [ -87.779392807685454, 42.023592869550512, 0.0 ] ] ] } },
{ "type": "Feature", "properties": { "precinct_id": "COOK:8200020", "name": "COOK:Niles Precinct 20" }, "geometry": { "type": "Polygon", "coordinates": [ [ [ -87.753111800569641, 42.022642870551138, 0.0 ], [ -87.748623799316903, 42.019035870776122, 0.0 ], [ -87.761446803673138, 42.019159870009752, 0.0 ], [ -87.764044804652329, 42.020573870050569, 0.0 ], [ -87.765689804494372, 42.021873870639617, 0.0 ], [ -87.764689803992312, 42.021888870230875, 0.0 ], [ -87.764680804470657, 42.022782870472078, 0.0 ], [ -87.757317801330842, 42.0228088712717, 0.0 ], [ -87.753111800569641, 42.022642870551138, 0.0 ] ] ] } },
{ "type": "Feature", "properties": { "precinct_id": "COOK:8200039", "name": "COOK:Niles Precinct 39" }, "geometry": { "type": "Polygon", "coordinates": [ [ [ -87.757233802715447, 42.031790872784008, 0.0 ], [ -87.757381802416077, 42.026352871895988, 0.0 ], [ -87.754641802090745, 42.026333872084933, 0.0 ], [ -87.755944802540611, 42.024811871099217, 0.0 ], [ -87.753176800718208, 42.022695870569294, 0.0 ], [ -87.762245803528941, 42.022767870495514, 0.0 ], [ -87.761999804317796, 42.03183387220993, 0.0 ], [ -87.757233802715447, 42.031790872784008, 0.0 ] ] ] } },
{ "type": "Feature", "properties": { "precinct_id": "COOK:8200058", "name": "COOK:Niles Precinct 58" }, "geometry": { "type": "Polygon", "coordinates": [ [ [ -87.766033806714404, 42.037379872320706, 0.0 ], [ -87.765948806416091, 42.035933873366126, 0.0 ], [ -87.76516480587452, 42.03592287267589, 0.0 ], [ -87.765172805719587, 42.035666872392504, 0.0 ], [ -87.764317805348099, 42.035662872747153, 0.0 ], [ -87.764402805661348, 42.033666872657925, 0.0 ], [ -87.761945804965706, 42.033644872068557, 0.0 ], [ -87.762245803528941, 42.022767870495514, 0.0 ], [ -87.766998805064347, 42.022889870190376, 0.0 ], [ -87.767029804141956, 42.023684870500219, 0.0 ], [ -87.767688805633256, 42.024953870910416, 0.0 ], [ -87.766976805607243, 42.026075870437055, 0.0 ], [ -87.767088804633644, 42.026438871292882, 0.0 ], [ -87.768576805221656, 42.026442870245994, 0.0 ], [ -87.76858280604948, 42.031903871527071, 0.0 ], [ -87.768312806671958, 42.033631872619289, 0.0 ], [ -87.767289806089124, 42.035824872010636, 0.0 ], [ -87.766033806714404, 42.037379872320706, 0.0 ] ] ] } },
{ "type": "Feature", "properties": { "precinct_id": "COOK:8200010", "name": "COOK:Niles Precinct 10" }, "geometry": { "type": "Polygon", "coordinates": [ [ [ -87.768065806597463, 42.034332872109758, 0.0 ], [ -87.76858280604948, 42.031903871527071, 0.0 ], [ -87.768576805221656, 42.026442870245994, 0.0 ], [ -87.77674480835941, 42.026445870707569, 0.0 ], [ -87.776518809474922, 42.035475871815564, 0.0 ], [ -87.772907808379898, 42.035185872307572, 0.0 ], [ -87.770116806559855, 42.034315872206918, 0.0 ], [ -87.768065806597463, 42.034332872109758, 0.0 ] ] ] } },
{ "type": "Feature", "properties": { "precinct_id": "COOK:8200053", "name": "COOK:Niles Precinct 53" }, "geometry": { "type": "Polygon", "coordinates": [ [ [ -87.776518809474922, 42.035475871815564, 0.0 ], [ -87.77674480835941, 42.026445870707569, 0.0 ], [ -87.78088780969523, 42.026450870309844, 0.0 ], [ -87.779392807685454, 42.023592869550512, 0.0 ], [ -87.78285781039672, 42.023437868840475, 0.0 ], [ -87.786486811393218, 42.023568869311568, 0.0 ], [ -87.786481811376518, 42.023753869581249, 0.0 ], [ -87.789553811404986, 42.023722869256879, 0.0 ], [ -87.789531812065405, 42.024653868986555, 0.0 ], [ -87.790413811293917, 42.024674869429575, 0.0 ], [ -87.790418812274055, 42.025463869543096, 0.0 ], [ -87.791567812204946, 42.025459869464349, 0.0 ], [ -87.791920812220411, 42.025248869359167, 0.0 ], [ -87.792848811937603, 42.025859869197596, 0.0 ], [ -87.791604812173503, 42.026469870049638, 0.0 ], [ -87.791180812889834, 42.027124869061289, 0.0 ], [ -87.791122812358509, 42.027674870139386, 0.0 ], [ -87.791393812315874, 42.028129870118242, 0.0 ], [ -87.793521813673436, 42.029939870511328, 0.0 ], [ -87.794253812945726, 42.03134987012821, 0.0 ], [ -87.794421814311931, 42.033644870310695, 0.0 ], [ -87.793811814431649, 42.034225870880057, 0.0 ], [ -87.792859813780254, 42.034598870775376, 0.0 ], [ -87.792556813135221, 42.034912871418364, 0.0 ], [ -87.793414813064174, 42.03547287052109, 0.0 ], [ -87.793655814210823, 42.036508871460761, 0.0 ], [ -87.793140814560857, 42.036947871694359, 0.0 ], [ -87.788646813399581, 42.038831871657806, 0.0 ], [ -87.788292813329235, 42.039114871947021, 0.0 ], [ -87.788170812635272, 42.040040871682642, 0.0 ], [ -87.78785881209366, 42.040500871895432, 0.0 ], [ -87.786624812024996, 42.03813687248271, 0.0 ], [ -87.781287810527701, 42.038156872319163, 0.0 ], [ -87.78136580972695, 42.035335871022475, 0.0 ], [ -87.776518809474922, 42.035475871815564, 0.0 ] ] ] } },
{ "type": "Feature", "properties": { "precinct_id": "COOK:8200041", "name": "COOK:Niles Precinct 41" }, "geometry": { "type": "Polygon", "coordinates": [ [ [ -87.756860804126163, 42.040763874308354, 0.0 ], [ -87.757233802715447, 42.031790872784008, 0.0 ], [ -87.761999804317796, 42.03183387220993, 0.0 ], [ -87.761945804965706, 42.033644872068557, 0.0 ], [ -87.764402805661348, 42.033666872657925, 0.0 ], [ -87.764317805348099, 42.035662872747153, 0.0 ], [ -87.765172805719587, 42.035666872392504, 0.0 ], [ -87.76516480587452, 42.03592287267589, 0.0 ], [ -87.765948806416091, 42.035933873366126, 0.0 ], [ -87.765913806874835, 42.037110872542399, 0.0 ], [ -87.764271805800973, 42.038596873206757, 0.0 ], [ -87.764183805279188, 42.040913873121255, 0.0 ], [ -87.756860804126163, 42.040763874308354, 0.0 ] ] ] } },
{ "type": "Feature", "properties": { "precinct_id": "COOK:8200035", "name": "COOK:Niles Precinct 35" }, "geometry": { "type": "Polygon", "coordinates": [ [ [ -87.764183805279188, 42.040913873121255, 0.0 ], [ -87.764271805800973, 42.038596873206757, 0.0 ], [ -87.766035805893083, 42.036991872764652, 0.0 ], [ -87.766033806714404, 42.037379872320706, 0.0 ], [ -87.766670806668145, 42.036742872608713, 0.0 ], [ -87.768065806597463, 42.034332872109758, 0.0 ], [ -87.770116806559855, 42.034315872206918, 0.0 ], [ -87.772907808379898, 42.035185872307572, 0.0 ], [ -87.776518809474922, 42.035475871815564, 0.0 ], [ -87.776424809358659, 42.0391198721384, 0.0 ], [ -87.777041809768761, 42.03911987248577, 0.0 ], [ -87.777053808936088, 42.038667871678371, 0.0 ], [ -87.778861810760603, 42.038562872109814, 0.0 ], [ -87.778855810426009, 42.03896287179716, 0.0 ], [ -87.779657810678216, 42.038960872434629, 0.0 ], [ -87.779605810667334, 42.04091987300383, 0.0 ], [ -87.764183805279188, 42.040913873121255, 0.0 ] ] ] } },
{ "type": "Feature", "properties": { "precinct_id": "COOK:8200054", "name": "COOK:Niles Precinct 54" }, "geometry": { "type": "Polygon", "coordinates": [ [ [ -87.776518809474922, 42.035475871815564, 0.0 ], [ -87.78136580972695, 42.035335871022475, 0.0 ], [ -87.781287810527701, 42.038156872319163, 0.0 ], [ -87.786624812024996, 42.03813687248271, 0.0 ], [ -87.788047812848532, 42.040892871917855, 0.0 ], [ -87.78604381179936, 42.04090087274917, 0.0 ], [ -87.786064812054107, 42.039798871400976, 0.0 ], [ -87.785111811598128, 42.039720871810502, 0.0 ], [ -87.784884811934063, 42.039721871571906, 0.0 ], [ -87.784862811679901, 42.040907873026107, 0.0 ], [ -87.779605810667334, 42.04091987300383, 0.0 ], [ -87.779657810678216, 42.038960872434629, 0.0 ], [ -87.778855810426009, 42.03896287179716, 0.0 ], [ -87.778861810760603, 42.038562872109814, 0.0 ], [ -87.777053808936088, 42.038667871678371, 0.0 ], [ -87.777041809768761, 42.03911987248577, 0.0 ], [ -87.776424809358659, 42.0391198721384, 0.0 ], [ -87.776518809474922, 42.035475871815564, 0.0 ] ] ] } },
{ "type": "Feature", "properties": { "precinct_id": "COOK:8000030", "name": "COOK:Maine Precinct 30" }, "geometry": { "type": "Polygon", "coordinates": [ [ [ -87.81633281912805, 42.018756923728539, 0.0 ], [ -87.821218820495105, 42.018647866683928, 0.0 ], [ -87.821229819766714, 42.015528865812051, 0.0 ], [ -87.820087211409387, 42.015545637371368, 0.0 ], [ -87.819987875572025, 42.011388692041841, 0.0 ], [ -87.829264821475022, 42.011317864774462, 0.0 ], [ -87.830349823228246, 42.011146544387387, 0.0 ], [ -87.833380822949749, 42.011076864022279, 0.0 ], [ -87.839835825977076, 42.014724864779168, 0.0 ], [ -87.829521823198704, 42.014893865820497, 0.0 ], [ -87.829528823927404, 42.019880866160385, 0.0 ], [ -87.821234820986476, 42.020072866491887, 0.0 ], [ -87.820420820636429, 42.020475867034364, 0.0 ], [ -87.816320819343971, 42.02056486789963, 0.0 ], [ -87.81633281912805, 42.018756923728539, 0.0 ] ] ] } },
{ "type": "Feature", "properties": { "precinct_id": "COOK:8000029", "name": "COOK:Maine Precinct 29" }, "geometry": { "type": "Polygon", "coordinates": [ [ [ -87.829524822614914, 42.018463865281092, 0.0 ], [ -87.829521823198704, 42.014893865820497, 0.0 ], [ -87.839835825977076, 42.014724864779168, 0.0 ], [ -87.845550827302986, 42.01794386521469, 0.0 ], [ -87.845559828921907, 42.025339866684774, 0.0 ], [ -87.835803825188975, 42.025584866567279, 0.0 ], [ -87.835694248479442, 42.018328602845571, 0.0 ], [ -87.829524822614914, 42.018463865281092, 0.0 ] ] ] } },
{ "type": "Feature", "properties": { "precinct_id": "COOK:8000008", "name": "COOK:Maine Precinct 8" }, "geometry": { "type": "Polygon", "coordinates": [ [ [ -87.847972829312866, 42.027975867093659, 0.0 ], [ -87.847972829378421, 42.025248866890429, 0.0 ], [ -87.845559828921907, 42.025339866684774, 0.0 ], [ -87.845550827302986, 42.01794386521469, 0.0 ], [ -87.857869675031878, 42.024910037385382, 0.0 ], [ -87.860014, 42.0265, 0.0 ], [ -87.860027, 42.02845, 0.0 ], [ -87.857653831383132, 42.028523866184919, 0.0 ], [ -87.857244831998827, 42.028665866267865, 0.0 ], [ -87.857028831690513, 42.028526866243261, 0.0 ], [ -87.855205831140083, 42.028631866708132, 0.0 ], [ -87.855202831188549, 42.027723866550438, 0.0 ], [ -87.847972829312866, 42.027975867093659, 0.0 ] ] ] } },
{ "type": "Feature", "properties": { "precinct_id": "COOK:8000072", "name": "COOK:Maine Precinct 72" }, "geometry": { "type": "Polygon", "coordinates": [ [ [ -87.821125821799527, 42.029480869127518, 0.0 ], [ -87.821173820957966, 42.025904867802701, 0.0 ], [ -87.824660821546018, 42.025831867800086, 0.0 ], [ -87.824820822017259, 42.023769867229063, 0.0 ], [ -87.824677821229415, 42.019993866676288, 0.0 ], [ -87.829528823927404, 42.019880866160385, 0.0 ], [ -87.829524822614914, 42.018463865281092, 0.0 ], [ -87.835694248479442, 42.018328602845571, 0.0 ], [ -87.835767826508061, 42.031030868277099, 0.0 ], [ -87.834555826086245, 42.031018868124171, 0.0 ], [ -87.834555825692775, 42.030871867359849, 0.0 ], [ -87.826019823291801, 42.031118868906283, 0.0 ], [ -87.826037823828173, 42.029436868534219, 0.0 ], [ -87.821125821799527, 42.029480869127518, 0.0 ] ] ] } },
{ "type": "Feature", "properties": { "precinct_id": "COOK:8000083", "name": "COOK:Maine Precinct 83" }, "geometry": { "type": "Polygon", "coordinates": [ [ [ -87.845514828696153, 42.032497867999261, 0.0 ], [ -87.845532828433889, 42.028994866148601, 0.0 ], [ -87.840668826783897, 42.029092866750204, 0.0 ], [ -87.840664827344639, 42.027271867088125, 0.0 ], [ -87.839524826689001, 42.0273568662789, 0.0 ], [ -87.83945482736263, 42.028129867254833, 0.0 ], [ -87.83580282635377, 42.028246867574822, 0.0 ], [ -87.835803825188975, 42.025584866567279, 0.0 ], [ -87.847972829378421, 42.025248866890429, 0.0 ], [ -87.847947829622427, 42.028892867350933, 0.0 ], [ -87.847221828615929, 42.028961866560941, 0.0 ], [ -87.84740582971456, 42.029994866535652, 0.0 ], [ -87.846650829318023, 42.030538866621455, 0.0 ], [ -87.846816829531946, 42.032581867918907, 0.0 ], [ -87.845514828696153, 42.032497867999261, 0.0 ] ] ] } },
{ "type": "Feature", "properties": { "precinct_id": "COOK:8000058", "name": "COOK:Maine Precinct 58" }, "geometry": { "type": "Polygon", "coordinates": [ [ [ -87.840589827514322, 42.03616986894518, 0.0 ], [ -87.840611828101657, 42.035270868686681, 0.0 ], [ -87.835736826442727, 42.035305869151969, 0.0 ], [ -87.835750825977229, 42.031429868019899, 0.0 ], [ -87.83580282635377, 42.028246867574822, 0.0 ], [ -87.83945482736263, 42.028129867254833, 0.0 ], [ -87.839524826689001, 42.0273568662789, 0.0 ], [ -87.840664827344639, 42.027271867088125, 0.0 ], [ -87.840668826783897, 42.029092866750204, 0.0 ], [ -87.845532828433889, 42.028994866148601, 0.0 ], [ -87.845514828696153, 42.032497867999261, 0.0 ], [ -87.845459829093699, 42.036275868062837, 0.0 ], [ -87.840589827514322, 42.03616986894518, 0.0 ] ] ] } },
{ "type": "Feature", "properties": { "precinct_id": "COOK:8000060", "name": "COOK:Maine Precinct 60" }, "geometry": { "type": "Polygon", "coordinates": [ [ [ -87.840586828222243, 42.036256868392307, 0.0 ], [ -87.845459829093699, 42.036275868062837, 0.0 ], [ -87.845482829799678, 42.032555867500491, 0.0 ], [ -87.846816829531946, 42.032581867918907, 0.0 ], [ -87.84660682873465, 42.030710866421785, 0.0 ], [ -87.846821829429388, 42.030312867329179, 0.0 ], [ -87.84740582971456, 42.029994866535652, 0.0 ], [ -87.847221828615929, 42.028961866560941, 0.0 ], [ -87.847947829622427, 42.028892867350933, 0.0 ], [ -87.847972829312866, 42.027975867093659, 0.0 ], [ -87.855202831188549, 42.027723866550438, 0.0 ], [ -87.855205831140083, 42.028631866708132, 0.0 ], [ -87.857028831690513, 42.028526866243261, 0.0 ], [ -87.859069663867857, 42.029916332117338, 0.0 ], [ -87.858680833180287, 42.030264866274258, 0.0 ], [ -87.858678833174679, 42.032354866733833, 0.0 ], [ -87.858354832995687, 42.034615867428869, 0.0 ], [ -87.858488833548222, 42.035739867745299, 0.0 ], [ -87.860010996309967, 42.035696730611498, 0.0 ], [ -87.860009, 42.039338, 0.0 ], [ -87.840548865329779, 42.039976878855143, 0.0 ], [ -87.840586828222243, 42.036256868392307, 0.0 ] ] ] } },
{ "type": "Feature", "properties": { "precinct_id": "COOK:8000046", "name": "COOK:Maine Precinct 46" }, "geometry": { "type": "Polygon", "coordinates": [ [ [ -87.819822822053652, 42.036854869538288, 0.0 ], [ -87.821040822664955, 42.036823870125673, 0.0 ], [ -87.821217821884048, 42.034185868601561, 0.0 ], [ -87.82036582153232, 42.033201869356269, 0.0 ], [ -87.821082821743502, 42.033189868707602, 0.0 ], [ -87.821127821824433, 42.029546867960612, 0.0 ], [ -87.826037823828173, 42.029436868534219, 0.0 ], [ -87.826019823291801, 42.031118868906283, 0.0 ], [ -87.834555825692775, 42.030871867359849, 0.0 ], [ -87.834555826086245, 42.031018868124171, 0.0 ], [ -87.835767826508061, 42.031030868277099, 0.0 ], [ -87.835736826442727, 42.035305869151969, 0.0 ], [ -87.840611828101657, 42.035270868686681, 0.0 ], [ -87.840548865329779, 42.039976878855143, 0.0 ], [ -87.819787821859649, 42.040488870612542, 0.0 ], [ -87.819822822053652, 42.036854869538288, 0.0 ] ] ] } },
{ "type": "Feature", "properties": { "precinct_id": "COOK:8000075", "name": "COOK:Maine Precinct 75" }, "geometry": { "type": "Polygon", "coordinates": [ [ [ -87.806350817444695, 42.036137869837354, 0.0 ], [ -87.806429817555554, 42.029863869399549, 0.0 ], [ -87.810105818417227, 42.029787869520767, 0.0 ], [ -87.810055818281995, 42.033421869742256, 0.0 ], [ -87.816173820520206, 42.033291868913402, 0.0 ], [ -87.816126820523792, 42.036942869782607, 0.0 ], [ -87.811229819698752, 42.037057870385617, 0.0 ], [ -87.811242819425047, 42.036145870780175, 0.0 ], [ -87.806503817116891, 42.036255870328731, 0.0 ], [ -87.806350817444695, 42.036137869837354, 0.0 ] ] ] } },
{ "type": "Feature", "properties": { "precinct_id": "COOK:8200043", "name": "COOK:Niles Precinct 43" }, "geometry": { "type": "Polygon", "coordinates": [ [ [ -87.800708815830731, 42.04084087136399, 0.0 ], [ -87.800802815860933, 42.033609870666602, 0.0 ], [ -87.795991814696933, 42.033651870951935, 0.0 ], [ -87.795978814119238, 42.030031870128312, 0.0 ], [ -87.806428817257114, 42.029985869931693, 0.0 ], [ -87.806288817856483, 42.040823871242722, 0.0 ], [ -87.800708815830731, 42.04084087136399, 0.0 ] ] ] } },
{ "type": "Feature", "properties": { "precinct_id": "COOK:8200038", "name": "COOK:Niles Precinct 38" }, "geometry": { "type": "Polygon", "coordinates": [ [ [ -87.780736812325969, 42.050478874623813, 0.0 ], [ -87.781557811682049, 42.047482873542691, 0.0 ], [ -87.784235812485335, 42.047113873392377, 0.0 ], [ -87.784567812520208, 42.0451128731778, 0.0 ], [ -87.786097812560683, 42.042963872788555, 0.0 ], [ -87.78698281295685, 42.040896872592292, 0.0 ], [ -87.788047812848532, 42.040892871917855, 0.0 ], [ -87.78785881209366, 42.040500871895432, 0.0 ], [ -87.788170812635272, 42.040040871682642, 0.0 ], [ -87.788292813329235, 42.039114871947021, 0.0 ], [ -87.790550813273725, 42.03792787096836, 0.0 ], [ -87.793140814560857, 42.036947871694359, 0.0 ], [ -87.793655814210823, 42.036508871460761, 0.0 ], [ -87.793414813064174, 42.03547287052109, 0.0 ], [ -87.792556813135221, 42.034912871418364, 0.0 ], [ -87.792859813780254, 42.034598870775376, 0.0 ], [ -87.793811814431649, 42.034225870880057, 0.0 ], [ -87.794421814311931, 42.033644870310695, 0.0 ], [ -87.794253812945726, 42.03134987012821, 0.0 ], [ -87.793521813673436, 42.029939870511328, 0.0 ], [ -87.791223812271582, 42.027918870406474, 0.0 ], [ -87.791106812888557, 42.027425869424505, 0.0 ], [ -87.791366812633584, 42.026783869585095, 0.0 ], [ -87.791621812200489, 42.026452869397268, 0.0 ], [ -87.79590981455668, 42.026416869928333, 0.0 ], [ -87.796133814491014, 42.027279869402619, 0.0 ], [ -87.79593881378743, 42.028699870446928, 0.0 ], [ -87.795991814696933, 42.033651870951935, 0.0 ], [ -87.800802815860933, 42.033609870666602, 0.0 ], [ -87.800708815830731, 42.04084087136399, 0.0 ], [ -87.799144816572024, 42.040860871717427, 0.0 ], [ -87.799540817920828, 42.055223874051833, 0.0 ], [ -87.792993815753576, 42.055234874285475, 0.0 ], [ -87.793037815685679, 42.05299087429097, 0.0 ], [ -87.791745814872215, 42.0504678735116, 0.0 ], [ -87.786368814269863, 42.051564874184834, 0.0 ], [ -87.784955813413731, 42.051676874333936, 0.0 ], [ -87.783581813024071, 42.051518874160664, 0.0 ], [ -87.78202581190655, 42.051015874275983, 0.0 ], [ -87.780736812325969, 42.050478874623813, 0.0 ] ] ] } },
{ "type": "Feature", "properties": { "precinct_id": "COOK:8000032", "name": "COOK:Maine Precinct 32" }, "geometry": { "type": "Polygon", "coordinates": [ [ [ -87.806222819146427, 42.044867872339111, 0.0 ], [ -87.806349818144568, 42.036241870153574, 0.0 ], [ -87.811242819425047, 42.036145870780175, 0.0 ], [ -87.811229819698752, 42.037057870385617, 0.0 ], [ -87.819822822053652, 42.036854869538288, 0.0 ], [ -87.819787821859649, 42.040488870612542, 0.0 ], [ -87.814201820829382, 42.040631871160826, 0.0 ], [ -87.814160821148263, 42.043836871378488, 0.0 ], [ -87.81647182118806, 42.043779870547958, 0.0 ], [ -87.816431821777883, 42.045570870949724, 0.0 ], [ -87.811916820899114, 42.04559487168158, 0.0 ], [ -87.809173818678843, 42.04482987091351, 0.0 ], [ -87.806222819146427, 42.044867872339111, 0.0 ] ] ] } },
{ "type": "Feature", "properties": { "precinct_id": "COOK:8000011", "name": "COOK:Maine Precinct 11" }, "geometry": { "type": "Polygon", "coordinates": [ [ [ -87.814201820829382, 42.040631871160826, 0.0 ], [ -87.823312822498593, 42.040405870284552, 0.0 ], [ -87.823244823864442, 42.043593870702963, 0.0 ], [ -87.825830824069939, 42.043527870085178, 0.0 ], [ -87.825814824074698, 42.044406870357918, 0.0 ], [ -87.816440821975661, 42.04462387124471, 0.0 ], [ -87.81647182118806, 42.043779870547958, 0.0 ], [ -87.814160821148263, 42.043836871378488, 0.0 ], [ -87.814201820829382, 42.040631871160826, 0.0 ] ] ] } },
{ "type": "Feature", "properties": { "precinct_id": "COOK:8000015", "name": "COOK:Maine Precinct 15" }, "geometry": { "type": "Polygon", "coordinates": [ [ [ -87.806222819146427, 42.044867872339111, 0.0 ], [ -87.809173818678843, 42.04482987091351, 0.0 ], [ -87.811916820899114, 42.04559487168158, 0.0 ], [ -87.816431821777883, 42.045570870949724, 0.0 ], [ -87.816440821975661, 42.04462387124471, 0.0 ], [ -87.825814824074698, 42.044406870357918, 0.0 ], [ -87.825742825453645, 42.047609871585657, 0.0 ], [ -87.816017821186335, 42.047844871762656, 0.0 ], [ -87.81590782176356, 42.049647871513052, 0.0 ], [ -87.806136818789994, 42.0499308731467, 0.0 ], [ -87.806222819146427, 42.044867872339111, 0.0 ] ] ] } },
{ "type": "Feature", "properties": { "precinct_id": "COOK:8200050", "name": "COOK:Niles Precinct 50" }, "geometry": { "type": "Polygon", "coordinates": [ [ [ -87.799144816572024, 42.040860871717427, 0.0 ], [ -87.806288817856483, 42.040823871242722, 0.0 ], [ -87.806050820162099, 42.0552108736264, 0.0 ], [ -87.799540817920828, 42.055223874051833, 0.0 ], [ -87.799144816572024, 42.040860871717427, 0.0 ] ] ] } },
{ "type": "Feature", "properties": { "precinct_id": "COOK:8000040", "name": "COOK:Maine Precinct 40" }, "geometry": { "type": "Polygon", "coordinates": [ [ [ -87.815838822882668, 42.052794872394159, 0.0 ], [ -87.815977821413966, 42.047849871893817, 0.0 ], [ -87.825742825453645, 42.047609871585657, 0.0 ], [ -87.825584825402387, 42.054887872449456, 0.0 ], [ -87.815872823028599, 42.055095872693244, 0.0 ], [ -87.815659822015363, 42.052809872919347, 0.0 ], [ -87.815838822882668, 42.052794872394159, 0.0 ] ] ] } },
{ "type": "Feature", "properties": { "precinct_id": "COOK:8000063", "name": "COOK:Maine Precinct 63" }, "geometry": { "type": "Polygon", "coordinates": [ [ [ -87.806050820162099, 42.0552108736264, 0.0 ], [ -87.806136818789994, 42.0499308731467, 0.0 ], [ -87.81590782176356, 42.049647871513052, 0.0 ], [ -87.815838822882668, 42.052794872394159, 0.0 ], [ -87.815659822015363, 42.052809872919347, 0.0 ], [ -87.815872823028599, 42.055095872693244, 0.0 ], [ -87.806050820162099, 42.0552108736264, 0.0 ] ] ] } },
{ "type": "Feature", "properties": { "precinct_id": "COOK:8000052", "name": "COOK:Maine Precinct 52" }, "geometry": { "type": "Polygon", "coordinates": [ [ [ -87.806050820162099, 42.0552108736264, 0.0 ], [ -87.815668822465767, 42.055100873224312, 0.0 ], [ -87.81566882239315, 42.058635874536741, 0.0 ], [ -87.813895822101912, 42.058634874489989, 0.0 ], [ -87.814510823594446, 42.060556874181515, 0.0 ], [ -87.805963820346037, 42.060734874440321, 0.0 ], [ -87.806050820162099, 42.0552108736264, 0.0 ] ] ] } },
{ "type": "Feature", "properties": { "precinct_id": "COOK:8000051", "name": "COOK:Maine Precinct 51" }, "geometry": { "type": "Polygon", "coordinates": [ [ [ -87.825751824058813, 42.046649870740637, 0.0 ], [ -87.825830824069939, 42.043527870085178, 0.0 ], [ -87.823244823864442, 42.043593870702963, 0.0 ], [ -87.823312822498593, 42.040405870284552, 0.0 ], [ -87.830761879438725, 42.040225030556847, 0.0 ], [ -87.830726825558557, 42.042955870261615, 0.0 ], [ -87.833166815838297, 42.042899130738633, 0.0 ], [ -87.83315282622199, 42.043781869768146, 0.0 ], [ -87.840337828653787, 42.043642869219909, 0.0 ], [ -87.840451899386338, 42.047284997426189, 0.0 ], [ -87.833825826613705, 42.047433871275373, 0.0 ], [ -87.833807826796246, 42.047286870021935, 0.0 ], [ -87.826633824479032, 42.047591871462899, 0.0 ], [ -87.826606824725602, 42.046718871401929, 0.0 ], [ -87.825751824058813, 42.046649870740637, 0.0 ] ] ] } },
{ "type": "Feature", "properties": { "precinct_id": "COOK:8000073", "name": "COOK:Maine Precinct 73" }, "geometry": { "type": "Polygon", "coordinates": [ [ [ -87.825584825402387, 42.054887872449456, 0.0 ], [ -87.825751824058813, 42.046649870740637, 0.0 ], [ -87.826606824725602, 42.046718871401929, 0.0 ], [ -87.826633824479032, 42.047591871462899, 0.0 ], [ -87.832211826470839, 42.04744487078657, 0.0 ], [ -87.835135828054334, 42.051425870774004, 0.0 ], [ -87.83811982964076, 42.054610871861861, 0.0 ], [ -87.825584825402387, 42.054887872449456, 0.0 ] ] ] } },
{ "type": "Feature", "properties": { "precinct_id": "COOK:8200022", "name": "COOK:Niles Precinct 22" }, "geometry": { "type": "Polygon", "coordinates": [ [ [ -87.749346801634104, 42.046210875926242, 0.0 ], [ -87.74944380190307, 42.041683874300254, 0.0 ], [ -87.750625802989418, 42.041695874780132, 0.0 ], [ -87.750648801793361, 42.040792873770528, 0.0 ], [ -87.756865803736019, 42.040855874101013, 0.0 ], [ -87.756806804057618, 42.04266387507122, 0.0 ], [ -87.759248804297869, 42.042686873459907, 0.0 ], [ -87.759152805278205, 42.046302874683839, 0.0 ], [ -87.752366802454148, 42.046136874872481, 0.0 ], [ -87.749346801634104, 42.046210875926242, 0.0 ] ] ] } },
{ "type": "Feature", "properties": { "precinct_id": "COOK:8200037", "name": "COOK:Niles Precinct 37" }, "geometry": { "type": "Polygon", "coordinates": [ [ [ -87.763980806478727, 42.048155874612043, 0.0 ], [ -87.746941802459403, 42.048002876428541, 0.0 ], [ -87.746977801458101, 42.046191875916541, 0.0 ], [ -87.752366802454148, 42.046136874872481, 0.0 ], [ -87.759152805278205, 42.046302874683839, 0.0 ], [ -87.759248804297869, 42.042686873459907, 0.0 ], [ -87.756806804057618, 42.04266387507122, 0.0 ], [ -87.756865803736019, 42.040855874101013, 0.0 ], [ -87.764183805279188, 42.040913873121255, 0.0 ], [ -87.763980806478727, 42.048155874612043, 0.0 ] ] ] } },
{ "type": "Feature", "properties": { "precinct_id": "COOK:8200057", "name": "COOK:Niles Precinct 57" }, "geometry": { "type": "Polygon", "coordinates": [ [ [ -87.774921810207005, 42.053922874755735, 0.0 ], [ -87.775058809507442, 42.044539873603796, 0.0 ], [ -87.764079806475522, 42.044534874811099, 0.0 ], [ -87.764183805279188, 42.040913873121255, 0.0 ], [ -87.784862811679901, 42.040907873026107, 0.0 ], [ -87.784884811934063, 42.039721871571906, 0.0 ], [ -87.786001812263024, 42.039743872135759, 0.0 ], [ -87.78604381179936, 42.04090087274917, 0.0 ], [ -87.78698281295685, 42.040896872592292, 0.0 ], [ -87.786097812560683, 42.042963872788555, 0.0 ], [ -87.784567812520208, 42.0451128731778, 0.0 ], [ -87.784235812485335, 42.047113873392377, 0.0 ], [ -87.781640812021763, 42.047446873611477, 0.0 ], [ -87.781487811135804, 42.047583873105459, 0.0 ], [ -87.780562811667252, 42.051024874735809, 0.0 ], [ -87.780539812627339, 42.052239874532745, 0.0 ], [ -87.779470811377308, 42.052645875459362, 0.0 ], [ -87.777511810986923, 42.052633874176678, 0.0 ], [ -87.775138811264995, 42.053014875614473, 0.0 ], [ -87.775120810986337, 42.053234874896638, 0.0 ], [ -87.775715810092223, 42.053453874693645, 0.0 ], [ -87.775971810647448, 42.053758875905906, 0.0 ], [ -87.775587810963401, 42.054258875498597, 0.0 ], [ -87.774921810207005, 42.053922874755735, 0.0 ] ] ] } },
{ "type": "Feature", "properties": { "precinct_id": "COOK:8200059", "name": "COOK:Niles Precinct 59" }, "geometry": { "type": "Polygon", "coordinates": [ [ [ -87.763926808120019, 42.055389876481428, 0.0 ], [ -87.763761806717113, 42.053205876151935, 0.0 ], [ -87.764079806475522, 42.044534874811099, 0.0 ], [ -87.775058809507442, 42.044539873603796, 0.0 ], [ -87.774923810228501, 42.054039875174553, 0.0 ], [ -87.774497810109608, 42.054543874802462, 0.0 ], [ -87.775171810909555, 42.055307874902375, 0.0 ], [ -87.763926808120019, 42.055389876481428, 0.0 ] ] ] } },
{ "type": "Feature", "properties": { "precinct_id": "COOK:8200062", "name": "COOK:Niles Precinct 62" }, "geometry": { "type": "Polygon", "coordinates": [ [ [ -87.757372805679992, 42.055335876851835, 0.0 ], [ -87.755157804451912, 42.048072875216064, 0.0 ], [ -87.763980806478727, 42.048155874612043, 0.0 ], [ -87.763761806717113, 42.053205876151935, 0.0 ], [ -87.763926808120019, 42.055389876481428, 0.0 ], [ -87.757372805679992, 42.055335876851835, 0.0 ] ] ] } },
{ "type": "Feature", "properties": { "precinct_id": "COOK:8200003", "name": "COOK:Niles Precinct 3" }, "geometry": { "type": "Polygon", "coordinates": [ [ [ -87.799773818090785, 42.06552887582346, 0.0 ], [ -87.765867808333525, 42.065036877599745, 0.0 ], [ -87.765966808284787, 42.063936877648082, 0.0 ], [ -87.770610810471965, 42.063946876637573, 0.0 ], [ -87.769889810559206, 42.06255187762671, 0.0 ], [ -87.763659808298826, 42.062643877723062, 0.0 ], [ -87.763926808120019, 42.055389876481428, 0.0 ], [ -87.775171810909555, 42.055307874902375, 0.0 ], [ -87.774512811122861, 42.05464287547688, 0.0 ], [ -87.77460880997927, 42.054301875465718, 0.0 ], [ -87.775086810582835, 42.054027875537614, 0.0 ], [ -87.775587810963401, 42.054258875498597, 0.0 ], [ -87.775971810647448, 42.053758875905906, 0.0 ], [ -87.775715810092223, 42.053453874693645, 0.0 ], [ -87.775120810986337, 42.053234874896638, 0.0 ], [ -87.775104810155923, 42.053039874984947, 0.0 ], [ -87.777511810986923, 42.052633874176678, 0.0 ], [ -87.778608811289544, 42.052710874679555, 0.0 ], [ -87.780251811749139, 42.052447874534295, 0.0 ], [ -87.780539812627339, 42.052239874532745, 0.0 ], [ -87.780736812325969, 42.050478874623813, 0.0 ], [ -87.783285812882212, 42.05143787424997, 0.0 ], [ -87.784955813413731, 42.051676874333936, 0.0 ], [ -87.786368814269863, 42.051564874184834, 0.0 ], [ -87.791745814872215, 42.0504678735116, 0.0 ], [ -87.793037815685679, 42.05299087429097, 0.0 ], [ -87.792993815753576, 42.055234874285475, 0.0 ], [ -87.799540817920828, 42.055223874051833, 0.0 ], [ -87.799773818090785, 42.06552887582346, 0.0 ] ] ] } },
{ "type": "Feature", "properties": { "precinct_id": "COOK:8100013", "name": "COOK:New Trier Precinct 13" }, "geometry": { "type": "Polygon", "coordinates": [ [ [ -87.762220809110246, 42.072256878689551, 0.0 ], [ -87.758854807556361, 42.072360879847643, 0.0 ], [ -87.758734806954038, 42.065011878633463, 0.0 ], [ -87.771473810541394, 42.065151876809935, 0.0 ], [ -87.771407811614907, 42.07248787793074, 0.0 ], [ -87.762220809110246, 42.072256878689551, 0.0 ] ] ] } },
{ "type": "Feature", "properties": { "precinct_id": "COOK:8300006", "name": "COOK:Northfield Precinct 6" }, "geometry": { "type": "Polygon", "coordinates": [ [ [ -87.771251812525151, 42.079710879981405, 0.0 ], [ -87.771473810541394, 42.065151876809935, 0.0 ], [ -87.791796816178618, 42.065468875993155, 0.0 ], [ -87.79182681689359, 42.069107877628404, 0.0 ], [ -87.791618817418566, 42.069737876611633, 0.0 ], [ -87.790811816799675, 42.070605877218512, 0.0 ], [ -87.791889817079792, 42.071022877060557, 0.0 ], [ -87.794065817444704, 42.072441877688405, 0.0 ], [ -87.789413816898403, 42.072400877682028, 0.0 ], [ -87.788387815879489, 42.072780877280266, 0.0 ], [ -87.781170813379049, 42.07274787800106, 0.0 ], [ -87.780973814112812, 42.079840879083562, 0.0 ], [ -87.771787811972274, 42.079737879047649, 0.0 ], [ -87.771251812525151, 42.079710879981405, 0.0 ] ] ] } },
{ "type": "Feature", "properties": { "precinct_id": "COOK:8100024", "name": "COOK:New Trier Precinct 24" }, "geometry": { "type": "Polygon", "coordinates": [ [ [ -87.751793023528833, 42.079435085872611, 0.0 ], [ -87.751882805459474, 42.072196879719343, 0.0 ], [ -87.758528806730524, 42.072237878985767, 0.0 ], [ -87.758854807556361, 42.072360879847643, 0.0 ], [ -87.762367808440402, 42.072235879273833, 0.0 ], [ -87.76467629141321, 42.079583060089703, 0.0 ], [ -87.751793023528833, 42.079435085872611, 0.0 ] ] ] } },
{ "type": "Feature", "properties": { "precinct_id": "COOK:8100039", "name": "COOK:New Trier Precinct 39" }, "geometry": { "type": "Polygon", "coordinates": [ [ [ -87.76467629141321, 42.079583060089703, 0.0 ], [ -87.762367808440402, 42.072235879273833, 0.0 ], [ -87.763460808688521, 42.072369878463249, 0.0 ], [ -87.771407811614907, 42.07248787793074, 0.0 ], [ -87.771251812525151, 42.079710879981405, 0.0 ], [ -87.76467629141321, 42.079583060089703, 0.0 ] ] ] } },
{ "type": "Feature", "properties": { "precinct_id": "COOK:8200036", "name": "COOK:Niles Precinct 36" }, "geometry": { "type": "Polygon", "coordinates": [ [ [ -87.709722789904305, 42.040951876589737, 0.0 ], [ -87.709878789601831, 42.035339875243579, 0.0 ], [ -87.710883788727628, 42.035504876139584, 0.0 ], [ -87.715860790938095, 42.03544587603831, 0.0 ], [ -87.715723790873071, 42.040869876939901, 0.0 ], [ -87.709722789904305, 42.040951876589737, 0.0 ] ] ] } },
{ "type": "Feature", "properties": { "precinct_id": "COOK:7502002", "name": "COOK:Evanston Ward 2 Precinct 2" }, "geometry": { "type": "Polygon", "coordinates": [ [ [ -87.693585785318717, 42.044263877532124, 0.0 ], [ -87.69366878499828, 42.038762877292413, 0.0 ], [ -87.694586784527687, 42.038746876476054, 0.0 ], [ -87.694580785357886, 42.039397876813965, 0.0 ], [ -87.703853787452616, 42.039169877295784, 0.0 ], [ -87.703774788896922, 42.042660877891834, 0.0 ], [ -87.696457786043297, 42.042791877366504, 0.0 ], [ -87.696436786574992, 42.044261878608715, 0.0 ], [ -87.693585785318717, 42.044263877532124, 0.0 ] ] ] } },
{ "type": "Feature", "properties": { "precinct_id": "COOK:8200008", "name": "COOK:Niles Precinct 8" }, "geometry": { "type": "Polygon", "coordinates": [ [ [ -87.715723790873071, 42.040869876939901, 0.0 ], [ -87.722978793521193, 42.040806875772581, 0.0 ], [ -87.722865794552817, 42.045015876413956, 0.0 ], [ -87.715637792177105, 42.044961877617112, 0.0 ], [ -87.715723790873071, 42.040869876939901, 0.0 ] ] ] } },
{ "type": "Feature", "properties": { "precinct_id": "COOK:7502003", "name": "COOK:Evanston Ward 2 Precinct 3" }, "geometry": { "type": "Polygon", "coordinates": [ [ [ -87.698998787999983, 42.048373879114351, 0.0 ], [ -87.699054787253885, 42.045613877417836, 0.0 ], [ -87.697699787654443, 42.045571877431371, 0.0 ], [ -87.697761786027385, 42.044239877816111, 0.0 ], [ -87.696436786574992, 42.044261878608715, 0.0 ], [ -87.696457786043297, 42.042791877366504, 0.0 ], [ -87.703774788896922, 42.042660877891834, 0.0 ], [ -87.703853787452616, 42.039169877295784, 0.0 ], [ -87.70978679025086, 42.039037876102014, 0.0 ], [ -87.709558059658107, 42.048215073872839, 0.0 ], [ -87.699340786823683, 42.048379877853428, 0.0 ], [ -87.698998787999983, 42.048373879114351, 0.0 ] ] ] } },
{ "type": "Feature", "properties": { "precinct_id": "COOK:8200021", "name": "COOK:Niles Precinct 21" }, "geometry": { "type": "Polygon", "coordinates": [ [ [ -87.7098137896471, 42.040949876208849, 0.0 ], [ -87.715723790873071, 42.040869876939901, 0.0 ], [ -87.715637792177105, 42.044961877617112, 0.0 ], [ -87.722865794552817, 42.045015876413956, 0.0 ], [ -87.722978793521193, 42.040806875772581, 0.0 ], [ -87.725377794576886, 42.040788875885177, 0.0 ], [ -87.725336794513382, 42.042602876346749, 0.0 ], [ -87.723990794073359, 42.042613876027886, 0.0 ], [ -87.723995793994106, 42.043114875905182, 0.0 ], [ -87.7245667945148, 42.043111876519568, 0.0 ], [ -87.724501794086706, 42.045774876910272, 0.0 ], [ -87.724288794403904, 42.046121876740493, 0.0 ], [ -87.723384794554605, 42.046254876726373, 0.0 ], [ -87.723358794823938, 42.048064877777733, 0.0 ], [ -87.709558059658107, 42.048215073872839, 0.0 ], [ -87.7098137896471, 42.040949876208849, 0.0 ] ] ] } },
{ "type": "Feature", "properties": { "precinct_id": "COOK:8200049", "name": "COOK:Niles Precinct 49" }, "geometry": { "type": "Polygon", "coordinates": [ [ [ -87.714908793202341, 42.055094878474264, 0.0 ], [ -87.708784512791667, 42.052207051398824, 0.0 ], [ -87.709558115200551, 42.048211372075357, 0.0 ], [ -87.717991793559818, 42.048121877313079, 0.0 ], [ -87.71779079349372, 42.055369878559198, 0.0 ], [ -87.715973792470351, 42.055350879075043, 0.0 ], [ -87.714908793202341, 42.055094878474264, 0.0 ] ] ] } },
{ "type": "Feature", "properties": { "precinct_id": "COOK:7505001", "name": "COOK:Evanston Ward 5 Precinct 1" }, "geometry": { "type": "Polygon", "coordinates": [ [ [ -87.70132878798556, 42.048345877804223, 0.0 ], [ -87.709558059658107, 42.048215073872839, 0.0 ], [ -87.708784512791667, 42.052207051398824, 0.0 ], [ -87.708224900206019, 42.052308236972522, 0.0 ], [ -87.706996147783443, 42.053267182644703, 0.0 ], [ -87.70560738792183, 42.053951152513413, 0.0 ], [ -87.699192788625126, 42.056874880163384, 0.0 ], [ -87.69885178824984, 42.055640879927815, 0.0 ], [ -87.698922788611185, 42.052085878410232, 0.0 ], [ -87.697373787012452, 42.05211487933127, 0.0 ], [ -87.697383788200568, 42.051559878723886, 0.0 ], [ -87.700687788450693, 42.051600879042368, 0.0 ], [ -87.700738787899596, 42.04880987774996, 0.0 ], [ -87.701319787895713, 42.048800878449505, 0.0 ], [ -87.70132878798556, 42.048345877804223, 0.0 ] ] ] } },
{ "type": "Feature", "properties": { "precinct_id": "COOK:7507004", "name": "COOK:Evanston Ward 7 Precinct 4" }, "geometry": { "type": "Polygon", "coordinates": [ [ [ -87.694120818260942, 42.059234815890342, 0.0 ], [ -87.705641145277454, 42.053935318738183, 0.0 ], [ -87.706996147783443, 42.053267182644703, 0.0 ], [ -87.708224900206019, 42.052308236972522, 0.0 ], [ -87.708784512791667, 42.052207051398824, 0.0 ], [ -87.709978147465932, 42.052776092774458, 0.0 ], [ -87.70812779343197, 42.058387515296772, 0.0 ], [ -87.708116242524966, 42.059103321998116, 0.0 ], [ -87.69670378819248, 42.059305880259529, 0.0 ], [ -87.696479787185837, 42.059012879903278, 0.0 ], [ -87.694655862472899, 42.059869256855045, 0.0 ], [ -87.694120818260942, 42.059234815890342, 0.0 ] ] ] } },
{ "type": "Feature", "properties": { "precinct_id": "COOK:7506006", "name": "COOK:Evanston Ward 6 Precinct 6" }, "geometry": { "type": "Polygon", "coordinates": [ [ [ -87.708116242524966, 42.059103321998116, 0.0 ], [ -87.70812779343197, 42.058387515296772, 0.0 ], [ -87.709973790592926, 42.052779879244945, 0.0 ], [ -87.715518793315184, 42.055272878928051, 0.0 ], [ -87.720224793670837, 42.055341877923809, 0.0 ], [ -87.720195795105724, 42.058960879494933, 0.0 ], [ -87.715107793733921, 42.059016879675205, 0.0 ], [ -87.715105793736498, 42.060720880215747, 0.0 ], [ -87.705760790942747, 42.060853880626574, 0.0 ], [ -87.705790791534994, 42.059143879165269, 0.0 ], [ -87.708116242524966, 42.059103321998116, 0.0 ] ] ] } },
{ "type": "Feature", "properties": { "precinct_id": "COOK:7507001", "name": "COOK:Evanston Ward 7 Precinct 1" }, "geometry": { "type": "Polygon", "coordinates": [ [ [ -87.702226525844765, 42.068932322530479, 0.0 ], [ -87.694655862472899, 42.059869256855045, 0.0 ], [ -87.696479787185837, 42.059012879903278, 0.0 ], [ -87.69670378819248, 42.059305880259529, 0.0 ], [ -87.705790791534994, 42.059143879165269, 0.0 ], [ -87.705754216461756, 42.061436250537838, 0.0 ], [ -87.703432791075542, 42.0639828803859, 0.0 ], [ -87.703442790844804, 42.064377881147301, 0.0 ], [ -87.704883790888573, 42.064384880749621, 0.0 ], [ -87.704805706480556, 42.068802889731813, 0.0 ], [ -87.704991534283607, 42.068964632931824, 0.0 ], [ -87.702226525844765, 42.068932322530479, 0.0 ] ] ] } },
{ "type": "Feature", "properties": { "precinct_id": "COOK:8200032", "name": "COOK:Niles Precinct 32" }, "geometry": { "type": "Polygon", "coordinates": [ [ [ -87.746861802082805, 42.053434876842353, 0.0 ], [ -87.746941802459403, 42.048002876428541, 0.0 ], [ -87.751810802649118, 42.048042875886992, 0.0 ], [ -87.751703803383691, 42.05348387703377, 0.0 ], [ -87.746861802082805, 42.053434876842353, 0.0 ] ] ] } },
{ "type": "Feature", "properties": { "precinct_id": "COOK:8200031", "name": "COOK:Niles Precinct 31" }, "geometry": { "type": "Polygon", "coordinates": [ [ [ -87.731245797139067, 42.048013876531229, 0.0 ], [ -87.746941802459403, 42.048002876428541, 0.0 ], [ -87.746861802082805, 42.053434876842353, 0.0 ], [ -87.731161798185894, 42.05344687785901, 0.0 ], [ -87.731052796430433, 42.04916387687917, 0.0 ], [ -87.731245797139067, 42.048013876531229, 0.0 ] ] ] } },
{ "type": "Feature", "properties": { "precinct_id": "COOK:8200028", "name": "COOK:Niles Precinct 28" }, "geometry": { "type": "Polygon", "coordinates": [ [ [ -87.717991793559818, 42.048121877313079, 0.0 ], [ -87.726414795897313, 42.048032876694919, 0.0 ], [ -87.726262796825509, 42.055277878750921, 0.0 ], [ -87.71779079349372, 42.055369878559198, 0.0 ], [ -87.717991793559818, 42.048121877313079, 0.0 ] ] ] } },
{ "type": "Feature", "properties": { "precinct_id": "COOK:8200060", "name": "COOK:Niles Precinct 60" }, "geometry": { "type": "Polygon", "coordinates": [ [ [ -87.735774799657477, 42.062493878980206, 0.0 ], [ -87.735972798742836, 42.053446877951806, 0.0 ], [ -87.751183803679936, 42.053378876494683, 0.0 ], [ -87.751703803383691, 42.05348387703377, 0.0 ], [ -87.751810802649118, 42.048042875886992, 0.0 ], [ -87.755157804451912, 42.048072875216064, 0.0 ], [ -87.757372805679992, 42.055335876851835, 0.0 ], [ -87.746853802248879, 42.055292876843289, 0.0 ], [ -87.746663803333476, 42.062470878687016, 0.0 ], [ -87.735774799657477, 42.062493878980206, 0.0 ] ] ] } },
{ "type": "Feature", "properties": { "precinct_id": "COOK:8200018", "name": "COOK:Niles Precinct 18" }, "geometry": { "type": "Polygon", "coordinates": [ [ [ -87.732470114063034, 42.064684197360897, 0.0 ], [ -87.732507198737423, 42.062492738251052, 0.0 ], [ -87.727376797959479, 42.062490879062594, 0.0 ], [ -87.727475796896925, 42.055263877458046, 0.0 ], [ -87.726262796825509, 42.055277878750921, 0.0 ], [ -87.726414795897313, 42.048032876694919, 0.0 ], [ -87.731245797139067, 42.048013876531229, 0.0 ], [ -87.731035796921944, 42.04993787769989, 0.0 ], [ -87.731197797080497, 42.050349876869944, 0.0 ], [ -87.731161798185894, 42.05344687785901, 0.0 ], [ -87.735972798742836, 42.053446877951806, 0.0 ], [ -87.73577179961498, 42.064716879193107, 0.0 ], [ -87.732470114063034, 42.064684197360897, 0.0 ] ] ] } },
{ "type": "Feature", "properties": { "precinct_id": "COOK:7506004", "name": "COOK:Evanston Ward 6 Precinct 4" }, "geometry": { "type": "Polygon", "coordinates": [ [ [ -87.721935796472692, 42.064552880210421, 0.0 ], [ -87.721890795681517, 42.058940879161483, 0.0 ], [ -87.720195795105724, 42.058960879494933, 0.0 ], [ -87.720224793670837, 42.055341877923809, 0.0 ], [ -87.727475796896925, 42.055263877458046, 0.0 ], [ -87.727376797959479, 42.062490879062594, 0.0 ], [ -87.732507198737423, 42.062492738251052, 0.0 ], [ -87.732470114063034, 42.064684197360897, 0.0 ], [ -87.721935796472692, 42.064552880210421, 0.0 ] ] ] } },
{ "type": "Feature", "properties": { "precinct_id": "COOK:8200007", "name": "COOK:Niles Precinct 7" }, "geometry": { "type": "Polygon", "coordinates": [ [ [ -87.746270803193411, 42.064758879504751, 0.0 ], [ -87.73577179961498, 42.064716879193107, 0.0 ], [ -87.735774799657477, 42.062493878980206, 0.0 ], [ -87.746663803333476, 42.062470878687016, 0.0 ], [ -87.746853802248879, 42.055292876843289, 0.0 ], [ -87.763926808120019, 42.055389876481428, 0.0 ], [ -87.763659808298826, 42.062643877723062, 0.0 ], [ -87.769889810559206, 42.06255187762671, 0.0 ], [ -87.770610810471965, 42.063946876637573, 0.0 ], [ -87.765966808284787, 42.063936877648082, 0.0 ], [ -87.765867808333525, 42.065036877599745, 0.0 ], [ -87.747767803890682, 42.064917878278791, 0.0 ], [ -87.746270803193411, 42.064758879504751, 0.0 ] ] ] } },
{ "type": "Feature", "properties": { "precinct_id": "COOK:7506003", "name": "COOK:Evanston Ward 6 Precinct 3" }, "geometry": { "type": "Polygon", "coordinates": [ [ [ -87.729190663284058, 42.069196767178155, 0.0 ], [ -87.722620138765564, 42.069180235089483, 0.0 ], [ -87.722680797328465, 42.066476879622279, 0.0 ], [ -87.720684795295185, 42.066457879586466, 0.0 ], [ -87.720706795294248, 42.064540880280333, 0.0 ], [ -87.732470114063034, 42.064684197360897, 0.0 ], [ -87.732410921396152, 42.068917460384796, 0.0 ], [ -87.729183983759654, 42.069621472694024, 0.0 ], [ -87.729190663284058, 42.069196767178155, 0.0 ] ] ] } },
{ "type": "Feature", "properties": { "precinct_id": "COOK:8100034", "name": "COOK:New Trier Precinct 34" }, "geometry": { "type": "Polygon", "coordinates": [ [ [ -87.758528806730524, 42.072237878985767, 0.0 ], [ -87.749147804699419, 42.072162879817881, 0.0 ], [ -87.748164803913369, 42.070650879169385, 0.0 ], [ -87.746775803198702, 42.067964878983986, 0.0 ], [ -87.746578803841317, 42.066674878494084, 0.0 ], [ -87.746621802731553, 42.064737879392474, 0.0 ], [ -87.747767803890682, 42.064917878278791, 0.0 ], [ -87.758734806954038, 42.065011878633463, 0.0 ], [ -87.758854807556361, 42.072360879847643, 0.0 ], [ -87.758528806730524, 42.072237878985767, 0.0 ] ] ] } },
{ "type": "Feature", "properties": { "precinct_id": "COOK:8100017", "name": "COOK:New Trier Precinct 17" }, "geometry": { "type": "Polygon", "coordinates": [ [ [ -87.732538799660787, 42.07546388187923, 0.0 ], [ -87.727531798282484, 42.071890881369221, 0.0 ], [ -87.732358799846381, 42.071939880070254, 0.0 ], [ -87.732470114063034, 42.064684197360897, 0.0 ], [ -87.742405773408535, 42.064802514777909, 0.0 ], [ -87.742095802812671, 42.075576880512067, 0.0 ], [ -87.732538799660787, 42.07546388187923, 0.0 ] ] ] } },
{ "type": "Feature", "properties": { "precinct_id": "COOK:7501003", "name": "COOK:Evanston Ward 1 Precinct 3" }, "geometry": { "type": "Polygon", "coordinates": [ [ [ -87.683657271725409, 42.061720434981524, 0.0 ], [ -87.677092782048447, 42.061638882812609, 0.0 ], [ -87.67721278175523, 42.053847880523648, 0.0 ], [ -87.681716782661724, 42.053897880113858, 0.0 ], [ -87.681649784008187, 42.058431881037755, 0.0 ], [ -87.685859784422831, 42.058494881283472, 0.0 ], [ -87.684480784319902, 42.061856881715855, 0.0 ], [ -87.683657271725409, 42.061720434981524, 0.0 ] ] ] } },
{ "type": "Feature", "properties": { "precinct_id": "COOK:7507002", "name": "COOK:Evanston Ward 7 Precinct 2" }, "geometry": { "type": "Polygon", "coordinates": [ [ [ -87.686395786035135, 42.06955488326129, 0.0 ], [ -87.686530785597455, 42.065807882585986, 0.0 ], [ -87.687576786252095, 42.063370881611888, 0.0 ], [ -87.690186786013143, 42.060983881404333, 0.0 ], [ -87.694120818260942, 42.059234815890342, 0.0 ], [ -87.702226525844765, 42.068932322530479, 0.0 ], [ -87.689017229502838, 42.068788301986146, 0.0 ], [ -87.68901122352402, 42.069578859550589, 0.0 ], [ -87.686395786035135, 42.06955488326129, 0.0 ] ] ] } },
{ "type": "Feature", "properties": { "precinct_id": "COOK:7507005", "name": "COOK:Evanston Ward 7 Precinct 5" }, "geometry": { "type": "Polygon", "coordinates": [ [ [ -87.673478450953766, 42.061552882659505, 0.0 ], [ -87.683657271725409, 42.061720434981524, 0.0 ], [ -87.684480784319902, 42.061856881715855, 0.0 ], [ -87.685876785395621, 42.058415881012792, 0.0 ], [ -87.693737945399121, 42.058303338998215, 0.0 ], [ -87.694407583751612, 42.059100021447904, 0.0 ], [ -87.690186786013143, 42.060983881404333, 0.0 ], [ -87.688236786057089, 42.06262888187927, 0.0 ], [ -87.687576786252095, 42.063370881611888, 0.0 ], [ -87.686530785597455, 42.065807882585986, 0.0 ], [ -87.686395786035135, 42.06955488326129, 0.0 ], [ -87.682852402671443, 42.069489398017268, 0.0 ], [ -87.682750833027086, 42.071753625557619, 0.0 ], [ -87.679849898352586, 42.071723693662804, 0.0 ], [ -87.673478450953766, 42.061552882659505, 0.0 ] ] ] } },
{ "type": "Feature", "properties": { "precinct_id": "COOK:8100037", "name": "COOK:New Trier Precinct 37" }, "geometry": { "type": "Polygon", "coordinates": [ [ [ -87.69111260284032, 42.082576432482156, 0.0 ], [ -87.681472740560835, 42.078417518567107, 0.0 ], [ -87.68169977775446, 42.077728788288496, 0.0 ], [ -87.683266997292122, 42.077386517359322, 0.0 ], [ -87.68360993615741, 42.077138950868935, 0.0 ], [ -87.683721154742528, 42.077221613228282, 0.0 ], [ -87.683682499648199, 42.077083899811811, 0.0 ], [ -87.685088422551473, 42.075743605321904, 0.0 ], [ -87.684759232453601, 42.075507517675824, 0.0 ], [ -87.684069374935646, 42.076073563362321, 0.0 ], [ -87.68352455031966, 42.075762253640043, 0.0 ], [ -87.682437124851873, 42.076565962426528, 0.0 ], [ -87.682145270357552, 42.0771644459413, 0.0 ], [ -87.682245131223027, 42.076893252767562, 0.0 ], [ -87.681996484319455, 42.076828711997358, 0.0 ], [ -87.682359, 42.075729, 0.0 ], [ -87.681710585004296, 42.074314377068369, 0.0 ], [ -87.679849897913627, 42.071723692962074, 0.0 ], [ -87.682750833027086, 42.071753625557619, 0.0 ], [ -87.682852402671443, 42.069489398017268, 0.0 ], [ -87.68901122352402, 42.069578859550589, 0.0 ], [ -87.689017229502838, 42.068788301986146, 0.0 ], [ -87.691992071629826, 42.068819838295163, 0.0 ], [ -87.691932788784968, 42.078628883698634, 0.0 ], [ -87.691974788342264, 42.078756884255114, 0.0 ], [ -87.693696988230698, 42.078734867781051, 0.0 ], [ -87.693695, 42.080064, 0.0 ], [ -87.69111260284032, 42.082576432482156, 0.0 ] ] ] } },
{ "type": "Feature", "properties": { "precinct_id": "COOK:7506001", "name": "COOK:Evanston Ward 6 Precinct 1" }, "geometry": { "type": "Polygon", "coordinates": [ [ [ -87.707811792578426, 42.06899188132752, 0.0 ], [ -87.707836791945539, 42.06787488154275, 0.0 ], [ -87.710650792854537, 42.06790088080767, 0.0 ], [ -87.710719792570075, 42.062106880480769, 0.0 ], [ -87.715065793293988, 42.062047880672253, 0.0 ], [ -87.715107793733921, 42.059016879675205, 0.0 ], [ -87.721890795681517, 42.058940879161483, 0.0 ], [ -87.721935796472692, 42.064552880210421, 0.0 ], [ -87.714565794113966, 42.064469880325085, 0.0 ], [ -87.714538793934992, 42.067916881227731, 0.0 ], [ -87.714735793589199, 42.067918881386795, 0.0 ], [ -87.714523794529242, 42.069067881927886, 0.0 ], [ -87.708069792035502, 42.069004881500838, 0.0 ], [ -87.707811792578426, 42.06899188132752, 0.0 ] ] ] } },
{ "type": "Feature", "properties": { "precinct_id": "COOK:7506005", "name": "COOK:Evanston Ward 6 Precinct 5" }, "geometry": { "type": "Polygon", "coordinates": [ [ [ -87.70488940799568, 42.068875744056207, 0.0 ], [ -87.704883790888573, 42.064384880749621, 0.0 ], [ -87.703442790844804, 42.064377881147301, 0.0 ], [ -87.703432791075542, 42.0639828803859, 0.0 ], [ -87.705754216461756, 42.061436250537838, 0.0 ], [ -87.705760790942747, 42.060853880626574, 0.0 ], [ -87.715105793736498, 42.060720880215747, 0.0 ], [ -87.715065793293988, 42.062047880672253, 0.0 ], [ -87.710719792570075, 42.062106880480769, 0.0 ], [ -87.710650792854537, 42.06790088080767, 0.0 ], [ -87.707836791945539, 42.06787488154275, 0.0 ], [ -87.707811792578426, 42.06899188132752, 0.0 ], [ -87.70488940799568, 42.068875744056207, 0.0 ] ] ] } },
{ "type": "Feature", "properties": { "precinct_id": "COOK:7506002", "name": "COOK:Evanston Ward 6 Precinct 2" }, "geometry": { "type": "Polygon", "coordinates": [ [ [ -87.722620138765564, 42.069180235089483, 0.0 ], [ -87.714523794529242, 42.069067881927886, 0.0 ], [ -87.714735793589199, 42.067918881386795, 0.0 ], [ -87.714538793934992, 42.067916881227731, 0.0 ], [ -87.714565794113966, 42.064469880325085, 0.0 ], [ -87.720706795294248, 42.064540880280333, 0.0 ], [ -87.720684795295185, 42.066457879586466, 0.0 ], [ -87.722680797328465, 42.066476879622279, 0.0 ], [ -87.722620138765564, 42.069180235089483, 0.0 ] ] ] } },
{ "type": "Feature", "properties": { "precinct_id": "COOK:8100033", "name": "COOK:New Trier Precinct 33" }, "geometry": { "type": "Polygon", "coordinates": [ [ [ -87.702340399611657, 42.068934809635884, 0.0 ], [ -87.718973825567488, 42.069131225040536, 0.0 ], [ -87.718923796203043, 42.072589881794229, 0.0 ], [ -87.71499679467739, 42.072653882443859, 0.0 ], [ -87.711142793828188, 42.073252882201984, 0.0 ], [ -87.709439793955511, 42.072126882170885, 0.0 ], [ -87.7083657934635, 42.072878881620447, 0.0 ], [ -87.706384791673585, 42.073798882000681, 0.0 ], [ -87.702340399611657, 42.068934809635884, 0.0 ] ] ] } },
{ "type": "Feature", "properties": { "precinct_id": "COOK:8100036", "name": "COOK:New Trier Precinct 36" }, "geometry": { "type": "Polygon", "coordinates": [ [ [ -87.691934788765835, 42.077604883829231, 0.0 ], [ -87.691992071629826, 42.068819838295163, 0.0 ], [ -87.699687789622132, 42.068904881835614, 0.0 ], [ -87.699536789726963, 42.071511882060342, 0.0 ], [ -87.699803790605358, 42.071671882381956, 0.0 ], [ -87.699789789443429, 42.071953882785692, 0.0 ], [ -87.699156790357407, 42.071955882972681, 0.0 ], [ -87.699125789481343, 42.075205883354933, 0.0 ], [ -87.702939791908349, 42.075252882281042, 0.0 ], [ -87.702920791122153, 42.076608882987692, 0.0 ], [ -87.699117790720365, 42.076568883740414, 0.0 ], [ -87.69911079086603, 42.077680883463998, 0.0 ], [ -87.691934788765835, 42.077604883829231, 0.0 ] ] ] } },
{ "type": "Feature", "properties": { "precinct_id": "COOK:8100038", "name": "COOK:New Trier Precinct 38" }, "geometry": { "type": "Polygon", "coordinates": [ [ [ -87.707582793064404, 42.075233882308218, 0.0 ], [ -87.699125789481343, 42.075205883354933, 0.0 ], [ -87.699156790357407, 42.071955882972681, 0.0 ], [ -87.699789789443429, 42.071953882785692, 0.0 ], [ -87.699803790605358, 42.071671882381956, 0.0 ], [ -87.699536789726963, 42.071511882060342, 0.0 ], [ -87.699687789622132, 42.068904881835614, 0.0 ], [ -87.702226525844765, 42.068932322530479, 0.0 ], [ -87.706384791673585, 42.073798882000681, 0.0 ], [ -87.7083657934635, 42.072878881620447, 0.0 ], [ -87.709439793955511, 42.072126882170885, 0.0 ], [ -87.711019794608902, 42.073132881613382, 0.0 ], [ -87.714247795400098, 42.07696788266081, 0.0 ], [ -87.714465795259443, 42.076985882599153, 0.0 ], [ -87.71443884841436, 42.078959072982379, 0.0 ], [ -87.710682056881367, 42.078917989934574, 0.0 ], [ -87.707582793064404, 42.075233882308218, 0.0 ] ] ] } },
{ "type": "Feature", "properties": { "precinct_id": "COOK:8100027", "name": "COOK:New Trier Precinct 27" }, "geometry": { "type": "Polygon", "coordinates": [ [ [ -87.71859979617669, 42.078922882304774, 0.0 ], [ -87.718671795869327, 42.072606881631117, 0.0 ], [ -87.718923796203043, 42.072589881794229, 0.0 ], [ -87.718973825567488, 42.069131225040536, 0.0 ], [ -87.724310273324363, 42.069145388555185, 0.0 ], [ -87.724295797418122, 42.070031880475476, 0.0 ], [ -87.72388079734138, 42.070021881547319, 0.0 ], [ -87.723897797551516, 42.071867881155235, 0.0 ], [ -87.722617797321561, 42.072326881266605, 0.0 ], [ -87.722521894997982, 42.079057073639589, 0.0 ], [ -87.71859979617669, 42.078922882304774, 0.0 ] ] ] } },
{ "type": "Feature", "properties": { "precinct_id": "COOK:8100032", "name": "COOK:New Trier Precinct 32" }, "geometry": { "type": "Polygon", "coordinates": [ [ [ -87.71443884841436, 42.078959072982379, 0.0 ], [ -87.714465795259443, 42.076985882599153, 0.0 ], [ -87.714165794723314, 42.076875882181987, 0.0 ], [ -87.711142793828188, 42.073252882201984, 0.0 ], [ -87.71499679467739, 42.072653882443859, 0.0 ], [ -87.718671795869327, 42.072606881631117, 0.0 ], [ -87.718605307977668, 42.079011062351121, 0.0 ], [ -87.71443884841436, 42.078959072982379, 0.0 ] ] ] } },
{ "type": "Feature", "properties": { "precinct_id": "COOK:8100018", "name": "COOK:New Trier Precinct 18" }, "geometry": { "type": "MultiPolygon", "coordinates": [ [ [ [ -87.69126878842269, 42.082404885310183, 0.0 ], [ -87.691914185032132, 42.081697854679199, 0.0 ], [ -87.69111260284032, 42.082576432482156, 0.0 ], [ -87.69126878842269, 42.082404885310183, 0.0 ] ] ], [ [ [ -87.702911809164462, 42.078835061998277, 0.0 ], [ -87.691974788342264, 42.078756884255114, 0.0 ], [ -87.691934788765835, 42.077604883829231, 0.0 ], [ -87.69911079086603, 42.077680883463998, 0.0 ], [ -87.699117790720365, 42.076568883740414, 0.0 ], [ -87.702920791122153, 42.076608882987692, 0.0 ], [ -87.702911809164462, 42.078835061998277, 0.0 ] ] ] ] } },
{ "type": "Feature", "properties": { "precinct_id": "COOK:8100031", "name": "COOK:New Trier Precinct 31" }, "geometry": { "type": "Polygon", "coordinates": [ [ [ -87.702911809164462, 42.078835061998277, 0.0 ], [ -87.702939791908349, 42.075252882281042, 0.0 ], [ -87.707582793064404, 42.075233882308218, 0.0 ], [ -87.710682056881367, 42.078917989934574, 0.0 ], [ -87.702911809164462, 42.078835061998277, 0.0 ] ] ] } },
{ "type": "Feature", "properties": { "precinct_id": "COOK:8100021", "name": "COOK:New Trier Precinct 21" }, "geometry": { "type": "Polygon", "coordinates": [ [ [ -87.742095802812671, 42.075576880512067, 0.0 ], [ -87.742405773408535, 42.064802514777909, 0.0 ], [ -87.746621802731553, 42.064737879392474, 0.0 ], [ -87.746597803114042, 42.067031878896884, 0.0 ], [ -87.746847803213612, 42.06819487912248, 0.0 ], [ -87.747438803803803, 42.069492879850337, 0.0 ], [ -87.749147804699419, 42.072162879817881, 0.0 ], [ -87.751882805459474, 42.072196879719343, 0.0 ], [ -87.751835806503379, 42.075835881067832, 0.0 ], [ -87.742095802812671, 42.075576880512067, 0.0 ] ] ] } },
{ "type": "Feature", "properties": { "precinct_id": "COOK:8100003", "name": "COOK:New Trier Precinct 3" }, "geometry": { "type": "Polygon", "coordinates": [ [ [ -87.72257579775075, 42.075442882332439, 0.0 ], [ -87.722617797321561, 42.072326881266605, 0.0 ], [ -87.723897797551516, 42.071867881155235, 0.0 ], [ -87.72388079734138, 42.070021881547319, 0.0 ], [ -87.724295797418122, 42.070031880475476, 0.0 ], [ -87.724310273324363, 42.069145388555185, 0.0 ], [ -87.729190663284058, 42.069196767178155, 0.0 ], [ -87.729183983759654, 42.069621472694024, 0.0 ], [ -87.732410921396152, 42.068917460384796, 0.0 ], [ -87.732358799846381, 42.071939880070254, 0.0 ], [ -87.727531798282484, 42.071890881369221, 0.0 ], [ -87.732594800096948, 42.075504881751144, 0.0 ], [ -87.72257579775075, 42.075442882332439, 0.0 ] ] ] } },
{ "type": "Feature", "properties": { "precinct_id": "COOK:8100026", "name": "COOK:New Trier Precinct 26" }, "geometry": { "type": "Polygon", "coordinates": [ [ [ -87.722521894997982, 42.079057073639589, 0.0 ], [ -87.72257579775075, 42.075442882332439, 0.0 ], [ -87.742095802812671, 42.075576880512067, 0.0 ], [ -87.751835806503379, 42.075835881067832, 0.0 ], [ -87.751793023528833, 42.079435085872611, 0.0 ], [ -87.722521894997982, 42.079057073639589, 0.0 ] ] ] } },
{ "type": "Feature", "properties": { "precinct_id": "COOK:8000069", "name": "COOK:Maine Precinct 69" }, "geometry": { "type": "Polygon", "coordinates": [ [ [ -87.831948829181329, 42.065757873541202, 0.0 ], [ -87.832069828258497, 42.064644873207016, 0.0 ], [ -87.833075829459531, 42.064604873533533, 0.0 ], [ -87.832872827652167, 42.062115873562739, 0.0 ], [ -87.832848828154425, 42.062009873761006, 0.0 ], [ -87.832217828469766, 42.062023873409309, 0.0 ], [ -87.83219982861948, 42.060676873587205, 0.0 ], [ -87.830433827350305, 42.060540873561145, 0.0 ], [ -87.830653827131854, 42.055069871549016, 0.0 ], [ -87.830475826419388, 42.054772872227218, 0.0 ], [ -87.840349075011289, 42.054560026205358, 0.0 ], [ -87.840246, 42.064063, 0.0 ], [ -87.839945830434786, 42.065796873106493, 0.0 ], [ -87.831948829181329, 42.065757873541202, 0.0 ] ] ] } },
{ "type": "Feature", "properties": { "precinct_id": "COOK:8000031", "name": "COOK:Maine Precinct 31" }, "geometry": { "type": "Polygon", "coordinates": [ [ [ -87.831948829181329, 42.065757873541202, 0.0 ], [ -87.825473827202643, 42.065716873544474, 0.0 ], [ -87.825549825774729, 42.057474872866294, 0.0 ], [ -87.822158825382274, 42.05762687339719, 0.0 ], [ -87.819649824222381, 42.057561873554768, 0.0 ], [ -87.819658824276786, 42.055010872366644, 0.0 ], [ -87.830475826419388, 42.054772872227218, 0.0 ], [ -87.830653827131854, 42.055069871549016, 0.0 ], [ -87.830433827350305, 42.060540873561145, 0.0 ], [ -87.83219982861948, 42.060676873587205, 0.0 ], [ -87.832217828469766, 42.062023873409309, 0.0 ], [ -87.832848828154425, 42.062009873761006, 0.0 ], [ -87.832872827652167, 42.062115873562739, 0.0 ], [ -87.833075829459531, 42.064604873533533, 0.0 ], [ -87.832069828258497, 42.064644873207016, 0.0 ], [ -87.831948829181329, 42.065757873541202, 0.0 ] ] ] } },
{ "type": "Feature", "properties": { "precinct_id": "COOK:8300038", "name": "COOK:Northfield Precinct 38" }, "geometry": { "type": "Polygon", "coordinates": [ [ [ -87.839555831597082, 42.073074874447386, 0.0 ], [ -87.829866828623423, 42.073016875565102, 0.0 ], [ -87.829998828773427, 42.065747874003087, 0.0 ], [ -87.839945830434786, 42.065796873106493, 0.0 ], [ -87.839589830956939, 42.068248874592996, 0.0 ], [ -87.839555831597082, 42.073074874447386, 0.0 ] ] ] } },
{ "type": "Feature", "properties": { "precinct_id": "COOK:8300004", "name": "COOK:Northfield Precinct 4" }, "geometry": { "type": "Polygon", "coordinates": [ [ [ -87.842638831651499, 42.074615875084433, 0.0 ], [ -87.842476832500196, 42.073079874855807, 0.0 ], [ -87.839555831597082, 42.073074874447386, 0.0 ], [ -87.839589830956939, 42.068248874592996, 0.0 ], [ -87.839945830434786, 42.065796873106493, 0.0 ], [ -87.848902833633218, 42.065833872482038, 0.0 ], [ -87.855775836056907, 42.072772874440133, 0.0 ], [ -87.854584836108017, 42.07312987374921, 0.0 ], [ -87.844407833186764, 42.073091874736186, 0.0 ], [ -87.844388832949562, 42.074648874474548, 0.0 ], [ -87.842638831651499, 42.074615875084433, 0.0 ] ] ] } },
{ "type": "Feature", "properties": { "precinct_id": "COOK:8300033", "name": "COOK:Northfield Precinct 33" }, "geometry": { "type": "MultiPolygon", "coordinates": [ [ [ [ -87.866307840193926, 42.082975874897876, 0.0 ], [ -87.859907837999273, 42.076776873626876, 0.0 ], [ -87.859022837363696, 42.077362874485587, 0.0 ], [ -87.859064838200624, 42.080048875234652, 0.0 ], [ -87.851597835450363, 42.08005987500465, 0.0 ], [ -87.854642836191047, 42.07716787485473, 0.0 ], [ -87.857257836686472, 42.074218873964682, 0.0 ], [ -87.857058550541595, 42.074021587912988, 0.0 ], [ -87.857181, 42.074141, 0.0 ], [ -87.863774, 42.067619, 0.0 ], [ -87.863528061745413, 42.067568281215991, 0.0 ], [ -87.865241837507128, 42.06590487265354, 0.0 ], [ -87.867660838449126, 42.065906872546698, 0.0 ], [ -87.866307840193926, 42.082975874897876, 0.0 ] ] ], [ [ [ -87.856189494159182, 42.073174088563455, 0.0 ], [ -87.856001835893807, 42.072996873859836, 0.0 ], [ -87.85452983574632, 42.071536873584435, 0.0 ], [ -87.856189494159182, 42.073174088563455, 0.0 ] ] ] ] } },
{ "type": "Feature", "properties": { "precinct_id": "COOK:8300044", "name": "COOK:Northfield Precinct 44" }, "geometry": { "type": "Polygon", "coordinates": [ [ [ -87.821201826599022, 42.077740876936595, 0.0 ], [ -87.819539826222169, 42.072946876200263, 0.0 ], [ -87.830522828717619, 42.073022875652129, 0.0 ], [ -87.830410828633717, 42.076198875708826, 0.0 ], [ -87.833123829881487, 42.076206875901519, 0.0 ], [ -87.833517830176874, 42.075633875516615, 0.0 ], [ -87.83375582998103, 42.075813876168048, 0.0 ], [ -87.834049830810002, 42.076242875729946, 0.0 ], [ -87.833423829936748, 42.076256875670616, 0.0 ], [ -87.833517830315671, 42.076523875157669, 0.0 ], [ -87.834110830405479, 42.076530875921073, 0.0 ], [ -87.834007830719827, 42.07965987552349, 0.0 ], [ -87.834562830529876, 42.079803875829555, 0.0 ], [ -87.834569830808903, 42.080023876139833, 0.0 ], [ -87.83403583033477, 42.079884876643519, 0.0 ], [ -87.834304481318924, 42.080278178304901, 0.0 ], [ -87.829748828854576, 42.080244875843036, 0.0 ], [ -87.829806828650732, 42.077791876118901, 0.0 ], [ -87.821201826599022, 42.077740876936595, 0.0 ] ] ] } },
{ "type": "Feature", "properties": { "precinct_id": "COOK:8300005", "name": "COOK:Northfield Precinct 5" }, "geometry": { "type": "Polygon", "coordinates": [ [ [ -87.842723832030174, 42.074616875013419, 0.0 ], [ -87.844388832949562, 42.074648874474548, 0.0 ], [ -87.844407833186764, 42.073091874736186, 0.0 ], [ -87.854584836108017, 42.07312987374921, 0.0 ], [ -87.855775836056907, 42.072772874440133, 0.0 ], [ -87.857257836686472, 42.074218873964682, 0.0 ], [ -87.854642836191047, 42.07716787485473, 0.0 ], [ -87.852747836470087, 42.079128875834463, 0.0 ], [ -87.852575835452171, 42.079028875153476, 0.0 ], [ -87.849260836006678, 42.082515876073636, 0.0 ], [ -87.849230834663203, 42.080363875368718, 0.0 ], [ -87.846052833718574, 42.080472876073571, 0.0 ], [ -87.845370833837464, 42.080135875626979, 0.0 ], [ -87.844532833729801, 42.080126875999213, 0.0 ], [ -87.842564832496592, 42.079121876003001, 0.0 ], [ -87.842537832828, 42.075870875098552, 0.0 ], [ -87.842723832030174, 42.074616875013419, 0.0 ] ] ] } },
{ "type": "Feature", "properties": { "precinct_id": "COOK:8300025", "name": "COOK:Northfield Precinct 25" }, "geometry": { "type": "Polygon", "coordinates": [ [ [ -87.839555831597082, 42.073074874447386, 0.0 ], [ -87.842476832500196, 42.073079874855807, 0.0 ], [ -87.842644832727387, 42.074842874397447, 0.0 ], [ -87.842564832496592, 42.079121876003001, 0.0 ], [ -87.844532833729801, 42.080126875999213, 0.0 ], [ -87.845370833837464, 42.080135875626979, 0.0 ], [ -87.846052833718574, 42.080472876073571, 0.0 ], [ -87.847789834012602, 42.080347875201724, 0.0 ], [ -87.849251834707687, 42.080448875189425, 0.0 ], [ -87.849260836006678, 42.082515876073636, 0.0 ], [ -87.84148883365566, 42.090609877599015, 0.0 ], [ -87.839565833102057, 42.090634877939181, 0.0 ], [ -87.839249832988926, 42.087553877490009, 0.0 ], [ -87.839433833688986, 42.087554877520716, 0.0 ], [ -87.839555831597082, 42.073074874447386, 0.0 ] ] ] } },
{ "type": "Feature", "properties": { "precinct_id": "COOK:8300010", "name": "COOK:Northfield Precinct 10" }, "geometry": { "type": "Polygon", "coordinates": [ [ [ -87.834304481318924, 42.080278178304901, 0.0 ], [ -87.83403583033477, 42.079884876643519, 0.0 ], [ -87.834569830808903, 42.080023876139833, 0.0 ], [ -87.834562830529876, 42.079803875829555, 0.0 ], [ -87.834007830719827, 42.07965987552349, 0.0 ], [ -87.834110830405479, 42.076530875921073, 0.0 ], [ -87.833517830315671, 42.076523875157669, 0.0 ], [ -87.833423829936748, 42.076256875670616, 0.0 ], [ -87.834049830810002, 42.076242875729946, 0.0 ], [ -87.833517830176874, 42.075633875516615, 0.0 ], [ -87.833181829804971, 42.076198875514272, 0.0 ], [ -87.830410828633717, 42.076198875708826, 0.0 ], [ -87.830522828717619, 42.073022875652129, 0.0 ], [ -87.839555831597082, 42.073074874447386, 0.0 ], [ -87.839433833688986, 42.087554877520716, 0.0 ], [ -87.839249832988926, 42.087553877490009, 0.0 ], [ -87.839565833102057, 42.090634877939181, 0.0 ], [ -87.84148883365566, 42.090609877599015, 0.0 ], [ -87.841269833641078, 42.090839877650232, 0.0 ], [ -87.84109983366676, 42.090735878357968, 0.0 ], [ -87.840181833401388, 42.090920878192463, 0.0 ], [ -87.836959832576568, 42.09090087818452, 0.0 ], [ -87.836965832207596, 42.090239878386669, 0.0 ], [ -87.834859831376605, 42.09022787868097, 0.0 ], [ -87.834951831917934, 42.087516878084635, 0.0 ], [ -87.835756831350281, 42.087526877852, 0.0 ], [ -87.835771831672758, 42.082107876727491, 0.0 ], [ -87.834574830761156, 42.082087876830457, 0.0 ], [ -87.834583830626784, 42.080279877066673, 0.0 ], [ -87.834304481318924, 42.080278178304901, 0.0 ] ] ] } },
{ "type": "Feature", "properties": { "precinct_id": "COOK:8000076", "name": "COOK:Maine Precinct 76" }, "geometry": { "type": "Polygon", "coordinates": [ [ [ -87.815315823361061, 42.062362873965661, 0.0 ], [ -87.813895822101912, 42.058634874489989, 0.0 ], [ -87.81566882239315, 42.058635874536741, 0.0 ], [ -87.815668822465767, 42.055100873224312, 0.0 ], [ -87.819658824276786, 42.055010872366644, 0.0 ], [ -87.819649824222381, 42.057561873554768, 0.0 ], [ -87.818541823829534, 42.057584872852303, 0.0 ], [ -87.818536823701592, 42.058357873656277, 0.0 ], [ -87.818688823639349, 42.058535873522146, 0.0 ], [ -87.820655825036567, 42.058620873513149, 0.0 ], [ -87.820525824875432, 42.06176087377635, 0.0 ], [ -87.817949824146979, 42.061866874526679, 0.0 ], [ -87.816641823106508, 42.062333874120625, 0.0 ], [ -87.815315823361061, 42.062362873965661, 0.0 ] ] ] } },
{ "type": "Feature", "properties": { "precinct_id": "COOK:8200011", "name": "COOK:Niles Precinct 11" }, "geometry": { "type": "Polygon", "coordinates": [ [ [ -87.799773818090785, 42.06552887582346, 0.0 ], [ -87.799540817920828, 42.055223874051833, 0.0 ], [ -87.806050820162099, 42.0552108736264, 0.0 ], [ -87.805891821362948, 42.065593875369764, 0.0 ], [ -87.799773818090785, 42.06552887582346, 0.0 ] ] ] } },
{ "type": "Feature", "properties": { "precinct_id": "COOK:8000074", "name": "COOK:Maine Precinct 74" }, "geometry": { "type": "Polygon", "coordinates": [ [ [ -87.816759823888717, 42.065673875439096, 0.0 ], [ -87.815315823361061, 42.062362873965661, 0.0 ], [ -87.816699823310557, 42.062325873931975, 0.0 ], [ -87.817949824146979, 42.061866874526679, 0.0 ], [ -87.820525824875432, 42.06176087377635, 0.0 ], [ -87.820655825036567, 42.058620873513149, 0.0 ], [ -87.818688823639349, 42.058535873522146, 0.0 ], [ -87.818541823829534, 42.057584872852303, 0.0 ], [ -87.825549825774729, 42.057474872866294, 0.0 ], [ -87.825473827202643, 42.065716873544474, 0.0 ], [ -87.816759823888717, 42.065673875439096, 0.0 ] ] ] } },
{ "type": "Feature", "properties": { "precinct_id": "COOK:8000044", "name": "COOK:Maine Precinct 44" }, "geometry": { "type": "Polygon", "coordinates": [ [ [ -87.816759823888717, 42.065673875439096, 0.0 ], [ -87.805891821362948, 42.065593875369764, 0.0 ], [ -87.805963820346037, 42.060734874440321, 0.0 ], [ -87.814510823594446, 42.060556874181515, 0.0 ], [ -87.816759823888717, 42.065673875439096, 0.0 ] ] ] } },
{ "type": "Feature", "properties": { "precinct_id": "COOK:8300019", "name": "COOK:Northfield Precinct 19" }, "geometry": { "type": "Polygon", "coordinates": [ [ [ -87.794459817681059, 42.072642876874504, 0.0 ], [ -87.791889817079792, 42.071022877060557, 0.0 ], [ -87.790811816799675, 42.070605877218512, 0.0 ], [ -87.791618817418566, 42.069737876611633, 0.0 ], [ -87.79182681689359, 42.069107877628404, 0.0 ], [ -87.791796816178618, 42.065468875993155, 0.0 ], [ -87.800931819141866, 42.065539876123673, 0.0 ], [ -87.804701821548704, 42.072839876251457, 0.0 ], [ -87.795084818461021, 42.072755876822669, 0.0 ], [ -87.794459817681059, 42.072642876874504, 0.0 ] ] ] } },
{ "type": "Feature", "properties": { "precinct_id": "COOK:8300024", "name": "COOK:Northfield Precinct 24" }, "geometry": { "type": "Polygon", "coordinates": [ [ [ -87.804701821548704, 42.072839876251457, 0.0 ], [ -87.800931819141866, 42.065539876123673, 0.0 ], [ -87.810475871508189, 42.06563353543639, 0.0 ], [ -87.810378823282917, 42.072886876546299, 0.0 ], [ -87.804701821548704, 42.072839876251457, 0.0 ] ] ] } },
{ "type": "Feature", "properties": { "precinct_id": "COOK:8300021", "name": "COOK:Northfield Precinct 21" }, "geometry": { "type": "Polygon", "coordinates": [ [ [ -87.829866828623423, 42.073016875565102, 0.0 ], [ -87.810378823282917, 42.072886876546299, 0.0 ], [ -87.810475871508189, 42.06563353543639, 0.0 ], [ -87.829998828773427, 42.065747874003087, 0.0 ], [ -87.829866828623423, 42.073016875565102, 0.0 ] ] ] } },
{ "type": "Feature", "properties": { "precinct_id": "COOK:8300012", "name": "COOK:Northfield Precinct 12" }, "geometry": { "type": "Polygon", "coordinates": [ [ [ -87.808483823625266, 42.08011787737523, 0.0 ], [ -87.780973814112812, 42.079840879083562, 0.0 ], [ -87.781170813379049, 42.07274787800106, 0.0 ], [ -87.788387815879489, 42.072780877280266, 0.0 ], [ -87.789413816898403, 42.072400877682028, 0.0 ], [ -87.794065817444704, 42.072441877688405, 0.0 ], [ -87.795084818461021, 42.072755876822669, 0.0 ], [ -87.804701821548704, 42.072839876251457, 0.0 ], [ -87.808483823625266, 42.08011787737523, 0.0 ] ] ] } },
{ "type": "Feature", "properties": { "precinct_id": "COOK:8300030", "name": "COOK:Northfield Precinct 30" }, "geometry": { "type": "Polygon", "coordinates": [ [ [ -87.812629824054611, 42.080152877781316, 0.0 ], [ -87.808483823625266, 42.08011787737523, 0.0 ], [ -87.804701821548704, 42.072839876251457, 0.0 ], [ -87.819539826222169, 42.072946876200263, 0.0 ], [ -87.821132825951508, 42.077735876562549, 0.0 ], [ -87.819097826691021, 42.077765877449679, 0.0 ], [ -87.817512825425752, 42.078006877038931, 0.0 ], [ -87.81652382419496, 42.078519877004446, 0.0 ], [ -87.81548782566253, 42.079578877941053, 0.0 ], [ -87.814552825299728, 42.079948878145878, 0.0 ], [ -87.812629824054611, 42.080152877781316, 0.0 ] ] ] } },
{ "type": "Feature", "properties": { "precinct_id": "COOK:8300031", "name": "COOK:Northfield Precinct 31" }, "geometry": { "type": "Polygon", "coordinates": [ [ [ -87.785593817421372, 42.092562881301674, 0.0 ], [ -87.785637816561135, 42.090764880462793, 0.0 ], [ -87.786077780878912, 42.090774459221514, 0.0 ], [ -87.786150337750442, 42.090333538646156, 0.0 ], [ -87.785646431098158, 42.090334800859615, 0.0 ], [ -87.78551281669813, 42.087163880170031, 0.0 ], [ -87.785652815835746, 42.084838880275782, 0.0 ], [ -87.785820817193013, 42.08355287999165, 0.0 ], [ -87.787009817563856, 42.083562878847005, 0.0 ], [ -87.787096815718073, 42.079905878775513, 0.0 ], [ -87.800171820279701, 42.080032877947481, 0.0 ], [ -87.79997782115332, 42.085732879508122, 0.0 ], [ -87.800098821707394, 42.087277879399963, 0.0 ], [ -87.800383820913822, 42.087293879307857, 0.0 ], [ -87.798128821370383, 42.087269879032874, 0.0 ], [ -87.798053821411401, 42.088352880088365, 0.0 ], [ -87.790576818661009, 42.088288880072888, 0.0 ], [ -87.790436819042938, 42.094420881629119, 0.0 ], [ -87.789399817981703, 42.094411880838408, 0.0 ], [ -87.789459818611618, 42.093449880379147, 0.0 ], [ -87.788458819049907, 42.093415880750904, 0.0 ], [ -87.788488818424895, 42.091913880536417, 0.0 ], [ -87.786884816986941, 42.091815880551302, 0.0 ], [ -87.786834818456796, 42.092568881768486, 0.0 ], [ -87.785593817421372, 42.092562881301674, 0.0 ] ] ] } },
{ "type": "Feature", "properties": { "precinct_id": "COOK:8300051", "name": "COOK:Northfield Precinct 51" }, "geometry": { "type": "Polygon", "coordinates": [ [ [ -87.815209826386464, 42.096353880216235, 0.0 ], [ -87.816155826713612, 42.096373879609366, 0.0 ], [ -87.819252827770839, 42.095711879441346, 0.0 ], [ -87.821036828589783, 42.094689879932972, 0.0 ], [ -87.822485828790334, 42.093446878481721, 0.0 ], [ -87.823091829286369, 42.093192879760807, 0.0 ], [ -87.824864829487581, 42.092863878321971, 0.0 ], [ -87.821230827838136, 42.086266878690033, 0.0 ], [ -87.821107826949458, 42.084320877014967, 0.0 ], [ -87.819326826839728, 42.081060877286099, 0.0 ], [ -87.818416825581792, 42.080065877622502, 0.0 ], [ -87.816108825369497, 42.078981876514852, 0.0 ], [ -87.81652382419496, 42.078519877004446, 0.0 ], [ -87.817626826088343, 42.07797687687318, 0.0 ], [ -87.819517826276709, 42.077739876864982, 0.0 ], [ -87.829806828650732, 42.077791876118901, 0.0 ], [ -87.829748828854576, 42.080244875843036, 0.0 ], [ -87.834583830626784, 42.080279877066673, 0.0 ], [ -87.834574830761156, 42.082087876830457, 0.0 ], [ -87.835771831672758, 42.082107876727491, 0.0 ], [ -87.835756831350281, 42.087526877852, 0.0 ], [ -87.834951831917934, 42.087516878084635, 0.0 ], [ -87.834859831376605, 42.09022787868097, 0.0 ], [ -87.836965832207596, 42.090239878386669, 0.0 ], [ -87.836959832576568, 42.09090087818452, 0.0 ], [ -87.840181833401388, 42.090920878192463, 0.0 ], [ -87.84109983366676, 42.090735878357968, 0.0 ], [ -87.841269833641078, 42.090839877650232, 0.0 ], [ -87.834155832580109, 42.098334879421365, 0.0 ], [ -87.829523830843584, 42.09837187931933, 0.0 ], [ -87.829563831138557, 42.096672879631022, 0.0 ], [ -87.824422828720714, 42.096569879695188, 0.0 ], [ -87.824441829686663, 42.098574880827549, 0.0 ], [ -87.821876828855423, 42.098574880568364, 0.0 ], [ -87.816389826795671, 42.099254880682501, 0.0 ], [ -87.815209826386464, 42.096353880216235, 0.0 ] ] ] } },
{ "type": "Feature", "properties": { "precinct_id": "COOK:8300057", "name": "COOK:Northfield Precinct 57" }, "geometry": { "type": "Polygon", "coordinates": [ [ [ -87.844370834290999, 42.087584876690421, 0.0 ], [ -87.851597835450363, 42.08005987500465, 0.0 ], [ -87.859064838200624, 42.080048875234652, 0.0 ], [ -87.858750838603797, 42.094623876931465, 0.0 ], [ -87.858876840453206, 42.097691878549746, 0.0 ], [ -87.855152839040727, 42.097697879024409, 0.0 ], [ -87.853148837190417, 42.098544878690483, 0.0 ], [ -87.849123837146308, 42.098757878682484, 0.0 ], [ -87.849175835846808, 42.088455876732702, 0.0 ], [ -87.849340835524401, 42.087659876765258, 0.0 ], [ -87.844370834290999, 42.087584876690421, 0.0 ] ] ] } },
{ "type": "Feature", "properties": { "precinct_id": "COOK:8300048", "name": "COOK:Northfield Precinct 48" }, "geometry": { "type": "Polygon", "coordinates": [ [ [ -87.8375288323506, 42.094770878953788, 0.0 ], [ -87.844370834290999, 42.087584876690421, 0.0 ], [ -87.849340835524401, 42.087659876765258, 0.0 ], [ -87.849175835846808, 42.088455876732702, 0.0 ], [ -87.849099836992806, 42.100280878969905, 0.0 ], [ -87.842882420168692, 42.10015353782525, 0.0 ], [ -87.842723834788615, 42.099024878520524, 0.0 ], [ -87.841607834298358, 42.098866879816924, 0.0 ], [ -87.84104083437775, 42.098602878958779, 0.0 ], [ -87.841261834439607, 42.097794879139748, 0.0 ], [ -87.841671834744389, 42.097331878287221, 0.0 ], [ -87.841211835123829, 42.096638878598611, 0.0 ], [ -87.841229834091465, 42.094811877912527, 0.0 ], [ -87.83961883318679, 42.094854878574338, 0.0 ], [ -87.83855783397054, 42.094611878678471, 0.0 ], [ -87.8375288323506, 42.094770878953788, 0.0 ] ] ] } },
{ "type": "Feature", "properties": { "precinct_id": "COOK:8300041", "name": "COOK:Northfield Precinct 41" }, "geometry": { "type": "Polygon", "coordinates": [ [ [ -87.845366917860829, 42.105696037219261, 0.0 ], [ -87.845404836732712, 42.102094879366305, 0.0 ], [ -87.844193835550243, 42.102088879275982, 0.0 ], [ -87.844181836100148, 42.103439879547395, 0.0 ], [ -87.83928183451691, 42.103445879842511, 0.0 ], [ -87.839299834848049, 42.10193187974933, 0.0 ], [ -87.833134832506516, 42.102013880270697, 0.0 ], [ -87.830864832034194, 42.101736879846996, 0.0 ], [ -87.837490833160317, 42.094811877878335, 0.0 ], [ -87.838789834204675, 42.094623878730623, 0.0 ], [ -87.83961883318679, 42.094854878574338, 0.0 ], [ -87.841229834091465, 42.094811877912527, 0.0 ], [ -87.841211835123829, 42.096638878598611, 0.0 ], [ -87.841671834744389, 42.097331878287221, 0.0 ], [ -87.841261834439607, 42.097794879139748, 0.0 ], [ -87.84104083437775, 42.098602878958779, 0.0 ], [ -87.841607834298358, 42.098866879816924, 0.0 ], [ -87.842723834788615, 42.099024878520524, 0.0 ], [ -87.842882420168692, 42.10015353782525, 0.0 ], [ -87.849099836992806, 42.100280878969905, 0.0 ], [ -87.849033923314437, 42.105718015249899, 0.0 ], [ -87.845366917860829, 42.105696037219261, 0.0 ] ] ] } },
{ "type": "Feature", "properties": { "precinct_id": "COOK:8300013", "name": "COOK:Northfield Precinct 13" }, "geometry": { "type": "MultiPolygon", "coordinates": [ [ [ [ -87.849033923314437, 42.105718015249899, 0.0 ], [ -87.849123837146308, 42.098757878682484, 0.0 ], [ -87.853148837190417, 42.098544878690483, 0.0 ], [ -87.855152839040727, 42.097697879024409, 0.0 ], [ -87.858876840453206, 42.097691878549746, 0.0 ], [ -87.858805839747205, 42.104923879052507, 0.0 ], [ -87.856547840015253, 42.104924879237757, 0.0 ], [ -87.856594183097613, 42.105736, 0.0 ], [ -87.849033923314437, 42.105718015249899, 0.0 ] ] ], [ [ [ -87.857002840258616, 42.105743879736899, 0.0 ], [ -87.857002840110653, 42.106422879481798, 0.0 ], [ -87.856855173171056, 42.106651777690999, 0.0 ], [ -87.856871, 42.106415, 0.0 ], [ -87.857002840258616, 42.105743879736899, 0.0 ] ] ] ] } },
{ "type": "Feature", "properties": { "precinct_id": "COOK:8300053", "name": "COOK:Northfield Precinct 53" }, "geometry": { "type": "Polygon", "coordinates": [ [ [ -87.818717828936428, 42.104967881292353, 0.0 ], [ -87.816389826795671, 42.099254880682501, 0.0 ], [ -87.821876828855423, 42.098574880568364, 0.0 ], [ -87.824441829686663, 42.098574880827549, 0.0 ], [ -87.824422828720714, 42.096569879695188, 0.0 ], [ -87.829563831138557, 42.096672879631022, 0.0 ], [ -87.829523830843584, 42.09837187931933, 0.0 ], [ -87.834155832580109, 42.098334879421365, 0.0 ], [ -87.830864832034194, 42.101736879846996, 0.0 ], [ -87.833134832506516, 42.102013880270697, 0.0 ], [ -87.839299834848049, 42.10193187974933, 0.0 ], [ -87.83928183451691, 42.103445879842511, 0.0 ], [ -87.844181836100148, 42.103439879547395, 0.0 ], [ -87.844193835550243, 42.102088879275982, 0.0 ], [ -87.845404836732712, 42.102094879366305, 0.0 ], [ -87.845366917860829, 42.105696037219261, 0.0 ], [ -87.83436, 42.105639, 0.0 ], [ -87.834337, 42.107505, 0.0 ], [ -87.829381780033643, 42.107501004660385, 0.0 ], [ -87.829384832091819, 42.105612881639651, 0.0 ], [ -87.826940831024842, 42.105600880784607, 0.0 ], [ -87.821534830686474, 42.111127882509109, 0.0 ], [ -87.818717828936428, 42.104967881292353, 0.0 ] ] ] } },
{ "type": "Feature", "properties": { "precinct_id": "COOK:8300043", "name": "COOK:Northfield Precinct 43" }, "geometry": { "type": "MultiPolygon", "coordinates": [ [ [ [ -87.835299294892366, 42.109366098092039, 0.0 ], [ -87.829403831821054, 42.109308881626795, 0.0 ], [ -87.829403978154943, 42.10930106159762, 0.0 ], [ -87.835299294892366, 42.109366098092039, 0.0 ] ] ], [ [ [ -87.856795, 42.107552, 0.0 ], [ -87.857002840258616, 42.105743879736899, 0.0 ], [ -87.856594183097613, 42.105736, 0.0 ], [ -87.856547840015253, 42.104924879237757, 0.0 ], [ -87.858805839747205, 42.104923879052507, 0.0 ], [ -87.85877, 42.107555, 0.0 ], [ -87.856795, 42.107552, 0.0 ] ] ] ] } },
{ "type": "Feature", "properties": { "precinct_id": "COOK:8300007", "name": "COOK:Northfield Precinct 7" }, "geometry": { "type": "Polygon", "coordinates": [ [ [ -87.815209826386464, 42.096353880216235, 0.0 ], [ -87.81441482661603, 42.094440880092137, 0.0 ], [ -87.814921826079882, 42.094495880293124, 0.0 ], [ -87.814984824918795, 42.089713879236051, 0.0 ], [ -87.812780824946643, 42.089694878909135, 0.0 ], [ -87.80888882330693, 42.080123878445356, 0.0 ], [ -87.812629824054611, 42.080152877781316, 0.0 ], [ -87.814420824001374, 42.079972876994816, 0.0 ], [ -87.815352825645363, 42.079664876979685, 0.0 ], [ -87.816108825369497, 42.078981876514852, 0.0 ], [ -87.818416825581792, 42.080065877622502, 0.0 ], [ -87.819326826839728, 42.081060877286099, 0.0 ], [ -87.821107826949458, 42.084320877014967, 0.0 ], [ -87.821230827838136, 42.086266878690033, 0.0 ], [ -87.824864829487581, 42.092863878321971, 0.0 ], [ -87.823091829286369, 42.093192879760807, 0.0 ], [ -87.822485828790334, 42.093446878481721, 0.0 ], [ -87.821036828589783, 42.094689879932972, 0.0 ], [ -87.819252827770839, 42.095711879441346, 0.0 ], [ -87.816155826713612, 42.096373879609366, 0.0 ], [ -87.815209826386464, 42.096353880216235, 0.0 ] ] ] } },
{ "type": "Feature", "properties": { "precinct_id": "COOK:8300052", "name": "COOK:Northfield Precinct 52" }, "geometry": { "type": "Polygon", "coordinates": [ [ [ -87.805109823294757, 42.095861880948725, 0.0 ], [ -87.805139823569164, 42.095032880166357, 0.0 ], [ -87.806113822951346, 42.093956879613373, 0.0 ], [ -87.806408823684833, 42.09333587962675, 0.0 ], [ -87.806474824329555, 42.092369880178147, 0.0 ], [ -87.806164823226041, 42.091123880371448, 0.0 ], [ -87.805914824130681, 42.090678879265276, 0.0 ], [ -87.804870822335275, 42.089636879280285, 0.0 ], [ -87.80467982317478, 42.089692879408716, 0.0 ], [ -87.80240682125617, 42.087311878867538, 0.0 ], [ -87.80155182113613, 42.087297879736887, 0.0 ], [ -87.801556592817121, 42.08692408263461, 0.0 ], [ -87.800776413553578, 42.086924610628351, 0.0 ], [ -87.800773326645682, 42.08729454957475, 0.0 ], [ -87.800098821707394, 42.087277879399963, 0.0 ], [ -87.79997782115332, 42.085732879508122, 0.0 ], [ -87.800171820279701, 42.080032877947481, 0.0 ], [ -87.80888882330693, 42.080123878445356, 0.0 ], [ -87.812627825436962, 42.089307879234305, 0.0 ], [ -87.812301824588957, 42.089322878847234, 0.0 ], [ -87.812531824918054, 42.089887879637679, 0.0 ], [ -87.812308825332806, 42.090058879025747, 0.0 ], [ -87.810055824852341, 42.089929879345476, 0.0 ], [ -87.80686482390027, 42.090144879858329, 0.0 ], [ -87.806936823220283, 42.092084879558747, 0.0 ], [ -87.807251823477671, 42.092525880068862, 0.0 ], [ -87.807825825004386, 42.094488880447457, 0.0 ], [ -87.81015582470836, 42.094527880281973, 0.0 ], [ -87.810086825930895, 42.096047880066372, 0.0 ], [ -87.805109823294757, 42.095861880948725, 0.0 ] ] ] } },
{ "type": "Feature", "properties": { "precinct_id": "COOK:8300056", "name": "COOK:Northfield Precinct 56" }, "geometry": { "type": "Polygon", "coordinates": [ [ [ -87.798318821698246, 42.097023881116961, 0.0 ], [ -87.798087821893176, 42.094491881121257, 0.0 ], [ -87.790436819042938, 42.094420881629119, 0.0 ], [ -87.790576818661009, 42.088288880072888, 0.0 ], [ -87.798053821411401, 42.088352880088365, 0.0 ], [ -87.798128821370383, 42.087269879032874, 0.0 ], [ -87.800773326645682, 42.08729454957475, 0.0 ], [ -87.800776413553578, 42.086924610628351, 0.0 ], [ -87.801556592817121, 42.08692408263461, 0.0 ], [ -87.80155182113613, 42.087297879736887, 0.0 ], [ -87.80240682125617, 42.087311878867538, 0.0 ], [ -87.80467982317478, 42.089692879408716, 0.0 ], [ -87.804870822335275, 42.089636879280285, 0.0 ], [ -87.805914824130681, 42.090678879265276, 0.0 ], [ -87.806474824329555, 42.092369880178147, 0.0 ], [ -87.806408823684833, 42.09333587962675, 0.0 ], [ -87.806113822951346, 42.093956879613373, 0.0 ], [ -87.805139823569164, 42.095032880166357, 0.0 ], [ -87.805104823699807, 42.095921880710669, 0.0 ], [ -87.804679823035642, 42.095939880759765, 0.0 ], [ -87.804646824525364, 42.096591880931484, 0.0 ], [ -87.803931823134803, 42.096657880549834, 0.0 ], [ -87.803921823753427, 42.097202881158502, 0.0 ], [ -87.798318821698246, 42.097023881116961, 0.0 ] ] ] } },
{ "type": "Feature", "properties": { "precinct_id": "COOK:8300042", "name": "COOK:Northfield Precinct 42" }, "geometry": { "type": "Polygon", "coordinates": [ [ [ -87.798999822600365, 42.105383882601551, 0.0 ], [ -87.798318821698246, 42.097023881116961, 0.0 ], [ -87.803921823753427, 42.097202881158502, 0.0 ], [ -87.803931823134803, 42.096657880549834, 0.0 ], [ -87.80466682282669, 42.096578880756631, 0.0 ], [ -87.804754823495728, 42.095914880720457, 0.0 ], [ -87.810086825930895, 42.096047880066372, 0.0 ], [ -87.81015582470836, 42.094527880281973, 0.0 ], [ -87.807825825004386, 42.094488880447457, 0.0 ], [ -87.807251823477671, 42.092525880068862, 0.0 ], [ -87.806936823220283, 42.092084879558747, 0.0 ], [ -87.80686482390027, 42.090144879858329, 0.0 ], [ -87.810055824852341, 42.089929879345476, 0.0 ], [ -87.812308825332806, 42.090058879025747, 0.0 ], [ -87.812531824918054, 42.089887879637679, 0.0 ], [ -87.812366825300373, 42.08931887856771, 0.0 ], [ -87.812627825436962, 42.089307879234305, 0.0 ], [ -87.812780824946643, 42.089694878909135, 0.0 ], [ -87.814984824918795, 42.089713879236051, 0.0 ], [ -87.814921826079882, 42.094495880293124, 0.0 ], [ -87.81441482661603, 42.094440880092137, 0.0 ], [ -87.818954828659699, 42.105553881779585, 0.0 ], [ -87.798999822600365, 42.105383882601551, 0.0 ] ] ] } },
{ "type": "Feature", "properties": { "precinct_id": "COOK:8300023", "name": "COOK:Northfield Precinct 23" }, "geometry": { "type": "Polygon", "coordinates": [ [ [ -87.798999822600365, 42.105383882601551, 0.0 ], [ -87.790248820322418, 42.105294882777081, 0.0 ], [ -87.790358819287206, 42.098979882057201, 0.0 ], [ -87.788734818230168, 42.099101882148474, 0.0 ], [ -87.787147819156303, 42.098856882009947, 0.0 ], [ -87.785626818676491, 42.098834881782686, 0.0 ], [ -87.785084817672058, 42.098007882926851, 0.0 ], [ -87.783064817644146, 42.097992881767652, 0.0 ], [ -87.783029817642998, 42.099809882049975, 0.0 ], [ -87.781807817257658, 42.099799882916813, 0.0 ], [ -87.781817816573806, 42.09802988148374, 0.0 ], [ -87.780621816160334, 42.098007882848115, 0.0 ], [ -87.780699815663468, 42.094331881631824, 0.0 ], [ -87.77552381434316, 42.09426788189193, 0.0 ], [ -87.775952814813223, 42.092230882012245, 0.0 ], [ -87.776040813663556, 42.090673881398054, 0.0 ], [ -87.778257815941288, 42.090696881529837, 0.0 ], [ -87.777980815362142, 42.093325881647807, 0.0 ], [ -87.779540816098276, 42.093325882338874, 0.0 ], [ -87.779527816108896, 42.093054882064578, 0.0 ], [ -87.780712816482236, 42.093042881146751, 0.0 ], [ -87.780715816581889, 42.092833881376016, 0.0 ], [ -87.785590817303728, 42.092748880999672, 0.0 ], [ -87.785593817421372, 42.092562881301674, 0.0 ], [ -87.786834818456796, 42.092568881768486, 0.0 ], [ -87.786884816986941, 42.091815880551302, 0.0 ], [ -87.788488818424895, 42.091913880536417, 0.0 ], [ -87.788458819049907, 42.093415880750904, 0.0 ], [ -87.789459818611618, 42.093449880379147, 0.0 ], [ -87.789399817981703, 42.094411880838408, 0.0 ], [ -87.798087821893176, 42.094491881121257, 0.0 ], [ -87.798999822600365, 42.105383882601551, 0.0 ] ] ] } },
{ "type": "Feature", "properties": { "precinct_id": "COOK:8300020", "name": "COOK:Northfield Precinct 20" }, "geometry": { "type": "Polygon", "coordinates": [ [ [ -87.840321, 42.11654, 0.0 ], [ -87.807083, 42.116418, 0.0 ], [ -87.804275681536737, 42.113527720667697, 0.0 ], [ -87.800156823259684, 42.108440883727653, 0.0 ], [ -87.799170822534506, 42.106918883532465, 0.0 ], [ -87.798999822600365, 42.105383882601551, 0.0 ], [ -87.818954828659699, 42.105553881779585, 0.0 ], [ -87.821534830686474, 42.111127882509109, 0.0 ], [ -87.826940831024842, 42.105600880784607, 0.0 ], [ -87.829384832091819, 42.105612881639651, 0.0 ], [ -87.829403831821054, 42.109308881626795, 0.0 ], [ -87.838633, 42.109453, 0.0 ], [ -87.840402, 42.109645, 0.0 ], [ -87.840321, 42.11654, 0.0 ] ] ] } },
{ "type": "Feature", "properties": { "precinct_id": "COOK:8300008", "name": "COOK:Northfield Precinct 8" }, "geometry": { "type": "MultiPolygon", "coordinates": [ [ [ [ -87.793662823564517, 42.123440885388078, 0.0 ], [ -87.79143, 42.123224, 0.0 ], [ -87.782628, 42.12354, 0.0 ], [ -87.770280133730893, 42.123354912375262, 0.0 ], [ -87.770714814045832, 42.108639884214945, 0.0 ], [ -87.772987815748181, 42.108725884948413, 0.0 ], [ -87.773288815492776, 42.109119884923913, 0.0 ], [ -87.775521816546231, 42.112670885311289, 0.0 ], [ -87.77558581733355, 42.116080885998024, 0.0 ], [ -87.780086818930243, 42.116162885673255, 0.0 ], [ -87.782257819880755, 42.119605885602432, 0.0 ], [ -87.782710819420203, 42.119258885579576, 0.0 ], [ -87.782712819077219, 42.118915885729429, 0.0 ], [ -87.783779819609734, 42.118287885776851, 0.0 ], [ -87.78511082044578, 42.119575886314394, 0.0 ], [ -87.785012819863738, 42.117372886221041, 0.0 ], [ -87.783754819422612, 42.116141885563884, 0.0 ], [ -87.785219819460877, 42.116123885061327, 0.0 ], [ -87.785180820412592, 42.11376488492003, 0.0 ], [ -87.783420819302947, 42.11380088492519, 0.0 ], [ -87.783372818377586, 42.112514884893102, 0.0 ], [ -87.785230819029394, 42.112526884544806, 0.0 ], [ -87.785241819819305, 42.110778884110104, 0.0 ], [ -87.788403819779262, 42.11078188417423, 0.0 ], [ -87.788377820146323, 42.111291883937376, 0.0 ], [ -87.789810820404071, 42.111317884101396, 0.0 ], [ -87.790150821330499, 42.111283884209499, 0.0 ], [ -87.790154821387063, 42.110790883935195, 0.0 ], [ -87.790815821465259, 42.110764883335612, 0.0 ], [ -87.79080482095209, 42.110025883119604, 0.0 ], [ -87.790163820941416, 42.110052884050617, 0.0 ], [ -87.790200820098775, 42.10647988271117, 0.0 ], [ -87.791445820660385, 42.106391883744735, 0.0 ], [ -87.7928918208125, 42.106517883257986, 0.0 ], [ -87.792836821380376, 42.105330882729561, 0.0 ], [ -87.798999822600365, 42.105383882601551, 0.0 ], [ -87.799170822534506, 42.106918883532465, 0.0 ], [ -87.799465823505429, 42.107481883098067, 0.0 ], [ -87.804275681536737, 42.113527720667697, 0.0 ], [ -87.802211, 42.1182, 0.0 ], [ -87.797575, 42.119062, 0.0 ], [ -87.797652, 42.1235, 0.0 ], [ -87.793662823564517, 42.123440885388078, 0.0 ] ] ], [ [ [ -87.807124089265571, 42.116418008466773, 0.0 ], [ -87.813760828464339, 42.116394884202627, 0.0 ], [ -87.815971920357185, 42.116419831634104, 0.0 ], [ -87.807124089265571, 42.116418008466773, 0.0 ] ] ] ] } },
{ "type": "Feature", "properties": { "precinct_id": "COOK:8300035", "name": "COOK:Northfield Precinct 35" }, "geometry": { "type": "Polygon", "coordinates": [ [ [ -87.7708638137712, 42.093955882078681, 0.0 ], [ -87.771384812274064, 42.087627881298786, 0.0 ], [ -87.771067812190637, 42.08692888107489, 0.0 ], [ -87.771251812525151, 42.079710879981405, 0.0 ], [ -87.787096815718073, 42.079905878775513, 0.0 ], [ -87.787009817563856, 42.083562878847005, 0.0 ], [ -87.785820817193013, 42.08355287999165, 0.0 ], [ -87.785652815835746, 42.084838880275782, 0.0 ], [ -87.78551281669813, 42.087163880170031, 0.0 ], [ -87.785646431098158, 42.090334800859615, 0.0 ], [ -87.786150337750442, 42.090333538646156, 0.0 ], [ -87.786077780878912, 42.090774459221514, 0.0 ], [ -87.785637816561135, 42.090764880462793, 0.0 ], [ -87.785590817303728, 42.092748880999672, 0.0 ], [ -87.780715816581889, 42.092833881376016, 0.0 ], [ -87.780712816482236, 42.093042881146751, 0.0 ], [ -87.779527816108896, 42.093054882064578, 0.0 ], [ -87.779540816098276, 42.093325882338874, 0.0 ], [ -87.777980815362142, 42.093325881647807, 0.0 ], [ -87.778257815941288, 42.090696881529837, 0.0 ], [ -87.776040813663556, 42.090673881398054, 0.0 ], [ -87.775952814813223, 42.092230882012245, 0.0 ], [ -87.77552381434316, 42.09426788189193, 0.0 ], [ -87.77067381391474, 42.094142882219167, 0.0 ], [ -87.7708638137712, 42.093955882078681, 0.0 ] ] ] } },
{ "type": "Feature", "properties": { "precinct_id": "COOK:8300037", "name": "COOK:Northfield Precinct 37" }, "geometry": { "type": "Polygon", "coordinates": [ [ [ -87.770785813909484, 42.101464883363946, 0.0 ], [ -87.77067381391474, 42.094142882219167, 0.0 ], [ -87.780699815663468, 42.094331881631824, 0.0 ], [ -87.780621816160334, 42.098007882848115, 0.0 ], [ -87.781817816573806, 42.09802988148374, 0.0 ], [ -87.781807817257658, 42.099799882916813, 0.0 ], [ -87.783029817642998, 42.099809882049975, 0.0 ], [ -87.783064817644146, 42.097992881767652, 0.0 ], [ -87.785084817672058, 42.098007882926851, 0.0 ], [ -87.785626818676491, 42.098834881782686, 0.0 ], [ -87.787147819156303, 42.098856882009947, 0.0 ], [ -87.788734818230168, 42.099101882148474, 0.0 ], [ -87.790358819287206, 42.098979882057201, 0.0 ], [ -87.790248820322418, 42.105294882777081, 0.0 ], [ -87.775691815529029, 42.105178884155237, 0.0 ], [ -87.772948814488757, 42.102611884016476, 0.0 ], [ -87.77249181467225, 42.101528883026916, 0.0 ], [ -87.770785813909484, 42.101464883363946, 0.0 ] ] ] } },
{ "type": "Feature", "properties": { "precinct_id": "COOK:8300009", "name": "COOK:Northfield Precinct 9" }, "geometry": { "type": "Polygon", "coordinates": [ [ [ -87.770714814045832, 42.108639884214945, 0.0 ], [ -87.770785813909484, 42.101464883363946, 0.0 ], [ -87.77249181467225, 42.101528883026916, 0.0 ], [ -87.772948814488757, 42.102611884016476, 0.0 ], [ -87.775805815291179, 42.105198883852047, 0.0 ], [ -87.792836821380376, 42.105330882729561, 0.0 ], [ -87.7928918208125, 42.106517883257986, 0.0 ], [ -87.791445820660385, 42.106391883744735, 0.0 ], [ -87.790200820098775, 42.10647988271117, 0.0 ], [ -87.790163820941416, 42.110052884050617, 0.0 ], [ -87.79080482095209, 42.110025883119604, 0.0 ], [ -87.790815821465259, 42.110764883335612, 0.0 ], [ -87.790154821387063, 42.110790883935195, 0.0 ], [ -87.790150821330499, 42.111283884209499, 0.0 ], [ -87.788377820146323, 42.111291883937376, 0.0 ], [ -87.788403819779262, 42.11078188417423, 0.0 ], [ -87.785241819819305, 42.110778884110104, 0.0 ], [ -87.785230819029394, 42.112526884544806, 0.0 ], [ -87.783372818377586, 42.112514884893102, 0.0 ], [ -87.783420819302947, 42.11380088492519, 0.0 ], [ -87.785180820412592, 42.11376488492003, 0.0 ], [ -87.785219819460877, 42.116123885061327, 0.0 ], [ -87.783754819422612, 42.116141885563884, 0.0 ], [ -87.785012819863738, 42.117372886221041, 0.0 ], [ -87.78511082044578, 42.119575886314394, 0.0 ], [ -87.783779819609734, 42.118287885776851, 0.0 ], [ -87.782712819077219, 42.118915885729429, 0.0 ], [ -87.782710819420203, 42.119258885579576, 0.0 ], [ -87.782257819880755, 42.119605885602432, 0.0 ], [ -87.780086818930243, 42.116162885673255, 0.0 ], [ -87.77558581733355, 42.116080885998024, 0.0 ], [ -87.775521816546231, 42.112670885311289, 0.0 ], [ -87.772987815748181, 42.108725884948413, 0.0 ], [ -87.770714814045832, 42.108639884214945, 0.0 ] ] ] } },
{ "type": "Feature", "properties": { "precinct_id": "LAKE:VERNON 285", "name": "LAKE:Vernon 285" }, "geometry": { "type": "Polygon", "coordinates": [ [ [ -87.965474879729626, 42.182683887167578, 0.0 ], [ -87.965311878624689, 42.176305886792541, 0.0 ], [ -87.969143879624369, 42.176239886724943, 0.0 ], [ -87.969174878688165, 42.171790885982958, 0.0 ], [ -87.973390879827363, 42.171731885143451, 0.0 ], [ -87.973776881413386, 42.172883884889366, 0.0 ], [ -87.974454881280792, 42.173543886198459, 0.0 ], [ -87.974547881167211, 42.173866885560734, 0.0 ], [ -87.974453881455887, 42.175128885678063, 0.0 ], [ -87.973586881442571, 42.175918886019119, 0.0 ], [ -87.973452880649944, 42.176256886708586, 0.0 ], [ -87.973413882088536, 42.179046885858192, 0.0 ], [ -87.975025881916423, 42.179044886105238, 0.0 ], [ -87.975010882746133, 42.18132388644328, 0.0 ], [ -87.976043882440806, 42.18132788647064, 0.0 ], [ -87.976052882661634, 42.182704886690516, 0.0 ], [ -87.965474879729626, 42.182683887167578, 0.0 ] ] ] } },
{ "type": "Feature", "properties": { "precinct_id": "LAKE:VERNON 275", "name": "LAKE:Vernon 275" }, "geometry": { "type": "Polygon", "coordinates": [ [ [ -87.974454883077428, 42.190533888385559, 0.0 ], [ -87.972341882934117, 42.189068887877163, 0.0 ], [ -87.972322881769259, 42.188307887583363, 0.0 ], [ -87.975656883724824, 42.190547888104867, 0.0 ], [ -87.978060884121277, 42.190562888180992, 0.0 ], [ -87.978084883512409, 42.187699887732357, 0.0 ], [ -87.97737788333265, 42.187693887963057, 0.0 ], [ -87.97737888315757, 42.186151887769569, 0.0 ], [ -87.976102881992006, 42.184725887227771, 0.0 ], [ -87.976448883395051, 42.184729887705615, 0.0 ], [ -87.974959882692488, 42.183286886954541, 0.0 ], [ -87.97496888201502, 42.182703886871863, 0.0 ], [ -87.976052882661634, 42.182704886690516, 0.0 ], [ -87.976043882440806, 42.18132788647064, 0.0 ], [ -87.975010882746133, 42.18132388644328, 0.0 ], [ -87.975025881916423, 42.179044886105238, 0.0 ], [ -87.984763884599275, 42.179076885473613, 0.0 ], [ -87.984794884561424, 42.175452884867774, 0.0 ], [ -87.989121986807803, 42.17545588466762, 0.0 ], [ -87.989678, 42.176335, 0.0 ], [ -87.989657885605922, 42.182728886326906, 0.0 ], [ -88.004545887755654, 42.182800837296433, 0.0 ], [ -88.004338245607158, 42.197266934901947, 0.0 ], [ -87.973290976493217, 42.197199005905624, 0.0 ], [ -87.973369882605922, 42.190547888770396, 0.0 ], [ -87.974454883077428, 42.190533888385559, 0.0 ] ] ] } },
{ "type": "Feature", "properties": { "precinct_id": "LAKE:VERNON 276", "name": "LAKE:Vernon 276" }, "geometry": { "type": "Polygon", "coordinates": [ [ [ -87.96798, 42.197083, 0.0 ], [ -87.965380064368034, 42.196123819766846, 0.0 ], [ -87.966016881849555, 42.195731890001525, 0.0 ], [ -87.966156880693319, 42.195356889079804, 0.0 ], [ -87.965126880473392, 42.194298889825447, 0.0 ], [ -87.965137881242356, 42.192184889433456, 0.0 ], [ -87.964854520247741, 42.192148203936163, 0.0 ], [ -87.964591878924466, 42.189996888919438, 0.0 ], [ -87.965155880785716, 42.189996888919438, 0.0 ], [ -87.96532487994179, 42.182682887348641, 0.0 ], [ -87.97496888201502, 42.182703886871863, 0.0 ], [ -87.974959882692488, 42.183286886954541, 0.0 ], [ -87.976448883395051, 42.184729887705615, 0.0 ], [ -87.976102881992006, 42.184725887227771, 0.0 ], [ -87.97737888315757, 42.186151887769569, 0.0 ], [ -87.97737788333265, 42.187693887963057, 0.0 ], [ -87.978084883512409, 42.187699887732357, 0.0 ], [ -87.978060884121277, 42.190562888180992, 0.0 ], [ -87.975656883724824, 42.190547888104867, 0.0 ], [ -87.972322881769259, 42.188307887583363, 0.0 ], [ -87.972341882934117, 42.189068887877163, 0.0 ], [ -87.974454883077428, 42.190533888385559, 0.0 ], [ -87.973369882605922, 42.190547888770396, 0.0 ], [ -87.973290976493217, 42.197199005905624, 0.0 ], [ -87.96798, 42.197083, 0.0 ] ] ] } },
{ "type": "Feature", "properties": { "precinct_id": "LAKE:VERNON 270", "name": "LAKE:Vernon 270" }, "geometry": { "type": "Polygon", "coordinates": [ [ [ -87.994091894147616, 42.215461298457967, 0.0 ], [ -87.993969890597853, 42.212780890913422, 0.0 ], [ -87.993507890640515, 42.211654890902729, 0.0 ], [ -87.989849, 42.206282, 0.0 ], [ -87.986512, 42.206246, 0.0 ], [ -87.985202886787064, 42.204260890259953, 0.0 ], [ -87.984448886751665, 42.203847890357018, 0.0 ], [ -87.983387886569574, 42.203764890524447, 0.0 ], [ -87.979655999302807, 42.204089949234927, 0.0 ], [ -87.979754884863254, 42.197211888973285, 0.0 ], [ -88.004338245607158, 42.197266934901947, 0.0 ], [ -88.004266602399952, 42.215377242449485, 0.0 ], [ -87.999809, 42.215623, 0.0 ], [ -87.99498, 42.216561, 0.0 ], [ -87.994091894147616, 42.215461298457967, 0.0 ] ] ] } }
]
}
